is_connected,ping,score,armor,health,life_state,team_num,has_defuser,has_helmet,team_name,is_alive,tick,steamid,name
8,23,27,0,0.0,2.0,2.0,False,False,TERRORIST,False,144803,76561199256543526,Wybaczam.oficjalnie skins.army
8,35,59,0,0.0,2.0,2.0,False,False,TERRORIST,False,144803,76561199826895670,RME | Пацан
0,41,48,0,0.0,2.0,3.0,False,False,CT,False,144803,76561198002613044,frees.tyler
0,39,45,0,0.0,2.0,3.0,False,False,CT,False,144803,76561198274174345,zig
8,24,62,0,0.0,2.0,2.0,False,False,TERRORIST,False,144803,76561199433997570,Simple Dimple skins.army
8,29,17,0,,,,,,,False,144803,76561199557907229,shawty#)$@
0,39,25,0,0.0,2.0,3.0,False,False,CT,False,144803,76561198049602148,Moon
8,31,39,0,0.0,1.0,2.0,False,False,TERRORIST,False,144803,76561199068251294,prosto bo$$
0,43,40,0,0.0,1.0,3.0,False,False,CT,False,144803,76561198171814417,Faat
8,36,32,0,0.0,2.0,3.0,False,False,CT,False,144803,76561199052717313,Worfy
8,23,27,0,0.0,2.0,2.0,False,False,TERRORIST,False,144804,76561199256543526,Wybaczam.oficjalnie skins.army
8,35,59,0,0.0,2.0,2.0,False,False,TERRORIST,False,144804,76561199826895670,RME | Пацан
0,41,48,0,0.0,2.0,3.0,False,False,CT,False,144804,76561198002613044,frees.tyler
0,39,45,0,0.0,2.0,3.0,False,False,CT,False,144804,76561198274174345,zig
8,24,62,0,0.0,2.0,2.0,False,False,TERRORIST,False,144804,76561199433997570,Simple Dimple skins.army
8,29,17,0,,,,,,,False,144804,76561199557907229,shawty#)$@
0,39,25,0,0.0,2.0,3.0,False,False,CT,False,144804,76561198049602148,Moon
8,31,39,0,0.0,1.0,2.0,False,False,TERRORIST,False,144804,76561199068251294,prosto bo$$
0,43,40,0,0.0,1.0,3.0,False,False,CT,False,144804,76561198171814417,Faat
8,36,32,0,0.0,2.0,3.0,False,False,CT,False,144804,76561199052717313,Worfy
8,23,27,0,0.0,2.0,2.0,False,False,TERRORIST,False,144805,76561199256543526,Wybaczam.oficjalnie skins.army
8,35,59,0,0.0,2.0,2.0,False,False,TERRORIST,False,144805,76561199826895670,RME | Пацан
0,41,48,0,0.0,2.0,3.0,False,False,CT,False,144805,76561198002613044,frees.tyler
0,39,45,0,0.0,2.0,3.0,False,False,CT,False,144805,76561198274174345,zig
8,24,62,0,0.0,2.0,2.0,False,False,TERRORIST,False,144805,76561199433997570,Simple Dimple skins.army
8,29,17,0,,,,,,,False,144805,76561199557907229,shawty#)$@
0,39,25,0,0.0,2.0,3.0,False,False,CT,False,144805,76561198049602148,Moon
8,31,39,0,0.0,1.0,2.0,False,False,TERRORIST,False,144805,76561199068251294,prosto bo$$
0,43,40,0,0.0,1.0,3.0,False,False,CT,False,144805,76561198171814417,Faat
8,36,32,0,0.0,2.0,3.0,False,False,CT,False,144805,76561199052717313,Worfy
8,23,27,0,0.0,2.0,2.0,False,False,TERRORIST,False,144806,76561199256543526,Wybaczam.oficjalnie skins.army
8,35,59,0,0.0,2.0,2.0,False,False,TERRORIST,False,144806,76561199826895670,RME | Пацан
0,41,48,0,0.0,2.0,3.0,False,False,CT,False,144806,76561198002613044,frees.tyler
0,39,45,0,0.0,2.0,3.0,False,False,CT,False,144806,76561198274174345,zig
8,24,62,0,0.0,2.0,2.0,False,False,TERRORIST,False,144806,76561199433997570,Simple Dimple skins.army
8,29,17,0,,,,,,,False,144806,76561199557907229,shawty#)$@
0,39,25,0,0.0,2.0,3.0,False,False,CT,False,144806,76561198049602148,Moon
8,31,39,0,0.0,1.0,2.0,False,False,TERRORIST,False,144806,76561199068251294,prosto bo$$
0,43,40,0,0.0,1.0,3.0,False,False,CT,False,144806,76561198171814417,Faat
8,36,32,0,0.0,2.0,3.0,False,False,CT,False,144806,76561199052717313,Worfy
8,23,27,0,0.0,2.0,2.0,False,False,TERRORIST,False,144807,76561199256543526,Wybaczam.oficjalnie skins.army
8,35,59,0,0.0,2.0,2.0,False,False,TERRORIST,False,144807,76561199826895670,RME | Пацан
0,41,48,0,0.0,2.0,3.0,False,False,CT,False,144807,76561198002613044,frees.tyler
0,39,45,0,0.0,2.0,3.0,False,False,CT,False,144807,76561198274174345,zig
8,24,62,0,0.0,2.0,2.0,False,False,TERRORIST,False,144807,76561199433997570,Simple Dimple skins.army
8,29,17,0,,,,,,,False,144807,76561199557907229,shawty#)$@
0,39,25,0,0.0,2.0,3.0,False,False,CT,False,144807,76561198049602148,Moon
8,31,39,0,0.0,1.0,2.0,False,False,TERRORIST,False,144807,76561199068251294,prosto bo$$
0,43,40,0,0.0,1.0,3.0,False,False,CT,False,144807,76561198171814417,Faat
8,36,32,0,0.0,2.0,3.0,False,False,CT,False,144807,76561199052717313,Worfy
8,23,27,0,0.0,2.0,2.0,False,False,TERRORIST,False,144808,76561199256543526,Wybaczam.oficjalnie skins.army
8,35,59,0,0.0,2.0,2.0,False,False,TERRORIST,False,144808,76561199826895670,RME | Пацан
0,41,48,0,0.0,2.0,3.0,False,False,CT,False,144808,76561198002613044,frees.tyler
0,39,45,0,0.0,2.0,3.0,False,False,CT,False,144808,76561198274174345,zig
8,24,62,0,0.0,2.0,2.0,False,False,TERRORIST,False,144808,76561199433997570,Simple Dimple skins.army
8,29,17,0,,,,,,,False,144808,76561199557907229,shawty#)$@
0,39,25,0,0.0,2.0,3.0,False,False,CT,False,144808,76561198049602148,Moon
8,31,39,0,0.0,1.0,2.0,False,False,TERRORIST,False,144808,76561199068251294,prosto bo$$
0,43,40,0,0.0,1.0,3.0,False,False,CT,False,144808,76561198171814417,Faat
8,36,32,0,0.0,2.0,3.0,False,False,CT,False,144808,76561199052717313,Worfy
8,23,27,0,0.0,2.0,2.0,False,False,TERRORIST,False,144809,76561199256543526,Wybaczam.oficjalnie skins.army
8,35,59,0,0.0,2.0,2.0,False,False,TERRORIST,False,144809,76561199826895670,RME | Пацан
0,41,48,0,0.0,2.0,3.0,False,False,CT,False,144809,76561198002613044,frees.tyler
0,39,45,0,0.0,2.0,3.0,False,False,CT,False,144809,76561198274174345,zig
8,24,62,0,0.0,2.0,2.0,False,False,TERRORIST,False,144809,76561199433997570,Simple Dimple skins.army
8,29,17,0,,,,,,,False,144809,76561199557907229,shawty#)$@
0,39,25,0,0.0,2.0,3.0,False,False,CT,False,144809,76561198049602148,Moon
8,31,39,0,0.0,1.0,2.0,False,False,TERRORIST,False,144809,76561199068251294,prosto bo$$
0,43,40,0,0.0,1.0,3.0,False,False,CT,False,144809,76561198171814417,Faat
8,36,32,0,0.0,2.0,3.0,False,False,CT,False,144809,76561199052717313,Worfy
8,23,27,0,0.0,2.0,2.0,False,False,TERRORIST,False,144810,76561199256543526,Wybaczam.oficjalnie skins.army
8,35,59,0,0.0,2.0,2.0,False,False,TERRORIST,False,144810,76561199826895670,RME | Пацан
0,41,48,0,0.0,2.0,3.0,False,False,CT,False,144810,76561198002613044,frees.tyler
0,39,45,0,0.0,2.0,3.0,False,False,CT,False,144810,76561198274174345,zig
8,24,62,0,0.0,2.0,2.0,False,False,TERRORIST,False,144810,76561199433997570,Simple Dimple skins.army
8,29,17,0,,,,,,,False,144810,76561199557907229,shawty#)$@
0,39,25,0,0.0,2.0,3.0,False,False,CT,False,144810,76561198049602148,Moon
8,31,39,0,0.0,1.0,2.0,False,False,TERRORIST,False,144810,76561199068251294,prosto bo$$
0,43,40,0,0.0,1.0,3.0,False,False,CT,False,144810,76561198171814417,Faat
8,36,32,0,0.0,2.0,3.0,False,False,CT,False,144810,76561199052717313,Worfy
8,23,27,0,0.0,2.0,2.0,False,False,TERRORIST,False,144811,76561199256543526,Wybaczam.oficjalnie skins.army
8,35,59,0,0.0,2.0,2.0,False,False,TERRORIST,False,144811,76561199826895670,RME | Пацан
0,41,48,0,0.0,2.0,3.0,False,False,CT,False,144811,76561198002613044,frees.tyler
0,39,45,0,0.0,2.0,3.0,False,False,CT,False,144811,76561198274174345,zig
8,24,62,0,0.0,2.0,2.0,False,False,TERRORIST,False,144811,76561199433997570,Simple Dimple skins.army
8,29,17,0,,,,,,,False,144811,76561199557907229,shawty#)$@
0,39,25,0,0.0,2.0,3.0,False,False,CT,False,144811,76561198049602148,Moon
8,31,39,0,0.0,1.0,2.0,False,False,TERRORIST,False,144811,76561199068251294,prosto bo$$
0,43,40,0,0.0,1.0,3.0,False,False,CT,False,144811,76561198171814417,Faat
8,36,32,0,0.0,2.0,3.0,False,False,CT,False,144811,76561199052717313,Worfy
8,23,27,0,0.0,2.0,2.0,False,False,TERRORIST,False,144812,76561199256543526,Wybaczam.oficjalnie skins.army
8,35,59,0,0.0,2.0,2.0,False,False,TERRORIST,False,144812,76561199826895670,RME | Пацан
0,41,48,0,0.0,2.0,3.0,False,False,CT,False,144812,76561198002613044,frees.tyler
0,39,45,0,0.0,2.0,3.0,False,False,CT,False,144812,76561198274174345,zig
8,24,62,0,0.0,2.0,2.0,False,False,TERRORIST,False,144812,76561199433997570,Simple Dimple skins.army
8,29,17,0,,,,,,,False,144812,76561199557907229,shawty#)$@
0,39,25,0,0.0,2.0,3.0,False,False,CT,False,144812,76561198049602148,Moon
8,31,39,0,0.0,1.0,2.0,False,False,TERRORIST,False,144812,76561199068251294,prosto bo$$
0,43,40,0,0.0,1.0,3.0,False,False,CT,False,144812,76561198171814417,Faat
8,36,32,0,0.0,2.0,3.0,False,False,CT,False,144812,76561199052717313,Worfy
8,23,27,0,0.0,2.0,2.0,False,False,TERRORIST,False,144813,76561199256543526,Wybaczam.oficjalnie skins.army
8,35,59,0,0.0,2.0,2.0,False,False,TERRORIST,False,144813,76561199826895670,RME | Пацан
0,41,48,0,0.0,2.0,3.0,False,False,CT,False,144813,76561198002613044,frees.tyler
0,39,45,0,0.0,2.0,3.0,False,False,CT,False,144813,76561198274174345,zig
8,24,62,0,0.0,2.0,2.0,False,False,TERRORIST,False,144813,76561199433997570,Simple Dimple skins.army
8,29,17,0,,,,,,,False,144813,76561199557907229,shawty#)$@
0,39,25,0,0.0,2.0,3.0,False,False,CT,False,144813,76561198049602148,Moon
8,31,39,0,0.0,1.0,2.0,False,False,TERRORIST,False,144813,76561199068251294,prosto bo$$
0,43,40,0,0.0,1.0,3.0,False,False,CT,False,144813,76561198171814417,Faat
8,36,32,0,0.0,2.0,3.0,False,False,CT,False,144813,76561199052717313,Worfy
8,23,27,0,0.0,2.0,2.0,False,False,TERRORIST,False,144814,76561199256543526,Wybaczam.oficjalnie skins.army
8,35,59,0,0.0,2.0,2.0,False,False,TERRORIST,False,144814,76561199826895670,RME | Пацан
0,41,48,0,0.0,2.0,3.0,False,False,CT,False,144814,76561198002613044,frees.tyler
0,39,45,0,0.0,2.0,3.0,False,False,CT,False,144814,76561198274174345,zig
8,24,62,0,0.0,2.0,2.0,False,False,TERRORIST,False,144814,76561199433997570,Simple Dimple skins.army
8,29,17,0,,,,,,,False,144814,76561199557907229,shawty#)$@
0,39,25,0,0.0,2.0,3.0,False,False,CT,False,144814,76561198049602148,Moon
8,31,39,0,0.0,1.0,2.0,False,False,TERRORIST,False,144814,76561199068251294,prosto bo$$
0,43,40,0,0.0,1.0,3.0,False,False,CT,False,144814,76561198171814417,Faat
8,36,32,0,0.0,2.0,3.0,False,False,CT,False,144814,76561199052717313,Worfy
8,23,27,0,0.0,2.0,2.0,False,False,TERRORIST,False,144815,76561199256543526,Wybaczam.oficjalnie skins.army
8,35,59,0,0.0,2.0,2.0,False,False,TERRORIST,False,144815,76561199826895670,RME | Пацан
0,41,48,0,0.0,2.0,3.0,False,False,CT,False,144815,76561198002613044,frees.tyler
0,39,45,0,0.0,2.0,3.0,False,False,CT,False,144815,76561198274174345,zig
8,24,62,0,0.0,2.0,2.0,False,False,TERRORIST,False,144815,76561199433997570,Simple Dimple skins.army
8,29,17,0,,,,,,,False,144815,76561199557907229,shawty#)$@
0,39,25,0,0.0,2.0,3.0,False,False,CT,False,144815,76561198049602148,Moon
8,31,39,0,0.0,1.0,2.0,False,False,TERRORIST,False,144815,76561199068251294,prosto bo$$
0,43,40,0,0.0,1.0,3.0,False,False,CT,False,144815,76561198171814417,Faat
8,36,32,0,0.0,2.0,3.0,False,False,CT,False,144815,76561199052717313,Worfy
8,23,27,0,0.0,2.0,2.0,False,False,TERRORIST,False,144816,76561199256543526,Wybaczam.oficjalnie skins.army
8,35,59,0,0.0,2.0,2.0,False,False,TERRORIST,False,144816,76561199826895670,RME | Пацан
0,41,48,0,0.0,2.0,3.0,False,False,CT,False,144816,76561198002613044,frees.tyler
0,39,45,0,0.0,2.0,3.0,False,False,CT,False,144816,76561198274174345,zig
8,24,62,0,0.0,2.0,2.0,False,False,TERRORIST,False,144816,76561199433997570,Simple Dimple skins.army
8,29,17,0,,,,,,,False,144816,76561199557907229,shawty#)$@
0,39,25,0,0.0,2.0,3.0,False,False,CT,False,144816,76561198049602148,Moon
8,31,39,0,0.0,1.0,2.0,False,False,TERRORIST,False,144816,76561199068251294,prosto bo$$
0,43,40,0,0.0,1.0,3.0,False,False,CT,False,144816,76561198171814417,Faat
8,36,32,0,0.0,2.0,3.0,False,False,CT,False,144816,76561199052717313,Worfy
8,23,27,0,0.0,2.0,2.0,False,False,TERRORIST,False,144817,76561199256543526,Wybaczam.oficjalnie skins.army
8,35,59,0,0.0,2.0,2.0,False,False,TERRORIST,False,144817,76561199826895670,RME | Пацан
0,41,48,0,0.0,2.0,3.0,False,False,CT,False,144817,76561198002613044,frees.tyler
0,39,45,0,0.0,2.0,3.0,False,False,CT,False,144817,76561198274174345,zig
8,24,62,0,0.0,2.0,2.0,False,False,TERRORIST,False,144817,76561199433997570,Simple Dimple skins.army
8,29,17,0,,,,,,,False,144817,76561199557907229,shawty#)$@
0,39,25,0,0.0,2.0,3.0,False,False,CT,False,144817,76561198049602148,Moon
8,31,39,0,0.0,1.0,2.0,False,False,TERRORIST,False,144817,76561199068251294,prosto bo$$
0,43,40,0,0.0,1.0,3.0,False,False,CT,False,144817,76561198171814417,Faat
8,36,32,0,0.0,2.0,3.0,False,False,CT,False,144817,76561199052717313,Worfy
8,23,27,0,0.0,2.0,2.0,False,False,TERRORIST,False,144818,76561199256543526,Wybaczam.oficjalnie skins.army
8,35,59,0,0.0,2.0,2.0,False,False,TERRORIST,False,144818,76561199826895670,RME | Пацан
0,41,48,0,0.0,2.0,3.0,False,False,CT,False,144818,76561198002613044,frees.tyler
0,39,45,0,0.0,2.0,3.0,False,False,CT,False,144818,76561198274174345,zig
8,24,62,0,0.0,2.0,2.0,False,False,TERRORIST,False,144818,76561199433997570,Simple Dimple skins.army
8,29,17,0,,,,,,,False,144818,76561199557907229,shawty#)$@
0,39,25,0,0.0,2.0,3.0,False,False,CT,False,144818,76561198049602148,Moon
8,31,39,0,0.0,1.0,2.0,False,False,TERRORIST,False,144818,76561199068251294,prosto bo$$
0,43,40,0,0.0,1.0,3.0,False,False,CT,False,144818,76561198171814417,Faat
8,36,32,0,0.0,2.0,3.0,False,False,CT,False,144818,76561199052717313,Worfy
8,23,27,0,0.0,2.0,2.0,False,False,TERRORIST,False,144819,76561199256543526,Wybaczam.oficjalnie skins.army
8,35,59,0,0.0,2.0,2.0,False,False,TERRORIST,False,144819,76561199826895670,RME | Пацан
0,41,48,0,0.0,2.0,3.0,False,False,CT,False,144819,76561198002613044,frees.tyler
0,39,45,0,0.0,2.0,3.0,False,False,CT,False,144819,76561198274174345,zig
8,24,62,0,0.0,2.0,2.0,False,False,TERRORIST,False,144819,76561199433997570,Simple Dimple skins.army
8,29,17,0,,,,,,,False,144819,76561199557907229,shawty#)$@
0,39,25,0,0.0,2.0,3.0,False,False,CT,False,144819,76561198049602148,Moon
8,31,39,0,0.0,1.0,2.0,False,False,TERRORIST,False,144819,76561199068251294,prosto bo$$
0,43,40,0,0.0,1.0,3.0,False,False,CT,False,144819,76561198171814417,Faat
8,36,32,0,0.0,2.0,3.0,False,False,CT,False,144819,76561199052717313,Worfy
8,23,27,0,0.0,2.0,2.0,False,False,TERRORIST,False,144820,76561199256543526,Wybaczam.oficjalnie skins.army
8,35,59,0,0.0,2.0,2.0,False,False,TERRORIST,False,144820,76561199826895670,RME | Пацан
0,41,48,0,0.0,2.0,3.0,False,False,CT,False,144820,76561198002613044,frees.tyler
0,39,45,0,0.0,2.0,3.0,False,False,CT,False,144820,76561198274174345,zig
8,24,62,0,0.0,2.0,2.0,False,False,TERRORIST,False,144820,76561199433997570,Simple Dimple skins.army
8,29,17,0,,,,,,,False,144820,76561199557907229,shawty#)$@
0,39,25,0,0.0,2.0,3.0,False,False,CT,False,144820,76561198049602148,Moon
8,31,39,0,0.0,1.0,2.0,False,False,TERRORIST,False,144820,76561199068251294,prosto bo$$
0,43,40,0,0.0,1.0,3.0,False,False,CT,False,144820,76561198171814417,Faat
8,36,32,0,0.0,2.0,3.0,False,False,CT,False,144820,76561199052717313,Worfy
8,23,27,0,0.0,2.0,2.0,False,False,TERRORIST,False,144821,76561199256543526,Wybaczam.oficjalnie skins.army
8,35,59,0,0.0,2.0,2.0,False,False,TERRORIST,False,144821,76561199826895670,RME | Пацан
0,41,48,0,0.0,2.0,3.0,False,False,CT,False,144821,76561198002613044,frees.tyler
0,39,45,0,0.0,2.0,3.0,False,False,CT,False,144821,76561198274174345,zig
8,24,62,0,0.0,2.0,2.0,False,False,TERRORIST,False,144821,76561199433997570,Simple Dimple skins.army
8,29,17,0,,,,,,,False,144821,76561199557907229,shawty#)$@
0,39,25,0,0.0,2.0,3.0,False,False,CT,False,144821,76561198049602148,Moon
8,31,39,0,0.0,1.0,2.0,False,False,TERRORIST,False,144821,76561199068251294,prosto bo$$
0,43,40,0,0.0,1.0,3.0,False,False,CT,False,144821,76561198171814417,Faat
8,36,32,0,0.0,2.0,3.0,False,False,CT,False,144821,76561199052717313,Worfy
8,23,27,0,0.0,2.0,2.0,False,False,TERRORIST,False,144822,76561199256543526,Wybaczam.oficjalnie skins.army
8,35,59,0,0.0,2.0,2.0,False,False,TERRORIST,False,144822,76561199826895670,RME | Пацан
0,41,48,0,0.0,2.0,3.0,False,False,CT,False,144822,76561198002613044,frees.tyler
0,39,45,0,0.0,2.0,3.0,False,False,CT,False,144822,76561198274174345,zig
8,24,62,0,0.0,2.0,2.0,False,False,TERRORIST,False,144822,76561199433997570,Simple Dimple skins.army
8,29,17,0,,,,,,,False,144822,76561199557907229,shawty#)$@
0,39,25,0,0.0,2.0,3.0,False,False,CT,False,144822,76561198049602148,Moon
8,31,39,0,0.0,1.0,2.0,False,False,TERRORIST,False,144822,76561199068251294,prosto bo$$
0,43,40,0,0.0,1.0,3.0,False,False,CT,False,144822,76561198171814417,Faat
8,36,32,0,0.0,2.0,3.0,False,False,CT,False,144822,76561199052717313,Worfy
8,23,27,0,0.0,2.0,2.0,False,False,TERRORIST,False,144823,76561199256543526,Wybaczam.oficjalnie skins.army
8,35,59,0,0.0,2.0,2.0,False,False,TERRORIST,False,144823,76561199826895670,RME | Пацан
0,41,48,0,0.0,2.0,3.0,False,False,CT,False,144823,76561198002613044,frees.tyler
0,39,45,0,0.0,2.0,3.0,False,False,CT,False,144823,76561198274174345,zig
8,24,62,0,0.0,2.0,2.0,False,False,TERRORIST,False,144823,76561199433997570,Simple Dimple skins.army
8,29,17,0,,,,,,,False,144823,76561199557907229,shawty#)$@
0,39,25,0,0.0,2.0,3.0,False,False,CT,False,144823,76561198049602148,Moon
8,31,39,0,0.0,1.0,2.0,False,False,TERRORIST,False,144823,76561199068251294,prosto bo$$
0,43,40,0,0.0,1.0,3.0,False,False,CT,False,144823,76561198171814417,Faat
8,36,32,0,0.0,2.0,3.0,False,False,CT,False,144823,76561199052717313,Worfy
8,23,27,0,0.0,2.0,2.0,False,False,TERRORIST,False,144824,76561199256543526,Wybaczam.oficjalnie skins.army
8,35,59,0,0.0,2.0,2.0,False,False,TERRORIST,False,144824,76561199826895670,RME | Пацан
0,41,48,0,0.0,2.0,3.0,False,False,CT,False,144824,76561198002613044,frees.tyler
0,39,45,0,0.0,2.0,3.0,False,False,CT,False,144824,76561198274174345,zig
8,24,62,0,0.0,2.0,2.0,False,False,TERRORIST,False,144824,76561199433997570,Simple Dimple skins.army
8,29,17,0,,,,,,,False,144824,76561199557907229,shawty#)$@
0,39,25,0,0.0,2.0,3.0,False,False,CT,False,144824,76561198049602148,Moon
8,31,39,0,0.0,1.0,2.0,False,False,TERRORIST,False,144824,76561199068251294,prosto bo$$
0,43,40,0,0.0,1.0,3.0,False,False,CT,False,144824,76561198171814417,Faat
8,36,32,0,0.0,2.0,3.0,False,False,CT,False,144824,76561199052717313,Worfy
8,23,27,0,0.0,2.0,2.0,False,False,TERRORIST,False,144825,76561199256543526,Wybaczam.oficjalnie skins.army
8,35,59,0,0.0,2.0,2.0,False,False,TERRORIST,False,144825,76561199826895670,RME | Пацан
0,41,48,0,0.0,2.0,3.0,False,False,CT,False,144825,76561198002613044,frees.tyler
0,39,45,0,0.0,2.0,3.0,False,False,CT,False,144825,76561198274174345,zig
8,24,62,0,0.0,2.0,2.0,False,False,TERRORIST,False,144825,76561199433997570,Simple Dimple skins.army
8,29,17,0,,,,,,,False,144825,76561199557907229,shawty#)$@
0,39,25,0,0.0,2.0,3.0,False,False,CT,False,144825,76561198049602148,Moon
8,31,39,0,0.0,1.0,2.0,False,False,TERRORIST,False,144825,76561199068251294,prosto bo$$
0,43,40,0,0.0,1.0,3.0,False,False,CT,False,144825,76561198171814417,Faat
8,36,32,0,0.0,2.0,3.0,False,False,CT,False,144825,76561199052717313,Worfy
8,23,27,0,0.0,2.0,2.0,False,False,TERRORIST,False,144826,76561199256543526,Wybaczam.oficjalnie skins.army
8,35,59,0,0.0,2.0,2.0,False,False,TERRORIST,False,144826,76561199826895670,RME | Пацан
0,41,48,0,0.0,2.0,3.0,False,False,CT,False,144826,76561198002613044,frees.tyler
0,39,45,0,0.0,2.0,3.0,False,False,CT,False,144826,76561198274174345,zig
8,24,62,0,0.0,2.0,2.0,False,False,TERRORIST,False,144826,76561199433997570,Simple Dimple skins.army
8,29,17,0,,,,,,,False,144826,76561199557907229,shawty#)$@
0,39,25,0,0.0,2.0,3.0,False,False,CT,False,144826,76561198049602148,Moon
8,31,39,0,0.0,1.0,2.0,False,False,TERRORIST,False,144826,76561199068251294,prosto bo$$
0,43,40,0,0.0,1.0,3.0,False,False,CT,False,144826,76561198171814417,Faat
8,36,32,0,0.0,2.0,3.0,False,False,CT,False,144826,76561199052717313,Worfy
8,23,27,0,0.0,2.0,2.0,False,False,TERRORIST,False,144827,76561199256543526,Wybaczam.oficjalnie skins.army
8,35,59,0,0.0,2.0,2.0,False,False,TERRORIST,False,144827,76561199826895670,RME | Пацан
0,41,48,0,0.0,2.0,3.0,False,False,CT,False,144827,76561198002613044,frees.tyler
0,39,45,0,0.0,2.0,3.0,False,False,CT,False,144827,76561198274174345,zig
8,24,62,0,0.0,2.0,2.0,False,False,TERRORIST,False,144827,76561199433997570,Simple Dimple skins.army
8,29,17,0,,,,,,,False,144827,76561199557907229,shawty#)$@
0,39,25,0,0.0,2.0,3.0,False,False,CT,False,144827,76561198049602148,Moon
8,31,39,0,0.0,1.0,2.0,False,False,TERRORIST,False,144827,76561199068251294,prosto bo$$
0,43,40,0,0.0,1.0,3.0,False,False,CT,False,144827,76561198171814417,Faat
8,36,32,0,0.0,2.0,3.0,False,False,CT,False,144827,76561199052717313,Worfy
8,23,27,0,0.0,2.0,2.0,False,False,TERRORIST,False,144828,76561199256543526,Wybaczam.oficjalnie skins.army
8,35,59,0,0.0,2.0,2.0,False,False,TERRORIST,False,144828,76561199826895670,RME | Пацан
0,41,48,0,0.0,2.0,3.0,False,False,CT,False,144828,76561198002613044,frees.tyler
0,39,45,0,0.0,2.0,3.0,False,False,CT,False,144828,76561198274174345,zig
8,24,62,0,0.0,2.0,2.0,False,False,TERRORIST,False,144828,76561199433997570,Simple Dimple skins.army
8,29,17,0,,,,,,,False,144828,76561199557907229,shawty#)$@
0,39,25,0,0.0,2.0,3.0,False,False,CT,False,144828,76561198049602148,Moon
8,31,39,0,0.0,1.0,2.0,False,False,TERRORIST,False,144828,76561199068251294,prosto bo$$
0,43,40,0,0.0,1.0,3.0,False,False,CT,False,144828,76561198171814417,Faat
8,36,32,0,0.0,2.0,3.0,False,False,CT,False,144828,76561199052717313,Worfy
8,23,27,0,0.0,2.0,2.0,False,False,TERRORIST,False,144829,76561199256543526,Wybaczam.oficjalnie skins.army
8,35,59,0,0.0,2.0,2.0,False,False,TERRORIST,False,144829,76561199826895670,RME | Пацан
0,41,48,0,0.0,2.0,3.0,False,False,CT,False,144829,76561198002613044,frees.tyler
0,39,45,0,0.0,2.0,3.0,False,False,CT,False,144829,76561198274174345,zig
8,24,62,0,0.0,2.0,2.0,False,False,TERRORIST,False,144829,76561199433997570,Simple Dimple skins.army
8,29,17,0,,,,,,,False,144829,76561199557907229,shawty#)$@
0,39,25,0,0.0,2.0,3.0,False,False,CT,False,144829,76561198049602148,Moon
8,31,39,0,0.0,1.0,2.0,False,False,TERRORIST,False,144829,76561199068251294,prosto bo$$
0,43,40,0,0.0,1.0,3.0,False,False,CT,False,144829,76561198171814417,Faat
8,36,32,0,0.0,2.0,3.0,False,False,CT,False,144829,76561199052717313,Worfy
8,23,27,0,0.0,2.0,2.0,False,False,TERRORIST,False,144830,76561199256543526,Wybaczam.oficjalnie skins.army
8,35,59,0,0.0,2.0,2.0,False,False,TERRORIST,False,144830,76561199826895670,RME | Пацан
0,41,48,0,0.0,2.0,3.0,False,False,CT,False,144830,76561198002613044,frees.tyler
0,39,45,0,0.0,2.0,3.0,False,False,CT,False,144830,76561198274174345,zig
8,24,62,0,0.0,2.0,2.0,False,False,TERRORIST,False,144830,76561199433997570,Simple Dimple skins.army
8,29,17,0,,,,,,,False,144830,76561199557907229,shawty#)$@
0,39,25,0,0.0,2.0,3.0,False,False,CT,False,144830,76561198049602148,Moon
8,31,39,0,0.0,1.0,2.0,False,False,TERRORIST,False,144830,76561199068251294,prosto bo$$
0,43,40,0,0.0,1.0,3.0,False,False,CT,False,144830,76561198171814417,Faat
8,36,32,0,0.0,2.0,3.0,False,False,CT,False,144830,76561199052717313,Worfy
8,23,27,0,0.0,2.0,2.0,False,False,TERRORIST,False,144831,76561199256543526,Wybaczam.oficjalnie skins.army
8,35,59,0,0.0,2.0,2.0,False,False,TERRORIST,False,144831,76561199826895670,RME | Пацан
0,41,48,0,0.0,2.0,3.0,False,False,CT,False,144831,76561198002613044,frees.tyler
0,39,45,0,0.0,2.0,3.0,False,False,CT,False,144831,76561198274174345,zig
8,24,62,0,0.0,2.0,2.0,False,False,TERRORIST,False,144831,76561199433997570,Simple Dimple skins.army
8,29,17,0,,,,,,,False,144831,76561199557907229,shawty#)$@
0,39,25,0,0.0,2.0,3.0,False,False,CT,False,144831,76561198049602148,Moon
8,31,39,0,0.0,1.0,2.0,False,False,TERRORIST,False,144831,76561199068251294,prosto bo$$
0,43,40,0,0.0,1.0,3.0,False,False,CT,False,144831,76561198171814417,Faat
8,36,32,0,0.0,2.0,3.0,False,False,CT,False,144831,76561199052717313,Worfy
8,23,27,0,0.0,2.0,2.0,False,False,TERRORIST,False,144832,76561199256543526,Wybaczam.oficjalnie skins.army
8,35,59,0,0.0,2.0,2.0,False,False,TERRORIST,False,144832,76561199826895670,RME | Пацан
0,41,48,0,0.0,2.0,3.0,False,False,CT,False,144832,76561198002613044,frees.tyler
0,39,45,0,0.0,2.0,3.0,False,False,CT,False,144832,76561198274174345,zig
8,24,62,0,0.0,2.0,2.0,False,False,TERRORIST,False,144832,76561199433997570,Simple Dimple skins.army
8,29,17,0,,,,,,,False,144832,76561199557907229,shawty#)$@
0,39,25,0,0.0,2.0,3.0,False,False,CT,False,144832,76561198049602148,Moon
8,31,39,0,0.0,1.0,2.0,False,False,TERRORIST,False,144832,76561199068251294,prosto bo$$
0,43,40,0,0.0,1.0,3.0,False,False,CT,False,144832,76561198171814417,Faat
8,36,32,0,0.0,2.0,3.0,False,False,CT,False,144832,76561199052717313,Worfy
8,23,27,0,0.0,2.0,2.0,False,False,TERRORIST,False,144833,76561199256543526,Wybaczam.oficjalnie skins.army
8,35,59,0,0.0,2.0,2.0,False,False,TERRORIST,False,144833,76561199826895670,RME | Пацан
0,41,48,0,0.0,2.0,3.0,False,False,CT,False,144833,76561198002613044,frees.tyler
0,39,45,0,0.0,2.0,3.0,False,False,CT,False,144833,76561198274174345,zig
8,24,62,0,0.0,2.0,2.0,False,False,TERRORIST,False,144833,76561199433997570,Simple Dimple skins.army
8,29,17,0,,,,,,,False,144833,76561199557907229,shawty#)$@
0,39,25,0,0.0,2.0,3.0,False,False,CT,False,144833,76561198049602148,Moon
8,31,39,0,0.0,1.0,2.0,False,False,TERRORIST,False,144833,76561199068251294,prosto bo$$
0,43,40,0,0.0,1.0,3.0,False,False,CT,False,144833,76561198171814417,Faat
8,36,32,0,0.0,2.0,3.0,False,False,CT,False,144833,76561199052717313,Worfy
8,23,27,0,0.0,2.0,2.0,False,False,TERRORIST,False,144834,76561199256543526,Wybaczam.oficjalnie skins.army
8,35,59,0,0.0,2.0,2.0,False,False,TERRORIST,False,144834,76561199826895670,RME | Пацан
0,41,48,0,0.0,2.0,3.0,False,False,CT,False,144834,76561198002613044,frees.tyler
0,39,45,0,0.0,2.0,3.0,False,False,CT,False,144834,76561198274174345,zig
8,24,62,0,0.0,2.0,2.0,False,False,TERRORIST,False,144834,76561199433997570,Simple Dimple skins.army
8,29,17,0,,,,,,,False,144834,76561199557907229,shawty#)$@
0,39,25,0,0.0,2.0,3.0,False,False,CT,False,144834,76561198049602148,Moon
8,31,39,0,0.0,1.0,2.0,False,False,TERRORIST,False,144834,76561199068251294,prosto bo$$
0,43,40,0,0.0,1.0,3.0,False,False,CT,False,144834,76561198171814417,Faat
8,36,32,0,0.0,2.0,3.0,False,False,CT,False,144834,76561199052717313,Worfy
8,23,27,0,0.0,2.0,2.0,False,False,TERRORIST,False,144835,76561199256543526,Wybaczam.oficjalnie skins.army
8,35,59,0,0.0,2.0,2.0,False,False,TERRORIST,False,144835,76561199826895670,RME | Пацан
0,41,48,0,0.0,2.0,3.0,False,False,CT,False,144835,76561198002613044,frees.tyler
0,39,45,0,0.0,2.0,3.0,False,False,CT,False,144835,76561198274174345,zig
8,24,62,0,0.0,2.0,2.0,False,False,TERRORIST,False,144835,76561199433997570,Simple Dimple skins.army
8,29,17,0,,,,,,,False,144835,76561199557907229,shawty#)$@
0,39,25,0,0.0,2.0,3.0,False,False,CT,False,144835,76561198049602148,Moon
8,31,39,0,0.0,1.0,2.0,False,False,TERRORIST,False,144835,76561199068251294,prosto bo$$
0,43,40,0,0.0,1.0,3.0,False,False,CT,False,144835,76561198171814417,Faat
8,36,32,0,0.0,2.0,3.0,False,False,CT,False,144835,76561199052717313,Worfy
8,23,27,0,0.0,2.0,2.0,False,False,TERRORIST,False,144836,76561199256543526,Wybaczam.oficjalnie skins.army
8,35,59,0,0.0,2.0,2.0,False,False,TERRORIST,False,144836,76561199826895670,RME | Пацан
0,41,48,0,0.0,2.0,3.0,False,False,CT,False,144836,76561198002613044,frees.tyler
0,39,45,0,0.0,2.0,3.0,False,False,CT,False,144836,76561198274174345,zig
8,24,62,0,0.0,2.0,2.0,False,False,TERRORIST,False,144836,76561199433997570,Simple Dimple skins.army
8,29,17,0,,,,,,,False,144836,76561199557907229,shawty#)$@
0,39,25,0,0.0,2.0,3.0,False,False,CT,False,144836,76561198049602148,Moon
8,31,39,0,0.0,1.0,2.0,False,False,TERRORIST,False,144836,76561199068251294,prosto bo$$
0,43,40,0,0.0,1.0,3.0,False,False,CT,False,144836,76561198171814417,Faat
8,36,32,0,0.0,2.0,3.0,False,False,CT,False,144836,76561199052717313,Worfy
8,23,27,0,0.0,2.0,2.0,False,False,TERRORIST,False,144837,76561199256543526,Wybaczam.oficjalnie skins.army
8,35,59,0,0.0,2.0,2.0,False,False,TERRORIST,False,144837,76561199826895670,RME | Пацан
0,41,48,0,0.0,2.0,3.0,False,False,CT,False,144837,76561198002613044,frees.tyler
0,39,45,0,0.0,2.0,3.0,False,False,CT,False,144837,76561198274174345,zig
8,24,62,0,0.0,2.0,2.0,False,False,TERRORIST,False,144837,76561199433997570,Simple Dimple skins.army
8,29,17,0,,,,,,,False,144837,76561199557907229,shawty#)$@
0,39,25,0,0.0,2.0,3.0,False,False,CT,False,144837,76561198049602148,Moon
8,31,39,0,0.0,1.0,2.0,False,False,TERRORIST,False,144837,76561199068251294,prosto bo$$
0,43,40,0,0.0,1.0,3.0,False,False,CT,False,144837,76561198171814417,Faat
8,36,32,0,0.0,2.0,3.0,False,False,CT,False,144837,76561199052717313,Worfy
8,23,27,0,0.0,2.0,2.0,False,False,TERRORIST,False,144838,76561199256543526,Wybaczam.oficjalnie skins.army
8,35,59,0,0.0,2.0,2.0,False,False,TERRORIST,False,144838,76561199826895670,RME | Пацан
0,41,48,0,0.0,2.0,3.0,False,False,CT,False,144838,76561198002613044,frees.tyler
0,39,45,0,0.0,2.0,3.0,False,False,CT,False,144838,76561198274174345,zig
8,24,62,0,0.0,2.0,2.0,False,False,TERRORIST,False,144838,76561199433997570,Simple Dimple skins.army
8,29,17,0,,,,,,,False,144838,76561199557907229,shawty#)$@
0,39,25,0,0.0,2.0,3.0,False,False,CT,False,144838,76561198049602148,Moon
8,31,39,0,0.0,1.0,2.0,False,False,TERRORIST,False,144838,76561199068251294,prosto bo$$
0,43,40,0,0.0,1.0,3.0,False,False,CT,False,144838,76561198171814417,Faat
8,36,32,0,0.0,2.0,3.0,False,False,CT,False,144838,76561199052717313,Worfy
8,23,27,0,0.0,2.0,2.0,False,False,TERRORIST,False,144839,76561199256543526,Wybaczam.oficjalnie skins.army
8,35,59,0,0.0,2.0,2.0,False,False,TERRORIST,False,144839,76561199826895670,RME | Пацан
0,41,48,0,0.0,2.0,3.0,False,False,CT,False,144839,76561198002613044,frees.tyler
0,39,45,0,0.0,2.0,3.0,False,False,CT,False,144839,76561198274174345,zig
8,24,62,0,0.0,2.0,2.0,False,False,TERRORIST,False,144839,76561199433997570,Simple Dimple skins.army
8,29,17,0,,,,,,,False,144839,76561199557907229,shawty#)$@
0,39,25,0,0.0,2.0,3.0,False,False,CT,False,144839,76561198049602148,Moon
8,31,39,0,0.0,1.0,2.0,False,False,TERRORIST,False,144839,76561199068251294,prosto bo$$
0,43,40,0,0.0,1.0,3.0,False,False,CT,False,144839,76561198171814417,Faat
8,36,32,0,0.0,2.0,3.0,False,False,CT,False,144839,76561199052717313,Worfy
8,23,27,0,0.0,2.0,2.0,False,False,TERRORIST,False,144840,76561199256543526,Wybaczam.oficjalnie skins.army
8,35,59,0,0.0,2.0,2.0,False,False,TERRORIST,False,144840,76561199826895670,RME | Пацан
0,41,48,0,0.0,2.0,3.0,False,False,CT,False,144840,76561198002613044,frees.tyler
0,39,45,0,0.0,2.0,3.0,False,False,CT,False,144840,76561198274174345,zig
8,24,62,0,0.0,2.0,2.0,False,False,TERRORIST,False,144840,76561199433997570,Simple Dimple skins.army
8,29,17,0,,,,,,,False,144840,76561199557907229,shawty#)$@
0,39,25,0,0.0,2.0,3.0,False,False,CT,False,144840,76561198049602148,Moon
8,31,39,0,0.0,1.0,2.0,False,False,TERRORIST,False,144840,76561199068251294,prosto bo$$
0,43,40,0,0.0,1.0,3.0,False,False,CT,False,144840,76561198171814417,Faat
8,36,32,0,0.0,2.0,3.0,False,False,CT,False,144840,76561199052717313,Worfy
8,23,27,0,0.0,2.0,2.0,False,False,TERRORIST,False,144841,76561199256543526,Wybaczam.oficjalnie skins.army
8,35,59,0,0.0,2.0,2.0,False,False,TERRORIST,False,144841,76561199826895670,RME | Пацан
0,41,48,0,0.0,2.0,3.0,False,False,CT,False,144841,76561198002613044,frees.tyler
0,39,45,0,0.0,2.0,3.0,False,False,CT,False,144841,76561198274174345,zig
8,24,62,0,0.0,2.0,2.0,False,False,TERRORIST,False,144841,76561199433997570,Simple Dimple skins.army
8,29,17,0,,,,,,,False,144841,76561199557907229,shawty#)$@
0,39,25,0,0.0,2.0,3.0,False,False,CT,False,144841,76561198049602148,Moon
8,31,39,0,0.0,1.0,2.0,False,False,TERRORIST,False,144841,76561199068251294,prosto bo$$
0,43,40,0,0.0,1.0,3.0,False,False,CT,False,144841,76561198171814417,Faat
8,36,32,0,0.0,2.0,3.0,False,False,CT,False,144841,76561199052717313,Worfy
8,23,27,0,0.0,2.0,2.0,False,False,TERRORIST,False,144842,76561199256543526,Wybaczam.oficjalnie skins.army
8,35,59,0,0.0,2.0,2.0,False,False,TERRORIST,False,144842,76561199826895670,RME | Пацан
0,41,48,0,0.0,2.0,3.0,False,False,CT,False,144842,76561198002613044,frees.tyler
0,39,45,0,0.0,2.0,3.0,False,False,CT,False,144842,76561198274174345,zig
8,24,62,0,0.0,2.0,2.0,False,False,TERRORIST,False,144842,76561199433997570,Simple Dimple skins.army
8,29,17,0,,,,,,,False,144842,76561199557907229,shawty#)$@
0,39,25,0,0.0,2.0,3.0,False,False,CT,False,144842,76561198049602148,Moon
8,31,39,0,0.0,1.0,2.0,False,False,TERRORIST,False,144842,76561199068251294,prosto bo$$
0,43,40,0,0.0,1.0,3.0,False,False,CT,False,144842,76561198171814417,Faat
8,36,32,0,0.0,2.0,3.0,False,False,CT,False,144842,76561199052717313,Worfy
8,23,27,0,0.0,2.0,2.0,False,False,TERRORIST,False,144843,76561199256543526,Wybaczam.oficjalnie skins.army
8,35,59,0,0.0,2.0,2.0,False,False,TERRORIST,False,144843,76561199826895670,RME | Пацан
0,41,48,0,0.0,2.0,3.0,False,False,CT,False,144843,76561198002613044,frees.tyler
0,39,45,0,0.0,2.0,3.0,False,False,CT,False,144843,76561198274174345,zig
8,24,62,0,0.0,2.0,2.0,False,False,TERRORIST,False,144843,76561199433997570,Simple Dimple skins.army
8,29,17,0,,,,,,,False,144843,76561199557907229,shawty#)$@
0,39,25,0,0.0,2.0,3.0,False,False,CT,False,144843,76561198049602148,Moon
8,31,39,0,0.0,1.0,2.0,False,False,TERRORIST,False,144843,76561199068251294,prosto bo$$
0,43,40,0,0.0,1.0,3.0,False,False,CT,False,144843,76561198171814417,Faat
8,36,32,0,0.0,2.0,3.0,False,False,CT,False,144843,76561199052717313,Worfy
8,23,27,0,0.0,2.0,2.0,False,False,TERRORIST,False,144844,76561199256543526,Wybaczam.oficjalnie skins.army
8,35,59,0,0.0,2.0,2.0,False,False,TERRORIST,False,144844,76561199826895670,RME | Пацан
0,41,48,0,0.0,2.0,3.0,False,False,CT,False,144844,76561198002613044,frees.tyler
0,39,45,0,0.0,2.0,3.0,False,False,CT,False,144844,76561198274174345,zig
8,24,62,0,0.0,2.0,2.0,False,False,TERRORIST,False,144844,76561199433997570,Simple Dimple skins.army
8,29,17,0,,,,,,,False,144844,76561199557907229,shawty#)$@
0,39,25,0,0.0,2.0,3.0,False,False,CT,False,144844,76561198049602148,Moon
8,31,39,0,0.0,1.0,2.0,False,False,TERRORIST,False,144844,76561199068251294,prosto bo$$
0,43,40,0,0.0,1.0,3.0,False,False,CT,False,144844,76561198171814417,Faat
8,36,32,0,0.0,2.0,3.0,False,False,CT,False,144844,76561199052717313,Worfy
8,23,27,0,0.0,2.0,2.0,False,False,TERRORIST,False,144845,76561199256543526,Wybaczam.oficjalnie skins.army
8,35,59,0,0.0,2.0,2.0,False,False,TERRORIST,False,144845,76561199826895670,RME | Пацан
0,41,48,0,0.0,2.0,3.0,False,False,CT,False,144845,76561198002613044,frees.tyler
0,39,45,0,0.0,2.0,3.0,False,False,CT,False,144845,76561198274174345,zig
8,24,62,0,0.0,2.0,2.0,False,False,TERRORIST,False,144845,76561199433997570,Simple Dimple skins.army
8,29,17,0,,,,,,,False,144845,76561199557907229,shawty#)$@
0,39,25,0,0.0,2.0,3.0,False,False,CT,False,144845,76561198049602148,Moon
8,31,39,0,0.0,1.0,2.0,False,False,TERRORIST,False,144845,76561199068251294,prosto bo$$
0,43,40,0,0.0,1.0,3.0,False,False,CT,False,144845,76561198171814417,Faat
8,36,32,0,0.0,2.0,3.0,False,False,CT,False,144845,76561199052717313,Worfy
8,23,27,0,0.0,2.0,2.0,False,False,TERRORIST,False,144846,76561199256543526,Wybaczam.oficjalnie skins.army
8,35,59,0,0.0,2.0,2.0,False,False,TERRORIST,False,144846,76561199826895670,RME | Пацан
0,41,48,0,0.0,2.0,3.0,False,False,CT,False,144846,76561198002613044,frees.tyler
0,39,45,0,0.0,2.0,3.0,False,False,CT,False,144846,76561198274174345,zig
8,24,62,0,0.0,2.0,2.0,False,False,TERRORIST,False,144846,76561199433997570,Simple Dimple skins.army
8,29,17,0,,,,,,,False,144846,76561199557907229,shawty#)$@
0,39,25,0,0.0,2.0,3.0,False,False,CT,False,144846,76561198049602148,Moon
8,31,39,0,0.0,1.0,2.0,False,False,TERRORIST,False,144846,76561199068251294,prosto bo$$
0,43,40,0,0.0,1.0,3.0,False,False,CT,False,144846,76561198171814417,Faat
8,36,32,0,0.0,2.0,3.0,False,False,CT,False,144846,76561199052717313,Worfy
8,23,27,0,0.0,2.0,2.0,False,False,TERRORIST,False,144847,76561199256543526,Wybaczam.oficjalnie skins.army
8,35,59,0,0.0,2.0,2.0,False,False,TERRORIST,False,144847,76561199826895670,RME | Пацан
0,41,48,0,0.0,2.0,3.0,False,False,CT,False,144847,76561198002613044,frees.tyler
0,39,45,0,0.0,2.0,3.0,False,False,CT,False,144847,76561198274174345,zig
8,24,62,0,0.0,2.0,2.0,False,False,TERRORIST,False,144847,76561199433997570,Simple Dimple skins.army
8,29,17,0,,,,,,,False,144847,76561199557907229,shawty#)$@
0,39,25,0,0.0,2.0,3.0,False,False,CT,False,144847,76561198049602148,Moon
8,31,39,0,0.0,1.0,2.0,False,False,TERRORIST,False,144847,76561199068251294,prosto bo$$
0,43,40,0,0.0,1.0,3.0,False,False,CT,False,144847,76561198171814417,Faat
8,36,32,0,0.0,2.0,3.0,False,False,CT,False,144847,76561199052717313,Worfy
8,23,27,0,0.0,2.0,2.0,False,False,TERRORIST,False,144848,76561199256543526,Wybaczam.oficjalnie skins.army
8,35,59,0,0.0,2.0,2.0,False,False,TERRORIST,False,144848,76561199826895670,RME | Пацан
0,41,48,0,0.0,2.0,3.0,False,False,CT,False,144848,76561198002613044,frees.tyler
0,39,45,0,0.0,2.0,3.0,False,False,CT,False,144848,76561198274174345,zig
8,24,62,0,0.0,2.0,2.0,False,False,TERRORIST,False,144848,76561199433997570,Simple Dimple skins.army
8,29,17,0,,,,,,,False,144848,76561199557907229,shawty#)$@
0,39,25,0,0.0,2.0,3.0,False,False,CT,False,144848,76561198049602148,Moon
8,31,39,0,0.0,1.0,2.0,False,False,TERRORIST,False,144848,76561199068251294,prosto bo$$
0,43,40,0,0.0,1.0,3.0,False,False,CT,False,144848,76561198171814417,Faat
8,36,32,0,0.0,2.0,3.0,False,False,CT,False,144848,76561199052717313,Worfy
8,23,27,0,0.0,2.0,2.0,False,False,TERRORIST,False,144849,76561199256543526,Wybaczam.oficjalnie skins.army
8,35,59,0,0.0,2.0,2.0,False,False,TERRORIST,False,144849,76561199826895670,RME | Пацан
0,41,48,0,0.0,2.0,3.0,False,False,CT,False,144849,76561198002613044,frees.tyler
0,39,45,0,0.0,2.0,3.0,False,False,CT,False,144849,76561198274174345,zig
8,24,62,0,0.0,2.0,2.0,False,False,TERRORIST,False,144849,76561199433997570,Simple Dimple skins.army
8,29,17,0,,,,,,,False,144849,76561199557907229,shawty#)$@
0,39,25,0,0.0,2.0,3.0,False,False,CT,False,144849,76561198049602148,Moon
8,31,39,0,0.0,1.0,2.0,False,False,TERRORIST,False,144849,76561199068251294,prosto bo$$
0,43,40,0,0.0,1.0,3.0,False,False,CT,False,144849,76561198171814417,Faat
8,36,32,0,0.0,2.0,3.0,False,False,CT,False,144849,76561199052717313,Worfy
8,23,27,0,0.0,2.0,2.0,False,False,TERRORIST,False,144850,76561199256543526,Wybaczam.oficjalnie skins.army
8,35,59,0,0.0,2.0,2.0,False,False,TERRORIST,False,144850,76561199826895670,RME | Пацан
0,41,48,0,0.0,2.0,3.0,False,False,CT,False,144850,76561198002613044,frees.tyler
0,39,45,0,0.0,2.0,3.0,False,False,CT,False,144850,76561198274174345,zig
8,24,62,0,0.0,2.0,2.0,False,False,TERRORIST,False,144850,76561199433997570,Simple Dimple skins.army
8,29,17,0,,,,,,,False,144850,76561199557907229,shawty#)$@
0,39,25,0,0.0,2.0,3.0,False,False,CT,False,144850,76561198049602148,Moon
8,31,39,0,0.0,1.0,2.0,False,False,TERRORIST,False,144850,76561199068251294,prosto bo$$
0,43,40,0,0.0,1.0,3.0,False,False,CT,False,144850,76561198171814417,Faat
8,36,32,0,0.0,2.0,3.0,False,False,CT,False,144850,76561199052717313,Worfy
8,23,27,0,0.0,2.0,2.0,False,False,TERRORIST,False,144851,76561199256543526,Wybaczam.oficjalnie skins.army
8,35,59,0,0.0,2.0,2.0,False,False,TERRORIST,False,144851,76561199826895670,RME | Пацан
0,41,48,0,0.0,2.0,3.0,False,False,CT,False,144851,76561198002613044,frees.tyler
0,39,45,0,0.0,2.0,3.0,False,False,CT,False,144851,76561198274174345,zig
8,24,62,0,0.0,2.0,2.0,False,False,TERRORIST,False,144851,76561199433997570,Simple Dimple skins.army
8,29,17,0,,,,,,,False,144851,76561199557907229,shawty#)$@
0,39,25,0,0.0,2.0,3.0,False,False,CT,False,144851,76561198049602148,Moon
8,31,39,0,0.0,1.0,2.0,False,False,TERRORIST,False,144851,76561199068251294,prosto bo$$
0,43,40,0,0.0,1.0,3.0,False,False,CT,False,144851,76561198171814417,Faat
8,36,32,0,0.0,2.0,3.0,False,False,CT,False,144851,76561199052717313,Worfy
8,23,27,0,0.0,2.0,2.0,False,False,TERRORIST,False,144852,76561199256543526,Wybaczam.oficjalnie skins.army
8,35,59,0,0.0,2.0,2.0,False,False,TERRORIST,False,144852,76561199826895670,RME | Пацан
0,41,48,0,0.0,2.0,3.0,False,False,CT,False,144852,76561198002613044,frees.tyler
0,39,45,0,0.0,2.0,3.0,False,False,CT,False,144852,76561198274174345,zig
8,24,62,0,0.0,2.0,2.0,False,False,TERRORIST,False,144852,76561199433997570,Simple Dimple skins.army
8,29,17,0,,,,,,,False,144852,76561199557907229,shawty#)$@
0,39,25,0,0.0,2.0,3.0,False,False,CT,False,144852,76561198049602148,Moon
8,31,39,0,0.0,1.0,2.0,False,False,TERRORIST,False,144852,76561199068251294,prosto bo$$
0,43,40,0,0.0,1.0,3.0,False,False,CT,False,144852,76561198171814417,Faat
8,36,32,0,0.0,2.0,3.0,False,False,CT,False,144852,76561199052717313,Worfy
8,23,27,0,0.0,2.0,2.0,False,False,TERRORIST,False,144853,76561199256543526,Wybaczam.oficjalnie skins.army
8,35,59,0,0.0,2.0,2.0,False,False,TERRORIST,False,144853,76561199826895670,RME | Пацан
0,41,48,0,0.0,2.0,3.0,False,False,CT,False,144853,76561198002613044,frees.tyler
0,39,45,0,0.0,2.0,3.0,False,False,CT,False,144853,76561198274174345,zig
8,24,62,0,0.0,2.0,2.0,False,False,TERRORIST,False,144853,76561199433997570,Simple Dimple skins.army
8,29,17,0,,,,,,,False,144853,76561199557907229,shawty#)$@
0,39,25,0,0.0,2.0,3.0,False,False,CT,False,144853,76561198049602148,Moon
8,31,39,0,0.0,1.0,2.0,False,False,TERRORIST,False,144853,76561199068251294,prosto bo$$
0,43,40,0,0.0,1.0,3.0,False,False,CT,False,144853,76561198171814417,Faat
8,36,32,0,0.0,2.0,3.0,False,False,CT,False,144853,76561199052717313,Worfy
8,23,27,0,0.0,2.0,2.0,False,False,TERRORIST,False,144854,76561199256543526,Wybaczam.oficjalnie skins.army
8,35,59,0,0.0,2.0,2.0,False,False,TERRORIST,False,144854,76561199826895670,RME | Пацан
0,41,48,0,0.0,2.0,3.0,False,False,CT,False,144854,76561198002613044,frees.tyler
0,39,45,0,0.0,2.0,3.0,False,False,CT,False,144854,76561198274174345,zig
8,24,62,0,0.0,2.0,2.0,False,False,TERRORIST,False,144854,76561199433997570,Simple Dimple skins.army
8,29,17,0,,,,,,,False,144854,76561199557907229,shawty#)$@
0,39,25,0,0.0,2.0,3.0,False,False,CT,False,144854,76561198049602148,Moon
8,31,39,0,0.0,1.0,2.0,False,False,TERRORIST,False,144854,76561199068251294,prosto bo$$
0,43,40,0,0.0,1.0,3.0,False,False,CT,False,144854,76561198171814417,Faat
8,36,32,0,0.0,2.0,3.0,False,False,CT,False,144854,76561199052717313,Worfy
8,23,27,0,0.0,2.0,2.0,False,False,TERRORIST,False,144855,76561199256543526,Wybaczam.oficjalnie skins.army
8,35,59,0,0.0,2.0,2.0,False,False,TERRORIST,False,144855,76561199826895670,RME | Пацан
0,41,48,0,0.0,2.0,3.0,False,False,CT,False,144855,76561198002613044,frees.tyler
0,39,45,0,0.0,2.0,3.0,False,False,CT,False,144855,76561198274174345,zig
8,24,62,0,0.0,2.0,2.0,False,False,TERRORIST,False,144855,76561199433997570,Simple Dimple skins.army
8,29,17,0,,,,,,,False,144855,76561199557907229,shawty#)$@
0,39,25,0,0.0,2.0,3.0,False,False,CT,False,144855,76561198049602148,Moon
8,31,39,0,0.0,1.0,2.0,False,False,TERRORIST,False,144855,76561199068251294,prosto bo$$
0,43,40,0,0.0,1.0,3.0,False,False,CT,False,144855,76561198171814417,Faat
8,36,32,0,0.0,2.0,3.0,False,False,CT,False,144855,76561199052717313,Worfy
8,23,27,0,0.0,2.0,2.0,False,False,TERRORIST,False,144856,76561199256543526,Wybaczam.oficjalnie skins.army
8,35,59,0,0.0,2.0,2.0,False,False,TERRORIST,False,144856,76561199826895670,RME | Пацан
0,41,48,0,0.0,2.0,3.0,False,False,CT,False,144856,76561198002613044,frees.tyler
0,39,45,0,0.0,2.0,3.0,False,False,CT,False,144856,76561198274174345,zig
8,24,62,0,0.0,2.0,2.0,False,False,TERRORIST,False,144856,76561199433997570,Simple Dimple skins.army
8,29,17,0,,,,,,,False,144856,76561199557907229,shawty#)$@
0,39,25,0,0.0,2.0,3.0,False,False,CT,False,144856,76561198049602148,Moon
8,31,39,0,0.0,1.0,2.0,False,False,TERRORIST,False,144856,76561199068251294,prosto bo$$
0,43,40,0,0.0,1.0,3.0,False,False,CT,False,144856,76561198171814417,Faat
8,36,32,0,0.0,2.0,3.0,False,False,CT,False,144856,76561199052717313,Worfy
8,23,27,0,0.0,2.0,2.0,False,False,TERRORIST,False,144857,76561199256543526,Wybaczam.oficjalnie skins.army
8,35,59,0,0.0,2.0,2.0,False,False,TERRORIST,False,144857,76561199826895670,RME | Пацан
0,41,48,0,0.0,2.0,3.0,False,False,CT,False,144857,76561198002613044,frees.tyler
0,39,45,0,0.0,2.0,3.0,False,False,CT,False,144857,76561198274174345,zig
8,24,62,0,0.0,2.0,2.0,False,False,TERRORIST,False,144857,76561199433997570,Simple Dimple skins.army
8,29,17,0,,,,,,,False,144857,76561199557907229,shawty#)$@
0,39,25,0,0.0,2.0,3.0,False,False,CT,False,144857,76561198049602148,Moon
8,31,39,0,0.0,1.0,2.0,False,False,TERRORIST,False,144857,76561199068251294,prosto bo$$
0,43,40,0,0.0,1.0,3.0,False,False,CT,False,144857,76561198171814417,Faat
8,36,32,0,0.0,2.0,3.0,False,False,CT,False,144857,76561199052717313,Worfy
8,23,27,0,0.0,2.0,2.0,False,False,TERRORIST,False,144858,76561199256543526,Wybaczam.oficjalnie skins.army
8,35,59,0,0.0,2.0,2.0,False,False,TERRORIST,False,144858,76561199826895670,RME | Пацан
0,41,48,0,0.0,2.0,3.0,False,False,CT,False,144858,76561198002613044,frees.tyler
0,39,45,0,0.0,2.0,3.0,False,False,CT,False,144858,76561198274174345,zig
8,24,62,0,0.0,2.0,2.0,False,False,TERRORIST,False,144858,76561199433997570,Simple Dimple skins.army
8,29,17,0,,,,,,,False,144858,76561199557907229,shawty#)$@
0,39,25,0,0.0,2.0,3.0,False,False,CT,False,144858,76561198049602148,Moon
8,31,39,0,0.0,1.0,2.0,False,False,TERRORIST,False,144858,76561199068251294,prosto bo$$
0,43,40,0,0.0,1.0,3.0,False,False,CT,False,144858,76561198171814417,Faat
8,36,32,0,0.0,2.0,3.0,False,False,CT,False,144858,76561199052717313,Worfy
8,23,27,0,0.0,2.0,2.0,False,False,TERRORIST,False,144859,76561199256543526,Wybaczam.oficjalnie skins.army
8,35,59,0,0.0,2.0,2.0,False,False,TERRORIST,False,144859,76561199826895670,RME | Пацан
0,41,48,0,0.0,2.0,3.0,False,False,CT,False,144859,76561198002613044,frees.tyler
0,39,45,0,0.0,2.0,3.0,False,False,CT,False,144859,76561198274174345,zig
8,24,62,0,0.0,2.0,2.0,False,False,TERRORIST,False,144859,76561199433997570,Simple Dimple skins.army
8,29,17,0,,,,,,,False,144859,76561199557907229,shawty#)$@
0,39,25,0,0.0,2.0,3.0,False,False,CT,False,144859,76561198049602148,Moon
8,31,39,0,0.0,1.0,2.0,False,False,TERRORIST,False,144859,76561199068251294,prosto bo$$
0,43,40,0,0.0,1.0,3.0,False,False,CT,False,144859,76561198171814417,Faat
8,36,32,0,0.0,2.0,3.0,False,False,CT,False,144859,76561199052717313,Worfy
8,23,27,0,0.0,2.0,2.0,False,False,TERRORIST,False,144860,76561199256543526,Wybaczam.oficjalnie skins.army
8,35,59,0,0.0,2.0,2.0,False,False,TERRORIST,False,144860,76561199826895670,RME | Пацан
0,41,48,0,0.0,2.0,3.0,False,False,CT,False,144860,76561198002613044,frees.tyler
0,39,45,0,0.0,2.0,3.0,False,False,CT,False,144860,76561198274174345,zig
8,24,62,0,0.0,2.0,2.0,False,False,TERRORIST,False,144860,76561199433997570,Simple Dimple skins.army
8,29,17,0,,,,,,,False,144860,76561199557907229,shawty#)$@
0,39,25,0,0.0,2.0,3.0,False,False,CT,False,144860,76561198049602148,Moon
8,31,39,0,0.0,1.0,2.0,False,False,TERRORIST,False,144860,76561199068251294,prosto bo$$
0,43,40,0,0.0,1.0,3.0,False,False,CT,False,144860,76561198171814417,Faat
8,36,32,0,0.0,2.0,3.0,False,False,CT,False,144860,76561199052717313,Worfy
8,23,27,0,0.0,2.0,2.0,False,False,TERRORIST,False,144861,76561199256543526,Wybaczam.oficjalnie skins.army
8,35,59,0,0.0,2.0,2.0,False,False,TERRORIST,False,144861,76561199826895670,RME | Пацан
0,41,48,0,0.0,2.0,3.0,False,False,CT,False,144861,76561198002613044,frees.tyler
0,39,45,0,0.0,2.0,3.0,False,False,CT,False,144861,76561198274174345,zig
8,24,62,0,0.0,2.0,2.0,False,False,TERRORIST,False,144861,76561199433997570,Simple Dimple skins.army
8,29,17,0,,,,,,,False,144861,76561199557907229,shawty#)$@
0,39,25,0,0.0,2.0,3.0,False,False,CT,False,144861,76561198049602148,Moon
8,31,39,0,0.0,1.0,2.0,False,False,TERRORIST,False,144861,76561199068251294,prosto bo$$
0,43,40,0,0.0,1.0,3.0,False,False,CT,False,144861,76561198171814417,Faat
8,36,32,0,0.0,2.0,3.0,False,False,CT,False,144861,76561199052717313,Worfy
8,23,27,0,0.0,2.0,2.0,False,False,TERRORIST,False,144862,76561199256543526,Wybaczam.oficjalnie skins.army
8,35,59,0,0.0,2.0,2.0,False,False,TERRORIST,False,144862,76561199826895670,RME | Пацан
0,41,48,0,0.0,2.0,3.0,False,False,CT,False,144862,76561198002613044,frees.tyler
0,39,45,0,0.0,2.0,3.0,False,False,CT,False,144862,76561198274174345,zig
8,24,62,0,0.0,2.0,2.0,False,False,TERRORIST,False,144862,76561199433997570,Simple Dimple skins.army
8,29,17,0,,,,,,,False,144862,76561199557907229,shawty#)$@
0,39,25,0,0.0,2.0,3.0,False,False,CT,False,144862,76561198049602148,Moon
8,31,39,0,0.0,1.0,2.0,False,False,TERRORIST,False,144862,76561199068251294,prosto bo$$
0,43,40,0,0.0,1.0,3.0,False,False,CT,False,144862,76561198171814417,Faat
8,36,32,0,0.0,2.0,3.0,False,False,CT,False,144862,76561199052717313,Worfy
8,23,27,0,0.0,2.0,2.0,False,False,TERRORIST,False,144863,76561199256543526,Wybaczam.oficjalnie skins.army
8,35,59,0,0.0,2.0,2.0,False,False,TERRORIST,False,144863,76561199826895670,RME | Пацан
0,41,48,0,0.0,2.0,3.0,False,False,CT,False,144863,76561198002613044,frees.tyler
0,39,45,0,0.0,2.0,3.0,False,False,CT,False,144863,76561198274174345,zig
8,24,62,0,0.0,2.0,2.0,False,False,TERRORIST,False,144863,76561199433997570,Simple Dimple skins.army
8,29,17,0,,,,,,,False,144863,76561199557907229,shawty#)$@
0,39,25,0,0.0,2.0,3.0,False,False,CT,False,144863,76561198049602148,Moon
8,31,39,0,0.0,1.0,2.0,False,False,TERRORIST,False,144863,76561199068251294,prosto bo$$
0,43,40,0,0.0,1.0,3.0,False,False,CT,False,144863,76561198171814417,Faat
8,36,32,0,0.0,2.0,3.0,False,False,CT,False,144863,76561199052717313,Worfy
8,23,27,0,0.0,2.0,2.0,False,False,TERRORIST,False,144864,76561199256543526,Wybaczam.oficjalnie skins.army
8,35,59,0,0.0,2.0,2.0,False,False,TERRORIST,False,144864,76561199826895670,RME | Пацан
0,41,48,0,0.0,2.0,3.0,False,False,CT,False,144864,76561198002613044,frees.tyler
0,39,45,0,0.0,2.0,3.0,False,False,CT,False,144864,76561198274174345,zig
8,24,62,0,0.0,2.0,2.0,False,False,TERRORIST,False,144864,76561199433997570,Simple Dimple skins.army
8,29,17,0,,,,,,,False,144864,76561199557907229,shawty#)$@
0,39,25,0,0.0,2.0,3.0,False,False,CT,False,144864,76561198049602148,Moon
8,31,39,0,0.0,1.0,2.0,False,False,TERRORIST,False,144864,76561199068251294,prosto bo$$
0,43,40,0,0.0,1.0,3.0,False,False,CT,False,144864,76561198171814417,Faat
8,36,32,0,0.0,2.0,3.0,False,False,CT,False,144864,76561199052717313,Worfy
8,23,27,0,0.0,2.0,2.0,False,False,TERRORIST,False,144865,76561199256543526,Wybaczam.oficjalnie skins.army
8,35,59,0,0.0,2.0,2.0,False,False,TERRORIST,False,144865,76561199826895670,RME | Пацан
0,41,48,0,0.0,2.0,3.0,False,False,CT,False,144865,76561198002613044,frees.tyler
0,39,45,0,0.0,2.0,3.0,False,False,CT,False,144865,76561198274174345,zig
8,24,62,0,0.0,2.0,2.0,False,False,TERRORIST,False,144865,76561199433997570,Simple Dimple skins.army
8,29,17,0,,,,,,,False,144865,76561199557907229,shawty#)$@
0,39,25,0,0.0,2.0,3.0,False,False,CT,False,144865,76561198049602148,Moon
8,31,39,0,0.0,1.0,2.0,False,False,TERRORIST,False,144865,76561199068251294,prosto bo$$
0,43,40,0,0.0,1.0,3.0,False,False,CT,False,144865,76561198171814417,Faat
8,36,32,0,0.0,2.0,3.0,False,False,CT,False,144865,76561199052717313,Worfy
8,23,27,0,0.0,2.0,2.0,False,False,TERRORIST,False,144866,76561199256543526,Wybaczam.oficjalnie skins.army
8,35,59,0,0.0,2.0,2.0,False,False,TERRORIST,False,144866,76561199826895670,RME | Пацан
0,41,48,0,0.0,2.0,3.0,False,False,CT,False,144866,76561198002613044,frees.tyler
0,39,45,0,0.0,2.0,3.0,False,False,CT,False,144866,76561198274174345,zig
8,24,62,0,0.0,2.0,2.0,False,False,TERRORIST,False,144866,76561199433997570,Simple Dimple skins.army
8,29,17,0,,,,,,,False,144866,76561199557907229,shawty#)$@
0,39,25,0,0.0,2.0,3.0,False,False,CT,False,144866,76561198049602148,Moon
8,31,39,0,0.0,1.0,2.0,False,False,TERRORIST,False,144866,76561199068251294,prosto bo$$
0,43,40,0,0.0,1.0,3.0,False,False,CT,False,144866,76561198171814417,Faat
8,36,32,0,0.0,2.0,3.0,False,False,CT,False,144866,76561199052717313,Worfy
8,23,27,0,0.0,2.0,2.0,False,False,TERRORIST,False,144867,76561199256543526,Wybaczam.oficjalnie skins.army
8,35,59,0,0.0,2.0,2.0,False,False,TERRORIST,False,144867,76561199826895670,RME | Пацан
0,41,48,0,0.0,2.0,3.0,False,False,CT,False,144867,76561198002613044,frees.tyler
0,39,45,0,0.0,2.0,3.0,False,False,CT,False,144867,76561198274174345,zig
8,24,62,0,0.0,2.0,2.0,False,False,TERRORIST,False,144867,76561199433997570,Simple Dimple skins.army
8,29,17,0,,,,,,,False,144867,76561199557907229,shawty#)$@
0,39,25,0,0.0,2.0,3.0,False,False,CT,False,144867,76561198049602148,Moon
8,31,39,0,0.0,1.0,2.0,False,False,TERRORIST,False,144867,76561199068251294,prosto bo$$
0,43,40,0,0.0,1.0,3.0,False,False,CT,False,144867,76561198171814417,Faat
8,36,32,0,0.0,2.0,3.0,False,False,CT,False,144867,76561199052717313,Worfy
8,23,27,0,0.0,2.0,2.0,False,False,TERRORIST,False,144868,76561199256543526,Wybaczam.oficjalnie skins.army
8,35,59,0,0.0,2.0,2.0,False,False,TERRORIST,False,144868,76561199826895670,RME | Пацан
0,41,48,0,0.0,2.0,3.0,False,False,CT,False,144868,76561198002613044,frees.tyler
0,39,45,0,0.0,2.0,3.0,False,False,CT,False,144868,76561198274174345,zig
8,24,62,0,0.0,2.0,2.0,False,False,TERRORIST,False,144868,76561199433997570,Simple Dimple skins.army
8,29,17,0,,,,,,,False,144868,76561199557907229,shawty#)$@
0,39,25,0,0.0,2.0,3.0,False,False,CT,False,144868,76561198049602148,Moon
8,31,39,0,0.0,1.0,2.0,False,False,TERRORIST,False,144868,76561199068251294,prosto bo$$
0,43,40,0,0.0,1.0,3.0,False,False,CT,False,144868,76561198171814417,Faat
8,36,32,0,0.0,2.0,3.0,False,False,CT,False,144868,76561199052717313,Worfy
8,23,27,0,0.0,2.0,2.0,False,False,TERRORIST,False,144869,76561199256543526,Wybaczam.oficjalnie skins.army
8,35,59,0,0.0,2.0,2.0,False,False,TERRORIST,False,144869,76561199826895670,RME | Пацан
0,41,48,0,0.0,2.0,3.0,False,False,CT,False,144869,76561198002613044,frees.tyler
0,39,45,0,0.0,2.0,3.0,False,False,CT,False,144869,76561198274174345,zig
8,24,62,0,0.0,2.0,2.0,False,False,TERRORIST,False,144869,76561199433997570,Simple Dimple skins.army
8,29,17,0,,,,,,,False,144869,76561199557907229,shawty#)$@
0,39,25,0,0.0,2.0,3.0,False,False,CT,False,144869,76561198049602148,Moon
8,31,39,0,0.0,1.0,2.0,False,False,TERRORIST,False,144869,76561199068251294,prosto bo$$
0,43,40,0,0.0,1.0,3.0,False,False,CT,False,144869,76561198171814417,Faat
8,36,32,0,0.0,2.0,3.0,False,False,CT,False,144869,76561199052717313,Worfy
8,23,27,0,0.0,2.0,2.0,False,False,TERRORIST,False,144870,76561199256543526,Wybaczam.oficjalnie skins.army
8,35,59,0,0.0,2.0,2.0,False,False,TERRORIST,False,144870,76561199826895670,RME | Пацан
0,41,48,0,0.0,2.0,3.0,False,False,CT,False,144870,76561198002613044,frees.tyler
0,39,45,0,0.0,2.0,3.0,False,False,CT,False,144870,76561198274174345,zig
8,24,62,0,0.0,2.0,2.0,False,False,TERRORIST,False,144870,76561199433997570,Simple Dimple skins.army
8,29,17,0,,,,,,,False,144870,76561199557907229,shawty#)$@
0,39,25,0,0.0,2.0,3.0,False,False,CT,False,144870,76561198049602148,Moon
8,31,39,0,0.0,1.0,2.0,False,False,TERRORIST,False,144870,76561199068251294,prosto bo$$
0,43,40,0,0.0,1.0,3.0,False,False,CT,False,144870,76561198171814417,Faat
8,36,32,0,0.0,2.0,3.0,False,False,CT,False,144870,76561199052717313,Worfy
8,23,27,0,0.0,2.0,2.0,False,False,TERRORIST,False,144871,76561199256543526,Wybaczam.oficjalnie skins.army
8,35,59,0,0.0,2.0,2.0,False,False,TERRORIST,False,144871,76561199826895670,RME | Пацан
0,41,48,0,0.0,2.0,3.0,False,False,CT,False,144871,76561198002613044,frees.tyler
0,39,45,0,0.0,2.0,3.0,False,False,CT,False,144871,76561198274174345,zig
8,24,62,0,0.0,2.0,2.0,False,False,TERRORIST,False,144871,76561199433997570,Simple Dimple skins.army
8,29,17,0,,,,,,,False,144871,76561199557907229,shawty#)$@
0,39,25,0,0.0,2.0,3.0,False,False,CT,False,144871,76561198049602148,Moon
8,31,39,0,0.0,1.0,2.0,False,False,TERRORIST,False,144871,76561199068251294,prosto bo$$
0,43,40,0,0.0,1.0,3.0,False,False,CT,False,144871,76561198171814417,Faat
8,36,32,0,0.0,2.0,3.0,False,False,CT,False,144871,76561199052717313,Worfy
8,23,27,0,0.0,2.0,2.0,False,False,TERRORIST,False,144872,76561199256543526,Wybaczam.oficjalnie skins.army
8,35,59,0,0.0,2.0,2.0,False,False,TERRORIST,False,144872,76561199826895670,RME | Пацан
0,41,48,0,0.0,2.0,3.0,False,False,CT,False,144872,76561198002613044,frees.tyler
0,39,45,0,0.0,2.0,3.0,False,False,CT,False,144872,76561198274174345,zig
8,24,62,0,0.0,2.0,2.0,False,False,TERRORIST,False,144872,76561199433997570,Simple Dimple skins.army
8,29,17,0,,,,,,,False,144872,76561199557907229,shawty#)$@
0,39,25,0,0.0,2.0,3.0,False,False,CT,False,144872,76561198049602148,Moon
8,31,39,0,0.0,1.0,2.0,False,False,TERRORIST,False,144872,76561199068251294,prosto bo$$
0,43,40,0,0.0,1.0,3.0,False,False,CT,False,144872,76561198171814417,Faat
8,36,32,0,0.0,2.0,3.0,False,False,CT,False,144872,76561199052717313,Worfy
8,23,27,0,0.0,2.0,2.0,False,False,TERRORIST,False,144873,76561199256543526,Wybaczam.oficjalnie skins.army
8,35,59,0,0.0,2.0,2.0,False,False,TERRORIST,False,144873,76561199826895670,RME | Пацан
0,41,48,0,0.0,2.0,3.0,False,False,CT,False,144873,76561198002613044,frees.tyler
0,39,45,0,0.0,2.0,3.0,False,False,CT,False,144873,76561198274174345,zig
8,24,62,0,0.0,2.0,2.0,False,False,TERRORIST,False,144873,76561199433997570,Simple Dimple skins.army
8,29,17,0,,,,,,,False,144873,76561199557907229,shawty#)$@
0,39,25,0,0.0,2.0,3.0,False,False,CT,False,144873,76561198049602148,Moon
8,31,39,0,0.0,1.0,2.0,False,False,TERRORIST,False,144873,76561199068251294,prosto bo$$
0,43,40,0,0.0,1.0,3.0,False,False,CT,False,144873,76561198171814417,Faat
8,36,32,0,0.0,2.0,3.0,False,False,CT,False,144873,76561199052717313,Worfy
8,23,27,0,0.0,2.0,2.0,False,False,TERRORIST,False,144874,76561199256543526,Wybaczam.oficjalnie skins.army
8,35,59,0,0.0,2.0,2.0,False,False,TERRORIST,False,144874,76561199826895670,RME | Пацан
0,41,48,0,0.0,2.0,3.0,False,False,CT,False,144874,76561198002613044,frees.tyler
0,39,45,0,0.0,2.0,3.0,False,False,CT,False,144874,76561198274174345,zig
8,24,62,0,0.0,2.0,2.0,False,False,TERRORIST,False,144874,76561199433997570,Simple Dimple skins.army
8,29,17,0,,,,,,,False,144874,76561199557907229,shawty#)$@
0,39,25,0,0.0,2.0,3.0,False,False,CT,False,144874,76561198049602148,Moon
8,31,39,0,0.0,1.0,2.0,False,False,TERRORIST,False,144874,76561199068251294,prosto bo$$
0,43,40,0,0.0,1.0,3.0,False,False,CT,False,144874,76561198171814417,Faat
8,36,32,0,0.0,2.0,3.0,False,False,CT,False,144874,76561199052717313,Worfy
8,23,27,0,0.0,2.0,2.0,False,False,TERRORIST,False,144875,76561199256543526,Wybaczam.oficjalnie skins.army
8,35,59,0,0.0,2.0,2.0,False,False,TERRORIST,False,144875,76561199826895670,RME | Пацан
0,41,48,0,0.0,2.0,3.0,False,False,CT,False,144875,76561198002613044,frees.tyler
0,39,45,0,0.0,2.0,3.0,False,False,CT,False,144875,76561198274174345,zig
8,24,62,0,0.0,2.0,2.0,False,False,TERRORIST,False,144875,76561199433997570,Simple Dimple skins.army
8,29,17,0,,,,,,,False,144875,76561199557907229,shawty#)$@
0,39,25,0,0.0,2.0,3.0,False,False,CT,False,144875,76561198049602148,Moon
8,31,39,0,0.0,1.0,2.0,False,False,TERRORIST,False,144875,76561199068251294,prosto bo$$
0,43,40,0,0.0,1.0,3.0,False,False,CT,False,144875,76561198171814417,Faat
8,36,32,0,0.0,2.0,3.0,False,False,CT,False,144875,76561199052717313,Worfy
8,23,27,0,0.0,2.0,2.0,False,False,TERRORIST,False,144876,76561199256543526,Wybaczam.oficjalnie skins.army
8,35,59,0,0.0,2.0,2.0,False,False,TERRORIST,False,144876,76561199826895670,RME | Пацан
0,41,48,0,0.0,2.0,3.0,False,False,CT,False,144876,76561198002613044,frees.tyler
0,39,45,0,0.0,2.0,3.0,False,False,CT,False,144876,76561198274174345,zig
8,24,62,0,0.0,2.0,2.0,False,False,TERRORIST,False,144876,76561199433997570,Simple Dimple skins.army
8,29,17,0,,,,,,,False,144876,76561199557907229,shawty#)$@
0,39,25,0,0.0,2.0,3.0,False,False,CT,False,144876,76561198049602148,Moon
8,31,39,0,0.0,1.0,2.0,False,False,TERRORIST,False,144876,76561199068251294,prosto bo$$
0,43,40,0,0.0,1.0,3.0,False,False,CT,False,144876,76561198171814417,Faat
8,36,32,0,0.0,2.0,3.0,False,False,CT,False,144876,76561199052717313,Worfy
8,23,27,0,0.0,2.0,2.0,False,False,TERRORIST,False,144877,76561199256543526,Wybaczam.oficjalnie skins.army
8,35,59,0,0.0,2.0,2.0,False,False,TERRORIST,False,144877,76561199826895670,RME | Пацан
0,41,48,0,0.0,2.0,3.0,False,False,CT,False,144877,76561198002613044,frees.tyler
0,39,45,0,0.0,2.0,3.0,False,False,CT,False,144877,76561198274174345,zig
8,24,62,0,0.0,2.0,2.0,False,False,TERRORIST,False,144877,76561199433997570,Simple Dimple skins.army
8,29,17,0,,,,,,,False,144877,76561199557907229,shawty#)$@
0,39,25,0,0.0,2.0,3.0,False,False,CT,False,144877,76561198049602148,Moon
8,31,39,0,0.0,1.0,2.0,False,False,TERRORIST,False,144877,76561199068251294,prosto bo$$
0,43,40,0,0.0,1.0,3.0,False,False,CT,False,144877,76561198171814417,Faat
8,36,32,0,0.0,2.0,3.0,False,False,CT,False,144877,76561199052717313,Worfy
8,23,27,0,0.0,2.0,2.0,False,False,TERRORIST,False,144878,76561199256543526,Wybaczam.oficjalnie skins.army
8,35,59,0,0.0,2.0,2.0,False,False,TERRORIST,False,144878,76561199826895670,RME | Пацан
0,41,48,0,0.0,2.0,3.0,False,False,CT,False,144878,76561198002613044,frees.tyler
0,39,45,0,0.0,2.0,3.0,False,False,CT,False,144878,76561198274174345,zig
8,24,62,0,0.0,2.0,2.0,False,False,TERRORIST,False,144878,76561199433997570,Simple Dimple skins.army
8,29,17,0,,,,,,,False,144878,76561199557907229,shawty#)$@
0,39,25,0,0.0,2.0,3.0,False,False,CT,False,144878,76561198049602148,Moon
8,31,39,0,0.0,1.0,2.0,False,False,TERRORIST,False,144878,76561199068251294,prosto bo$$
0,43,40,0,0.0,1.0,3.0,False,False,CT,False,144878,76561198171814417,Faat
8,36,32,0,0.0,2.0,3.0,False,False,CT,False,144878,76561199052717313,Worfy
8,23,27,0,0.0,2.0,2.0,False,False,TERRORIST,False,144879,76561199256543526,Wybaczam.oficjalnie skins.army
8,35,59,0,0.0,2.0,2.0,False,False,TERRORIST,False,144879,76561199826895670,RME | Пацан
0,41,48,0,0.0,2.0,3.0,False,False,CT,False,144879,76561198002613044,frees.tyler
0,39,45,0,0.0,2.0,3.0,False,False,CT,False,144879,76561198274174345,zig
8,24,62,0,0.0,2.0,2.0,False,False,TERRORIST,False,144879,76561199433997570,Simple Dimple skins.army
8,29,17,0,,,,,,,False,144879,76561199557907229,shawty#)$@
0,39,25,0,0.0,2.0,3.0,False,False,CT,False,144879,76561198049602148,Moon
8,31,39,0,0.0,1.0,2.0,False,False,TERRORIST,False,144879,76561199068251294,prosto bo$$
0,43,40,0,0.0,1.0,3.0,False,False,CT,False,144879,76561198171814417,Faat
8,36,32,0,0.0,2.0,3.0,False,False,CT,False,144879,76561199052717313,Worfy
8,23,27,0,0.0,2.0,2.0,False,False,TERRORIST,False,144880,76561199256543526,Wybaczam.oficjalnie skins.army
8,35,59,0,0.0,2.0,2.0,False,False,TERRORIST,False,144880,76561199826895670,RME | Пацан
0,41,48,0,0.0,2.0,3.0,False,False,CT,False,144880,76561198002613044,frees.tyler
0,39,45,0,0.0,2.0,3.0,False,False,CT,False,144880,76561198274174345,zig
8,24,62,0,0.0,2.0,2.0,False,False,TERRORIST,False,144880,76561199433997570,Simple Dimple skins.army
8,29,17,0,,,,,,,False,144880,76561199557907229,shawty#)$@
0,39,25,0,0.0,2.0,3.0,False,False,CT,False,144880,76561198049602148,Moon
8,31,39,0,0.0,1.0,2.0,False,False,TERRORIST,False,144880,76561199068251294,prosto bo$$
0,43,40,0,0.0,1.0,3.0,False,False,CT,False,144880,76561198171814417,Faat
8,36,32,0,0.0,2.0,3.0,False,False,CT,False,144880,76561199052717313,Worfy
8,23,27,0,0.0,2.0,2.0,False,False,TERRORIST,False,144881,76561199256543526,Wybaczam.oficjalnie skins.army
8,35,59,0,0.0,2.0,2.0,False,False,TERRORIST,False,144881,76561199826895670,RME | Пацан
0,41,48,0,0.0,2.0,3.0,False,False,CT,False,144881,76561198002613044,frees.tyler
0,39,45,0,0.0,2.0,3.0,False,False,CT,False,144881,76561198274174345,zig
8,24,62,0,0.0,2.0,2.0,False,False,TERRORIST,False,144881,76561199433997570,Simple Dimple skins.army
8,29,17,0,,,,,,,False,144881,76561199557907229,shawty#)$@
0,39,25,0,0.0,2.0,3.0,False,False,CT,False,144881,76561198049602148,Moon
8,31,39,0,0.0,1.0,2.0,False,False,TERRORIST,False,144881,76561199068251294,prosto bo$$
0,43,40,0,0.0,1.0,3.0,False,False,CT,False,144881,76561198171814417,Faat
8,36,32,0,0.0,2.0,3.0,False,False,CT,False,144881,76561199052717313,Worfy
8,23,27,0,0.0,2.0,2.0,False,False,TERRORIST,False,144882,76561199256543526,Wybaczam.oficjalnie skins.army
8,35,59,0,0.0,2.0,2.0,False,False,TERRORIST,False,144882,76561199826895670,RME | Пацан
0,41,48,0,0.0,2.0,3.0,False,False,CT,False,144882,76561198002613044,frees.tyler
0,39,45,0,0.0,2.0,3.0,False,False,CT,False,144882,76561198274174345,zig
8,24,62,0,0.0,2.0,2.0,False,False,TERRORIST,False,144882,76561199433997570,Simple Dimple skins.army
8,29,17,0,,,,,,,False,144882,76561199557907229,shawty#)$@
0,39,25,0,0.0,2.0,3.0,False,False,CT,False,144882,76561198049602148,Moon
8,31,39,0,0.0,1.0,2.0,False,False,TERRORIST,False,144882,76561199068251294,prosto bo$$
0,43,40,0,0.0,1.0,3.0,False,False,CT,False,144882,76561198171814417,Faat
8,36,32,0,0.0,2.0,3.0,False,False,CT,False,144882,76561199052717313,Worfy
8,23,27,0,0.0,2.0,2.0,False,False,TERRORIST,False,144883,76561199256543526,Wybaczam.oficjalnie skins.army
8,35,59,0,0.0,2.0,2.0,False,False,TERRORIST,False,144883,76561199826895670,RME | Пацан
0,41,48,0,0.0,2.0,3.0,False,False,CT,False,144883,76561198002613044,frees.tyler
0,39,45,0,0.0,2.0,3.0,False,False,CT,False,144883,76561198274174345,zig
8,24,62,0,0.0,2.0,2.0,False,False,TERRORIST,False,144883,76561199433997570,Simple Dimple skins.army
8,29,17,0,,,,,,,False,144883,76561199557907229,shawty#)$@
0,39,25,0,0.0,2.0,3.0,False,False,CT,False,144883,76561198049602148,Moon
8,31,39,0,0.0,1.0,2.0,False,False,TERRORIST,False,144883,76561199068251294,prosto bo$$
0,43,40,0,0.0,1.0,3.0,False,False,CT,False,144883,76561198171814417,Faat
8,36,32,0,0.0,2.0,3.0,False,False,CT,False,144883,76561199052717313,Worfy
8,23,27,0,0.0,2.0,2.0,False,False,TERRORIST,False,144884,76561199256543526,Wybaczam.oficjalnie skins.army
8,35,59,0,0.0,2.0,2.0,False,False,TERRORIST,False,144884,76561199826895670,RME | Пацан
0,41,48,0,0.0,2.0,3.0,False,False,CT,False,144884,76561198002613044,frees.tyler
0,39,45,0,0.0,2.0,3.0,False,False,CT,False,144884,76561198274174345,zig
8,24,62,0,0.0,2.0,2.0,False,False,TERRORIST,False,144884,76561199433997570,Simple Dimple skins.army
8,29,17,0,,,,,,,False,144884,76561199557907229,shawty#)$@
0,39,25,0,0.0,2.0,3.0,False,False,CT,False,144884,76561198049602148,Moon
8,31,39,0,0.0,1.0,2.0,False,False,TERRORIST,False,144884,76561199068251294,prosto bo$$
0,43,40,0,0.0,1.0,3.0,False,False,CT,False,144884,76561198171814417,Faat
8,36,32,0,0.0,2.0,3.0,False,False,CT,False,144884,76561199052717313,Worfy
8,23,27,0,0.0,2.0,2.0,False,False,TERRORIST,False,144885,76561199256543526,Wybaczam.oficjalnie skins.army
8,35,59,0,0.0,2.0,2.0,False,False,TERRORIST,False,144885,76561199826895670,RME | Пацан
0,41,48,0,0.0,2.0,3.0,False,False,CT,False,144885,76561198002613044,frees.tyler
0,39,45,0,0.0,2.0,3.0,False,False,CT,False,144885,76561198274174345,zig
8,24,62,0,0.0,2.0,2.0,False,False,TERRORIST,False,144885,76561199433997570,Simple Dimple skins.army
8,29,17,0,,,,,,,False,144885,76561199557907229,shawty#)$@
0,39,25,0,0.0,2.0,3.0,False,False,CT,False,144885,76561198049602148,Moon
8,31,39,0,0.0,1.0,2.0,False,False,TERRORIST,False,144885,76561199068251294,prosto bo$$
0,43,40,0,0.0,1.0,3.0,False,False,CT,False,144885,76561198171814417,Faat
8,36,32,0,0.0,2.0,3.0,False,False,CT,False,144885,76561199052717313,Worfy
8,23,27,0,0.0,2.0,2.0,False,False,TERRORIST,False,144886,76561199256543526,Wybaczam.oficjalnie skins.army
8,35,59,0,0.0,2.0,2.0,False,False,TERRORIST,False,144886,76561199826895670,RME | Пацан
0,41,48,0,0.0,2.0,3.0,False,False,CT,False,144886,76561198002613044,frees.tyler
0,39,45,0,0.0,2.0,3.0,False,False,CT,False,144886,76561198274174345,zig
8,24,62,0,0.0,2.0,2.0,False,False,TERRORIST,False,144886,76561199433997570,Simple Dimple skins.army
8,29,17,0,,,,,,,False,144886,76561199557907229,shawty#)$@
0,39,25,0,0.0,2.0,3.0,False,False,CT,False,144886,76561198049602148,Moon
8,31,39,0,0.0,1.0,2.0,False,False,TERRORIST,False,144886,76561199068251294,prosto bo$$
0,43,40,0,0.0,1.0,3.0,False,False,CT,False,144886,76561198171814417,Faat
8,36,32,0,0.0,2.0,3.0,False,False,CT,False,144886,76561199052717313,Worfy
8,23,27,0,0.0,2.0,2.0,False,False,TERRORIST,False,144887,76561199256543526,Wybaczam.oficjalnie skins.army
8,35,59,0,0.0,2.0,2.0,False,False,TERRORIST,False,144887,76561199826895670,RME | Пацан
0,41,48,0,0.0,2.0,3.0,False,False,CT,False,144887,76561198002613044,frees.tyler
0,39,45,0,0.0,2.0,3.0,False,False,CT,False,144887,76561198274174345,zig
8,24,62,0,0.0,2.0,2.0,False,False,TERRORIST,False,144887,76561199433997570,Simple Dimple skins.army
8,29,17,0,,,,,,,False,144887,76561199557907229,shawty#)$@
0,39,25,0,0.0,2.0,3.0,False,False,CT,False,144887,76561198049602148,Moon
8,31,39,0,0.0,1.0,2.0,False,False,TERRORIST,False,144887,76561199068251294,prosto bo$$
0,43,40,0,0.0,1.0,3.0,False,False,CT,False,144887,76561198171814417,Faat
8,36,32,0,0.0,2.0,3.0,False,False,CT,False,144887,76561199052717313,Worfy
8,23,27,0,0.0,2.0,2.0,False,False,TERRORIST,False,144888,76561199256543526,Wybaczam.oficjalnie skins.army
8,35,59,0,0.0,2.0,2.0,False,False,TERRORIST,False,144888,76561199826895670,RME | Пацан
0,41,48,0,0.0,2.0,3.0,False,False,CT,False,144888,76561198002613044,frees.tyler
0,39,45,0,0.0,2.0,3.0,False,False,CT,False,144888,76561198274174345,zig
8,24,62,0,0.0,2.0,2.0,False,False,TERRORIST,False,144888,76561199433997570,Simple Dimple skins.army
8,29,17,0,,,,,,,False,144888,76561199557907229,shawty#)$@
0,39,25,0,0.0,2.0,3.0,False,False,CT,False,144888,76561198049602148,Moon
8,31,39,0,0.0,1.0,2.0,False,False,TERRORIST,False,144888,76561199068251294,prosto bo$$
0,43,40,0,0.0,1.0,3.0,False,False,CT,False,144888,76561198171814417,Faat
8,36,32,0,0.0,2.0,3.0,False,False,CT,False,144888,76561199052717313,Worfy
8,23,27,0,0.0,2.0,2.0,False,False,TERRORIST,False,144889,76561199256543526,Wybaczam.oficjalnie skins.army
8,35,59,0,0.0,2.0,2.0,False,False,TERRORIST,False,144889,76561199826895670,RME | Пацан
0,41,48,0,0.0,2.0,3.0,False,False,CT,False,144889,76561198002613044,frees.tyler
0,39,45,0,0.0,2.0,3.0,False,False,CT,False,144889,76561198274174345,zig
8,24,62,0,0.0,2.0,2.0,False,False,TERRORIST,False,144889,76561199433997570,Simple Dimple skins.army
8,29,17,0,,,,,,,False,144889,76561199557907229,shawty#)$@
0,39,25,0,0.0,2.0,3.0,False,False,CT,False,144889,76561198049602148,Moon
8,31,39,0,0.0,1.0,2.0,False,False,TERRORIST,False,144889,76561199068251294,prosto bo$$
0,43,40,0,0.0,1.0,3.0,False,False,CT,False,144889,76561198171814417,Faat
8,36,32,0,0.0,2.0,3.0,False,False,CT,False,144889,76561199052717313,Worfy
8,23,27,0,0.0,2.0,2.0,False,False,TERRORIST,False,144890,76561199256543526,Wybaczam.oficjalnie skins.army
8,35,59,0,0.0,2.0,2.0,False,False,TERRORIST,False,144890,76561199826895670,RME | Пацан
0,41,48,0,0.0,2.0,3.0,False,False,CT,False,144890,76561198002613044,frees.tyler
0,39,45,0,0.0,2.0,3.0,False,False,CT,False,144890,76561198274174345,zig
8,24,62,0,0.0,2.0,2.0,False,False,TERRORIST,False,144890,76561199433997570,Simple Dimple skins.army
8,29,17,0,,,,,,,False,144890,76561199557907229,shawty#)$@
0,39,25,0,0.0,2.0,3.0,False,False,CT,False,144890,76561198049602148,Moon
8,31,39,0,0.0,1.0,2.0,False,False,TERRORIST,False,144890,76561199068251294,prosto bo$$
0,43,40,0,0.0,1.0,3.0,False,False,CT,False,144890,76561198171814417,Faat
8,36,32,0,0.0,2.0,3.0,False,False,CT,False,144890,76561199052717313,Worfy
8,23,27,0,0.0,2.0,2.0,False,False,TERRORIST,False,144891,76561199256543526,Wybaczam.oficjalnie skins.army
8,35,59,0,0.0,2.0,2.0,False,False,TERRORIST,False,144891,76561199826895670,RME | Пацан
0,41,48,0,0.0,2.0,3.0,False,False,CT,False,144891,76561198002613044,frees.tyler
0,39,45,0,0.0,2.0,3.0,False,False,CT,False,144891,76561198274174345,zig
8,24,62,0,0.0,2.0,2.0,False,False,TERRORIST,False,144891,76561199433997570,Simple Dimple skins.army
8,29,17,0,,,,,,,False,144891,76561199557907229,shawty#)$@
0,39,25,0,0.0,2.0,3.0,False,False,CT,False,144891,76561198049602148,Moon
8,31,39,0,0.0,1.0,2.0,False,False,TERRORIST,False,144891,76561199068251294,prosto bo$$
0,43,40,0,0.0,1.0,3.0,False,False,CT,False,144891,76561198171814417,Faat
8,36,32,0,0.0,2.0,3.0,False,False,CT,False,144891,76561199052717313,Worfy
8,23,27,0,0.0,2.0,2.0,False,False,TERRORIST,False,144892,76561199256543526,Wybaczam.oficjalnie skins.army
8,35,59,0,0.0,2.0,2.0,False,False,TERRORIST,False,144892,76561199826895670,RME | Пацан
0,41,48,0,0.0,2.0,3.0,False,False,CT,False,144892,76561198002613044,frees.tyler
0,39,45,0,0.0,2.0,3.0,False,False,CT,False,144892,76561198274174345,zig
8,24,62,0,0.0,2.0,2.0,False,False,TERRORIST,False,144892,76561199433997570,Simple Dimple skins.army
8,29,17,0,,,,,,,False,144892,76561199557907229,shawty#)$@
0,39,25,0,0.0,2.0,3.0,False,False,CT,False,144892,76561198049602148,Moon
8,31,39,0,0.0,1.0,2.0,False,False,TERRORIST,False,144892,76561199068251294,prosto bo$$
0,43,40,0,0.0,1.0,3.0,False,False,CT,False,144892,76561198171814417,Faat
8,36,32,0,0.0,2.0,3.0,False,False,CT,False,144892,76561199052717313,Worfy
8,23,27,0,0.0,2.0,2.0,False,False,TERRORIST,False,144893,76561199256543526,Wybaczam.oficjalnie skins.army
8,35,59,0,0.0,2.0,2.0,False,False,TERRORIST,False,144893,76561199826895670,RME | Пацан
0,41,48,0,0.0,2.0,3.0,False,False,CT,False,144893,76561198002613044,frees.tyler
0,39,45,0,0.0,2.0,3.0,False,False,CT,False,144893,76561198274174345,zig
8,24,62,0,0.0,2.0,2.0,False,False,TERRORIST,False,144893,76561199433997570,Simple Dimple skins.army
8,29,17,0,,,,,,,False,144893,76561199557907229,shawty#)$@
0,39,25,0,0.0,2.0,3.0,False,False,CT,False,144893,76561198049602148,Moon
8,31,39,0,0.0,1.0,2.0,False,False,TERRORIST,False,144893,76561199068251294,prosto bo$$
0,43,40,0,0.0,1.0,3.0,False,False,CT,False,144893,76561198171814417,Faat
8,36,32,0,0.0,2.0,3.0,False,False,CT,False,144893,76561199052717313,Worfy
8,23,27,0,0.0,2.0,2.0,False,False,TERRORIST,False,144894,76561199256543526,Wybaczam.oficjalnie skins.army
8,35,59,0,0.0,2.0,2.0,False,False,TERRORIST,False,144894,76561199826895670,RME | Пацан
0,41,48,0,0.0,2.0,3.0,False,False,CT,False,144894,76561198002613044,frees.tyler
0,39,45,0,0.0,2.0,3.0,False,False,CT,False,144894,76561198274174345,zig
8,24,62,0,0.0,2.0,2.0,False,False,TERRORIST,False,144894,76561199433997570,Simple Dimple skins.army
8,29,17,0,,,,,,,False,144894,76561199557907229,shawty#)$@
0,39,25,0,0.0,2.0,3.0,False,False,CT,False,144894,76561198049602148,Moon
8,31,39,0,0.0,1.0,2.0,False,False,TERRORIST,False,144894,76561199068251294,prosto bo$$
0,43,40,0,0.0,1.0,3.0,False,False,CT,False,144894,76561198171814417,Faat
8,36,32,0,0.0,2.0,3.0,False,False,CT,False,144894,76561199052717313,Worfy
8,23,27,0,0.0,2.0,2.0,False,False,TERRORIST,False,144895,76561199256543526,Wybaczam.oficjalnie skins.army
8,35,59,0,0.0,2.0,2.0,False,False,TERRORIST,False,144895,76561199826895670,RME | Пацан
0,41,48,0,0.0,2.0,3.0,False,False,CT,False,144895,76561198002613044,frees.tyler
0,39,45,0,0.0,2.0,3.0,False,False,CT,False,144895,76561198274174345,zig
8,24,62,0,0.0,2.0,2.0,False,False,TERRORIST,False,144895,76561199433997570,Simple Dimple skins.army
8,29,17,0,,,,,,,False,144895,76561199557907229,shawty#)$@
0,39,25,0,0.0,2.0,3.0,False,False,CT,False,144895,76561198049602148,Moon
8,31,39,0,0.0,1.0,2.0,False,False,TERRORIST,False,144895,76561199068251294,prosto bo$$
0,43,40,0,0.0,1.0,3.0,False,False,CT,False,144895,76561198171814417,Faat
8,36,32,0,0.0,2.0,3.0,False,False,CT,False,144895,76561199052717313,Worfy
8,23,27,0,0.0,2.0,2.0,False,False,TERRORIST,False,144896,76561199256543526,Wybaczam.oficjalnie skins.army
8,35,59,0,0.0,2.0,2.0,False,False,TERRORIST,False,144896,76561199826895670,RME | Пацан
0,41,48,0,0.0,2.0,3.0,False,False,CT,False,144896,76561198002613044,frees.tyler
0,39,45,0,0.0,2.0,3.0,False,False,CT,False,144896,76561198274174345,zig
8,24,62,0,0.0,2.0,2.0,False,False,TERRORIST,False,144896,76561199433997570,Simple Dimple skins.army
8,29,17,0,,,,,,,False,144896,76561199557907229,shawty#)$@
0,39,25,0,0.0,2.0,3.0,False,False,CT,False,144896,76561198049602148,Moon
8,31,39,0,0.0,1.0,2.0,False,False,TERRORIST,False,144896,76561199068251294,prosto bo$$
0,43,40,0,0.0,1.0,3.0,False,False,CT,False,144896,76561198171814417,Faat
8,36,32,0,0.0,2.0,3.0,False,False,CT,False,144896,76561199052717313,Worfy
8,23,27,0,0.0,2.0,2.0,False,False,TERRORIST,False,144897,76561199256543526,Wybaczam.oficjalnie skins.army
8,35,59,0,0.0,2.0,2.0,False,False,TERRORIST,False,144897,76561199826895670,RME | Пацан
0,41,48,0,0.0,2.0,3.0,False,False,CT,False,144897,76561198002613044,frees.tyler
0,39,45,0,0.0,2.0,3.0,False,False,CT,False,144897,76561198274174345,zig
8,24,62,0,0.0,2.0,2.0,False,False,TERRORIST,False,144897,76561199433997570,Simple Dimple skins.army
8,29,17,0,,,,,,,False,144897,76561199557907229,shawty#)$@
0,39,25,0,0.0,2.0,3.0,False,False,CT,False,144897,76561198049602148,Moon
8,31,39,0,0.0,1.0,2.0,False,False,TERRORIST,False,144897,76561199068251294,prosto bo$$
0,43,40,0,0.0,1.0,3.0,False,False,CT,False,144897,76561198171814417,Faat
8,36,32,0,0.0,2.0,3.0,False,False,CT,False,144897,76561199052717313,Worfy
8,23,27,0,0.0,2.0,2.0,False,False,TERRORIST,False,144898,76561199256543526,Wybaczam.oficjalnie skins.army
8,35,59,0,0.0,2.0,2.0,False,False,TERRORIST,False,144898,76561199826895670,RME | Пацан
0,41,48,0,0.0,2.0,3.0,False,False,CT,False,144898,76561198002613044,frees.tyler
0,39,45,0,0.0,2.0,3.0,False,False,CT,False,144898,76561198274174345,zig
8,24,62,0,0.0,2.0,2.0,False,False,TERRORIST,False,144898,76561199433997570,Simple Dimple skins.army
8,29,17,0,,,,,,,False,144898,76561199557907229,shawty#)$@
0,39,25,0,0.0,2.0,3.0,False,False,CT,False,144898,76561198049602148,Moon
8,31,39,0,0.0,1.0,2.0,False,False,TERRORIST,False,144898,76561199068251294,prosto bo$$
0,43,40,0,0.0,1.0,3.0,False,False,CT,False,144898,76561198171814417,Faat
8,36,32,0,0.0,2.0,3.0,False,False,CT,False,144898,76561199052717313,Worfy
8,23,27,0,0.0,2.0,2.0,False,False,TERRORIST,False,144899,76561199256543526,Wybaczam.oficjalnie skins.army
8,35,59,0,0.0,2.0,2.0,False,False,TERRORIST,False,144899,76561199826895670,RME | Пацан
0,41,48,0,0.0,2.0,3.0,False,False,CT,False,144899,76561198002613044,frees.tyler
0,39,45,0,0.0,2.0,3.0,False,False,CT,False,144899,76561198274174345,zig
8,24,62,0,0.0,2.0,2.0,False,False,TERRORIST,False,144899,76561199433997570,Simple Dimple skins.army
8,29,17,0,,,,,,,False,144899,76561199557907229,shawty#)$@
0,39,25,0,0.0,2.0,3.0,False,False,CT,False,144899,76561198049602148,Moon
8,31,39,0,0.0,1.0,2.0,False,False,TERRORIST,False,144899,76561199068251294,prosto bo$$
0,43,40,0,0.0,1.0,3.0,False,False,CT,False,144899,76561198171814417,Faat
8,36,32,0,0.0,2.0,3.0,False,False,CT,False,144899,76561199052717313,Worfy
8,23,27,0,0.0,2.0,2.0,False,False,TERRORIST,False,144900,76561199256543526,Wybaczam.oficjalnie skins.army
8,35,59,0,0.0,2.0,2.0,False,False,TERRORIST,False,144900,76561199826895670,RME | Пацан
0,41,48,0,0.0,2.0,3.0,False,False,CT,False,144900,76561198002613044,frees.tyler
0,39,45,0,0.0,2.0,3.0,False,False,CT,False,144900,76561198274174345,zig
8,24,62,0,0.0,2.0,2.0,False,False,TERRORIST,False,144900,76561199433997570,Simple Dimple skins.army
8,29,17,0,,,,,,,False,144900,76561199557907229,shawty#)$@
0,39,25,0,0.0,2.0,3.0,False,False,CT,False,144900,76561198049602148,Moon
8,31,39,0,0.0,1.0,2.0,False,False,TERRORIST,False,144900,76561199068251294,prosto bo$$
0,43,40,0,0.0,1.0,3.0,False,False,CT,False,144900,76561198171814417,Faat
8,36,32,0,0.0,2.0,3.0,False,False,CT,False,144900,76561199052717313,Worfy
8,23,27,0,0.0,2.0,2.0,False,False,TERRORIST,False,144901,76561199256543526,Wybaczam.oficjalnie skins.army
8,35,59,0,0.0,2.0,2.0,False,False,TERRORIST,False,144901,76561199826895670,RME | Пацан
0,41,48,0,0.0,2.0,3.0,False,False,CT,False,144901,76561198002613044,frees.tyler
0,39,45,0,0.0,2.0,3.0,False,False,CT,False,144901,76561198274174345,zig
8,24,62,0,0.0,2.0,2.0,False,False,TERRORIST,False,144901,76561199433997570,Simple Dimple skins.army
8,29,17,0,,,,,,,False,144901,76561199557907229,shawty#)$@
0,39,25,0,0.0,2.0,3.0,False,False,CT,False,144901,76561198049602148,Moon
8,31,39,0,0.0,1.0,2.0,False,False,TERRORIST,False,144901,76561199068251294,prosto bo$$
0,43,40,0,0.0,1.0,3.0,False,False,CT,False,144901,76561198171814417,Faat
8,36,32,0,0.0,2.0,3.0,False,False,CT,False,144901,76561199052717313,Worfy
8,23,27,0,0.0,2.0,2.0,False,False,TERRORIST,False,144902,76561199256543526,Wybaczam.oficjalnie skins.army
8,35,59,0,0.0,2.0,2.0,False,False,TERRORIST,False,144902,76561199826895670,RME | Пацан
0,41,48,0,0.0,2.0,3.0,False,False,CT,False,144902,76561198002613044,frees.tyler
0,39,45,0,0.0,2.0,3.0,False,False,CT,False,144902,76561198274174345,zig
8,24,62,0,0.0,2.0,2.0,False,False,TERRORIST,False,144902,76561199433997570,Simple Dimple skins.army
8,29,17,0,,,,,,,False,144902,76561199557907229,shawty#)$@
0,39,25,0,0.0,2.0,3.0,False,False,CT,False,144902,76561198049602148,Moon
8,31,39,0,0.0,1.0,2.0,False,False,TERRORIST,False,144902,76561199068251294,prosto bo$$
0,43,40,0,0.0,1.0,3.0,False,False,CT,False,144902,76561198171814417,Faat
8,36,32,0,0.0,2.0,3.0,False,False,CT,False,144902,76561199052717313,Worfy
