is_connected,ping,score,armor,health,life_state,team_num,has_defuser,has_helmet,team_name,is_alive,tick,steamid,name
0,22,0,0,100.0,0.0,3.0,False,False,CT,True,1,76561199256543526,Wybaczam.oficjalnie skins.army
0,28,0,0,100.0,0.0,3.0,False,False,CT,True,1,76561199826895670,RME | Пацан
0,42,0,0,100.0,0.0,2.0,False,False,TERRORIST,True,1,76561198002613044,frees.tyler
0,41,4,100,24.0,0.0,2.0,False,True,TERRORIST,True,1,76561198274174345,zig
0,24,0,0,100.0,0.0,3.0,False,False,CT,True,1,76561199433997570,Simple Dimple skins.army
0,30,0,0,0.0,1.0,3.0,False,False,CT,False,1,76561199557907229,shawty#)$@
0,38,0,100,100.0,0.0,2.0,False,True,TERRORIST,True,1,76561198049602148,Moon
0,32,0,0,78.0,0.0,3.0,False,False,CT,True,1,76561199068251294,prosto bo$$
0,44,3,100,100.0,0.0,2.0,False,True,TERRORIST,True,1,76561198171814417,Faat
0,37,4,0,100.0,0.0,2.0,False,False,TERRORIST,True,1,76561199052717313,Worfy
0,22,0,0,100.0,0.0,3.0,False,False,CT,True,2,76561199256543526,Wybaczam.oficjalnie skins.army
0,28,0,0,100.0,0.0,3.0,False,False,CT,True,2,76561199826895670,RME | Пацан
0,42,0,0,100.0,0.0,2.0,False,False,TERRORIST,True,2,76561198002613044,frees.tyler
0,41,4,100,24.0,0.0,2.0,False,True,TERRORIST,True,2,76561198274174345,zig
0,24,0,0,100.0,0.0,3.0,False,False,CT,True,2,76561199433997570,Simple Dimple skins.army
0,30,0,0,0.0,1.0,3.0,False,False,CT,False,2,76561199557907229,shawty#)$@
0,38,0,100,100.0,0.0,2.0,False,True,TERRORIST,True,2,76561198049602148,Moon
0,32,0,0,78.0,0.0,3.0,False,False,CT,True,2,76561199068251294,prosto bo$$
0,44,3,100,100.0,0.0,2.0,False,True,TERRORIST,True,2,76561198171814417,Faat
0,37,4,0,100.0,0.0,2.0,False,False,TERRORIST,True,2,76561199052717313,Worfy
0,22,0,0,100.0,0.0,3.0,False,False,CT,True,3,76561199256543526,Wybaczam.oficjalnie skins.army
0,28,0,0,100.0,0.0,3.0,False,False,CT,True,3,76561199826895670,RME | Пацан
0,42,0,0,100.0,0.0,2.0,False,False,TERRORIST,True,3,76561198002613044,frees.tyler
0,41,4,100,24.0,0.0,2.0,False,True,TERRORIST,True,3,76561198274174345,zig
0,24,0,0,100.0,0.0,3.0,False,False,CT,True,3,76561199433997570,Simple Dimple skins.army
0,30,0,0,0.0,1.0,3.0,False,False,CT,False,3,76561199557907229,shawty#)$@
0,38,0,100,100.0,0.0,2.0,False,True,TERRORIST,True,3,76561198049602148,Moon
0,32,0,0,78.0,0.0,3.0,False,False,CT,True,3,76561199068251294,prosto bo$$
0,44,3,100,100.0,0.0,2.0,False,True,TERRORIST,True,3,76561198171814417,Faat
0,37,4,0,100.0,0.0,2.0,False,False,TERRORIST,True,3,76561199052717313,Worfy
0,22,0,0,100.0,0.0,3.0,False,False,CT,True,4,76561199256543526,Wybaczam.oficjalnie skins.army
0,28,0,0,100.0,0.0,3.0,False,False,CT,True,4,76561199826895670,RME | Пацан
0,42,0,0,100.0,0.0,2.0,False,False,TERRORIST,True,4,76561198002613044,frees.tyler
0,41,4,100,24.0,0.0,2.0,False,True,TERRORIST,True,4,76561198274174345,zig
0,24,0,0,100.0,0.0,3.0,False,False,CT,True,4,76561199433997570,Simple Dimple skins.army
0,30,0,0,0.0,1.0,3.0,False,False,CT,False,4,76561199557907229,shawty#)$@
0,38,0,100,100.0,0.0,2.0,False,True,TERRORIST,True,4,76561198049602148,Moon
0,32,0,0,78.0,0.0,3.0,False,False,CT,True,4,76561199068251294,prosto bo$$
0,44,3,100,100.0,0.0,2.0,False,True,TERRORIST,True,4,76561198171814417,Faat
0,37,4,0,100.0,0.0,2.0,False,False,TERRORIST,True,4,76561199052717313,Worfy
0,22,0,0,100.0,0.0,3.0,False,False,CT,True,5,76561199256543526,Wybaczam.oficjalnie skins.army
0,28,0,0,100.0,0.0,3.0,False,False,CT,True,5,76561199826895670,RME | Пацан
0,42,0,0,100.0,0.0,2.0,False,False,TERRORIST,True,5,76561198002613044,frees.tyler
0,41,4,100,24.0,0.0,2.0,False,True,TERRORIST,True,5,76561198274174345,zig
0,24,0,0,100.0,0.0,3.0,False,False,CT,True,5,76561199433997570,Simple Dimple skins.army
0,30,0,0,0.0,1.0,3.0,False,False,CT,False,5,76561199557907229,shawty#)$@
0,38,0,100,100.0,0.0,2.0,False,True,TERRORIST,True,5,76561198049602148,Moon
0,32,0,0,78.0,0.0,3.0,False,False,CT,True,5,76561199068251294,prosto bo$$
0,44,3,100,100.0,0.0,2.0,False,True,TERRORIST,True,5,76561198171814417,Faat
0,37,4,0,100.0,0.0,2.0,False,False,TERRORIST,True,5,76561199052717313,Worfy
0,22,0,0,100.0,0.0,3.0,False,False,CT,True,6,76561199256543526,Wybaczam.oficjalnie skins.army
0,28,0,0,100.0,0.0,3.0,False,False,CT,True,6,76561199826895670,RME | Пацан
0,42,0,0,100.0,0.0,2.0,False,False,TERRORIST,True,6,76561198002613044,frees.tyler
0,41,4,100,24.0,0.0,2.0,False,True,TERRORIST,True,6,76561198274174345,zig
0,24,0,0,100.0,0.0,3.0,False,False,CT,True,6,76561199433997570,Simple Dimple skins.army
0,30,0,0,0.0,1.0,3.0,False,False,CT,False,6,76561199557907229,shawty#)$@
0,38,0,100,100.0,0.0,2.0,False,True,TERRORIST,True,6,76561198049602148,Moon
0,32,0,0,78.0,0.0,3.0,False,False,CT,True,6,76561199068251294,prosto bo$$
0,44,3,100,100.0,0.0,2.0,False,True,TERRORIST,True,6,76561198171814417,Faat
0,37,4,0,100.0,0.0,2.0,False,False,TERRORIST,True,6,76561199052717313,Worfy
0,22,0,0,100.0,0.0,3.0,False,False,CT,True,7,76561199256543526,Wybaczam.oficjalnie skins.army
0,28,0,0,100.0,0.0,3.0,False,False,CT,True,7,76561199826895670,RME | Пацан
0,42,0,0,100.0,0.0,2.0,False,False,TERRORIST,True,7,76561198002613044,frees.tyler
0,41,4,100,24.0,0.0,2.0,False,True,TERRORIST,True,7,76561198274174345,zig
0,24,0,0,100.0,0.0,3.0,False,False,CT,True,7,76561199433997570,Simple Dimple skins.army
0,30,0,0,0.0,1.0,3.0,False,False,CT,False,7,76561199557907229,shawty#)$@
0,38,0,100,100.0,0.0,2.0,False,True,TERRORIST,True,7,76561198049602148,Moon
0,32,0,0,78.0,0.0,3.0,False,False,CT,True,7,76561199068251294,prosto bo$$
0,44,3,100,100.0,0.0,2.0,False,True,TERRORIST,True,7,76561198171814417,Faat
0,37,4,0,100.0,0.0,2.0,False,False,TERRORIST,True,7,76561199052717313,Worfy
0,22,0,0,100.0,0.0,3.0,False,False,CT,True,8,76561199256543526,Wybaczam.oficjalnie skins.army
0,28,0,0,100.0,0.0,3.0,False,False,CT,True,8,76561199826895670,RME | Пацан
0,42,0,0,100.0,0.0,2.0,False,False,TERRORIST,True,8,76561198002613044,frees.tyler
0,41,4,100,24.0,0.0,2.0,False,True,TERRORIST,True,8,76561198274174345,zig
0,24,0,0,100.0,0.0,3.0,False,False,CT,True,8,76561199433997570,Simple Dimple skins.army
0,30,0,0,0.0,1.0,3.0,False,False,CT,False,8,76561199557907229,shawty#)$@
0,38,0,100,100.0,0.0,2.0,False,True,TERRORIST,True,8,76561198049602148,Moon
0,32,0,0,78.0,0.0,3.0,False,False,CT,True,8,76561199068251294,prosto bo$$
0,44,3,100,100.0,0.0,2.0,False,True,TERRORIST,True,8,76561198171814417,Faat
0,37,4,0,100.0,0.0,2.0,False,False,TERRORIST,True,8,76561199052717313,Worfy
0,22,0,0,100.0,0.0,3.0,False,False,CT,True,9,76561199256543526,Wybaczam.oficjalnie skins.army
0,28,0,0,100.0,0.0,3.0,False,False,CT,True,9,76561199826895670,RME | Пацан
0,42,0,0,100.0,0.0,2.0,False,False,TERRORIST,True,9,76561198002613044,frees.tyler
0,41,4,100,24.0,0.0,2.0,False,True,TERRORIST,True,9,76561198274174345,zig
0,24,0,0,100.0,0.0,3.0,False,False,CT,True,9,76561199433997570,Simple Dimple skins.army
0,30,0,0,0.0,1.0,3.0,False,False,CT,False,9,76561199557907229,shawty#)$@
0,38,0,100,100.0,0.0,2.0,False,True,TERRORIST,True,9,76561198049602148,Moon
0,32,0,0,78.0,0.0,3.0,False,False,CT,True,9,76561199068251294,prosto bo$$
0,44,3,100,100.0,0.0,2.0,False,True,TERRORIST,True,9,76561198171814417,Faat
0,37,4,0,100.0,0.0,2.0,False,False,TERRORIST,True,9,76561199052717313,Worfy
0,22,0,0,100.0,0.0,3.0,False,False,CT,True,10,76561199256543526,Wybaczam.oficjalnie skins.army
0,28,0,0,100.0,0.0,3.0,False,False,CT,True,10,76561199826895670,RME | Пацан
0,42,0,0,100.0,0.0,2.0,False,False,TERRORIST,True,10,76561198002613044,frees.tyler
0,41,4,100,24.0,0.0,2.0,False,True,TERRORIST,True,10,76561198274174345,zig
0,24,0,0,100.0,0.0,3.0,False,False,CT,True,10,76561199433997570,Simple Dimple skins.army
0,30,0,0,0.0,1.0,3.0,False,False,CT,False,10,76561199557907229,shawty#)$@
0,38,0,100,100.0,0.0,2.0,False,True,TERRORIST,True,10,76561198049602148,Moon
0,32,0,0,78.0,0.0,3.0,False,False,CT,True,10,76561199068251294,prosto bo$$
0,44,3,100,100.0,0.0,2.0,False,True,TERRORIST,True,10,76561198171814417,Faat
0,37,4,0,100.0,0.0,2.0,False,False,TERRORIST,True,10,76561199052717313,Worfy
0,22,0,0,100.0,0.0,3.0,False,False,CT,True,11,76561199256543526,Wybaczam.oficjalnie skins.army
0,28,0,0,100.0,0.0,3.0,False,False,CT,True,11,76561199826895670,RME | Пацан
0,42,0,0,100.0,0.0,2.0,False,False,TERRORIST,True,11,76561198002613044,frees.tyler
0,41,4,100,24.0,0.0,2.0,False,True,TERRORIST,True,11,76561198274174345,zig
0,24,0,0,100.0,0.0,3.0,False,False,CT,True,11,76561199433997570,Simple Dimple skins.army
0,30,0,0,0.0,1.0,3.0,False,False,CT,False,11,76561199557907229,shawty#)$@
0,38,0,100,100.0,0.0,2.0,False,True,TERRORIST,True,11,76561198049602148,Moon
0,32,0,0,78.0,0.0,3.0,False,False,CT,True,11,76561199068251294,prosto bo$$
0,44,3,100,100.0,0.0,2.0,False,True,TERRORIST,True,11,76561198171814417,Faat
0,37,4,0,100.0,0.0,2.0,False,False,TERRORIST,True,11,76561199052717313,Worfy
0,22,0,0,100.0,0.0,3.0,False,False,CT,True,12,76561199256543526,Wybaczam.oficjalnie skins.army
0,28,0,0,100.0,0.0,3.0,False,False,CT,True,12,76561199826895670,RME | Пацан
0,42,0,0,100.0,0.0,2.0,False,False,TERRORIST,True,12,76561198002613044,frees.tyler
0,41,4,100,24.0,0.0,2.0,False,True,TERRORIST,True,12,76561198274174345,zig
0,24,0,0,100.0,0.0,3.0,False,False,CT,True,12,76561199433997570,Simple Dimple skins.army
0,30,0,0,0.0,1.0,3.0,False,False,CT,False,12,76561199557907229,shawty#)$@
0,38,0,100,100.0,0.0,2.0,False,True,TERRORIST,True,12,76561198049602148,Moon
0,32,0,0,78.0,0.0,3.0,False,False,CT,True,12,76561199068251294,prosto bo$$
0,44,3,100,100.0,0.0,2.0,False,True,TERRORIST,True,12,76561198171814417,Faat
0,37,4,0,100.0,0.0,2.0,False,False,TERRORIST,True,12,76561199052717313,Worfy
0,22,0,0,100.0,0.0,3.0,False,False,CT,True,13,76561199256543526,Wybaczam.oficjalnie skins.army
0,28,0,0,100.0,0.0,3.0,False,False,CT,True,13,76561199826895670,RME | Пацан
0,42,0,0,100.0,0.0,2.0,False,False,TERRORIST,True,13,76561198002613044,frees.tyler
0,41,4,100,24.0,0.0,2.0,False,True,TERRORIST,True,13,76561198274174345,zig
0,24,0,0,100.0,0.0,3.0,False,False,CT,True,13,76561199433997570,Simple Dimple skins.army
0,30,0,0,0.0,1.0,3.0,False,False,CT,False,13,76561199557907229,shawty#)$@
0,38,0,100,100.0,0.0,2.0,False,True,TERRORIST,True,13,76561198049602148,Moon
0,32,0,0,78.0,0.0,3.0,False,False,CT,True,13,76561199068251294,prosto bo$$
0,44,3,100,100.0,0.0,2.0,False,True,TERRORIST,True,13,76561198171814417,Faat
0,37,4,0,100.0,0.0,2.0,False,False,TERRORIST,True,13,76561199052717313,Worfy
0,22,0,0,100.0,0.0,3.0,False,False,CT,True,14,76561199256543526,Wybaczam.oficjalnie skins.army
0,28,0,0,100.0,0.0,3.0,False,False,CT,True,14,76561199826895670,RME | Пацан
0,42,0,0,100.0,0.0,2.0,False,False,TERRORIST,True,14,76561198002613044,frees.tyler
0,41,4,100,24.0,0.0,2.0,False,True,TERRORIST,True,14,76561198274174345,zig
0,24,0,0,100.0,0.0,3.0,False,False,CT,True,14,76561199433997570,Simple Dimple skins.army
0,30,0,0,0.0,1.0,3.0,False,False,CT,False,14,76561199557907229,shawty#)$@
0,38,0,100,100.0,0.0,2.0,False,True,TERRORIST,True,14,76561198049602148,Moon
0,32,0,0,78.0,0.0,3.0,False,False,CT,True,14,76561199068251294,prosto bo$$
0,44,3,100,100.0,0.0,2.0,False,True,TERRORIST,True,14,76561198171814417,Faat
0,37,4,0,100.0,0.0,2.0,False,False,TERRORIST,True,14,76561199052717313,Worfy
0,22,0,0,100.0,0.0,3.0,False,False,CT,True,15,76561199256543526,Wybaczam.oficjalnie skins.army
0,28,0,0,100.0,0.0,3.0,False,False,CT,True,15,76561199826895670,RME | Пацан
0,42,0,0,100.0,0.0,2.0,False,False,TERRORIST,True,15,76561198002613044,frees.tyler
0,41,4,100,24.0,0.0,2.0,False,True,TERRORIST,True,15,76561198274174345,zig
0,24,0,0,100.0,0.0,3.0,False,False,CT,True,15,76561199433997570,Simple Dimple skins.army
0,30,0,0,0.0,1.0,3.0,False,False,CT,False,15,76561199557907229,shawty#)$@
0,38,0,100,100.0,0.0,2.0,False,True,TERRORIST,True,15,76561198049602148,Moon
0,32,0,0,78.0,0.0,3.0,False,False,CT,True,15,76561199068251294,prosto bo$$
0,44,3,100,100.0,0.0,2.0,False,True,TERRORIST,True,15,76561198171814417,Faat
0,37,4,0,100.0,0.0,2.0,False,False,TERRORIST,True,15,76561199052717313,Worfy
0,22,0,0,100.0,0.0,3.0,False,False,CT,True,16,76561199256543526,Wybaczam.oficjalnie skins.army
0,28,0,0,100.0,0.0,3.0,False,False,CT,True,16,76561199826895670,RME | Пацан
0,42,0,0,100.0,0.0,2.0,False,False,TERRORIST,True,16,76561198002613044,frees.tyler
0,41,4,100,24.0,0.0,2.0,False,True,TERRORIST,True,16,76561198274174345,zig
0,24,0,0,100.0,0.0,3.0,False,False,CT,True,16,76561199433997570,Simple Dimple skins.army
0,30,0,0,0.0,1.0,3.0,False,False,CT,False,16,76561199557907229,shawty#)$@
0,38,0,100,100.0,0.0,2.0,False,True,TERRORIST,True,16,76561198049602148,Moon
0,32,0,0,78.0,0.0,3.0,False,False,CT,True,16,76561199068251294,prosto bo$$
0,44,3,100,100.0,0.0,2.0,False,True,TERRORIST,True,16,76561198171814417,Faat
0,37,4,0,100.0,0.0,2.0,False,False,TERRORIST,True,16,76561199052717313,Worfy
0,22,0,0,100.0,0.0,3.0,False,False,CT,True,17,76561199256543526,Wybaczam.oficjalnie skins.army
0,28,0,0,100.0,0.0,3.0,False,False,CT,True,17,76561199826895670,RME | Пацан
0,42,0,0,100.0,0.0,2.0,False,False,TERRORIST,True,17,76561198002613044,frees.tyler
0,41,4,100,24.0,0.0,2.0,False,True,TERRORIST,True,17,76561198274174345,zig
0,24,0,0,100.0,0.0,3.0,False,False,CT,True,17,76561199433997570,Simple Dimple skins.army
0,30,0,0,0.0,1.0,3.0,False,False,CT,False,17,76561199557907229,shawty#)$@
0,38,0,100,100.0,0.0,2.0,False,True,TERRORIST,True,17,76561198049602148,Moon
0,32,0,0,78.0,0.0,3.0,False,False,CT,True,17,76561199068251294,prosto bo$$
0,44,3,100,100.0,0.0,2.0,False,True,TERRORIST,True,17,76561198171814417,Faat
0,37,4,0,100.0,0.0,2.0,False,False,TERRORIST,True,17,76561199052717313,Worfy
0,22,0,0,100.0,0.0,3.0,False,False,CT,True,18,76561199256543526,Wybaczam.oficjalnie skins.army
0,28,0,0,100.0,0.0,3.0,False,False,CT,True,18,76561199826895670,RME | Пацан
0,42,0,0,100.0,0.0,2.0,False,False,TERRORIST,True,18,76561198002613044,frees.tyler
0,41,4,100,24.0,0.0,2.0,False,True,TERRORIST,True,18,76561198274174345,zig
0,24,0,0,100.0,0.0,3.0,False,False,CT,True,18,76561199433997570,Simple Dimple skins.army
0,30,0,0,0.0,1.0,3.0,False,False,CT,False,18,76561199557907229,shawty#)$@
0,38,0,100,100.0,0.0,2.0,False,True,TERRORIST,True,18,76561198049602148,Moon
0,32,0,0,78.0,0.0,3.0,False,False,CT,True,18,76561199068251294,prosto bo$$
0,44,3,100,100.0,0.0,2.0,False,True,TERRORIST,True,18,76561198171814417,Faat
0,37,4,0,100.0,0.0,2.0,False,False,TERRORIST,True,18,76561199052717313,Worfy
0,22,0,0,100.0,0.0,3.0,False,False,CT,True,19,76561199256543526,Wybaczam.oficjalnie skins.army
0,28,0,0,100.0,0.0,3.0,False,False,CT,True,19,76561199826895670,RME | Пацан
0,42,0,0,100.0,0.0,2.0,False,False,TERRORIST,True,19,76561198002613044,frees.tyler
0,41,4,100,24.0,0.0,2.0,False,True,TERRORIST,True,19,76561198274174345,zig
0,24,0,0,100.0,0.0,3.0,False,False,CT,True,19,76561199433997570,Simple Dimple skins.army
0,30,0,0,0.0,1.0,3.0,False,False,CT,False,19,76561199557907229,shawty#)$@
0,38,0,100,100.0,0.0,2.0,False,True,TERRORIST,True,19,76561198049602148,Moon
0,32,0,0,78.0,0.0,3.0,False,False,CT,True,19,76561199068251294,prosto bo$$
0,44,3,100,100.0,0.0,2.0,False,True,TERRORIST,True,19,76561198171814417,Faat
0,37,4,0,100.0,0.0,2.0,False,False,TERRORIST,True,19,76561199052717313,Worfy
0,22,0,0,100.0,0.0,3.0,False,False,CT,True,20,76561199256543526,Wybaczam.oficjalnie skins.army
0,28,0,0,100.0,0.0,3.0,False,False,CT,True,20,76561199826895670,RME | Пацан
0,42,0,0,100.0,0.0,2.0,False,False,TERRORIST,True,20,76561198002613044,frees.tyler
0,41,4,100,24.0,0.0,2.0,False,True,TERRORIST,True,20,76561198274174345,zig
0,24,0,0,100.0,0.0,3.0,False,False,CT,True,20,76561199433997570,Simple Dimple skins.army
0,30,0,0,0.0,1.0,3.0,False,False,CT,False,20,76561199557907229,shawty#)$@
0,38,0,100,100.0,0.0,2.0,False,True,TERRORIST,True,20,76561198049602148,Moon
0,32,0,0,78.0,0.0,3.0,False,False,CT,True,20,76561199068251294,prosto bo$$
0,44,3,100,100.0,0.0,2.0,False,True,TERRORIST,True,20,76561198171814417,Faat
0,37,4,0,100.0,0.0,2.0,False,False,TERRORIST,True,20,76561199052717313,Worfy
0,22,0,0,100.0,0.0,3.0,False,False,CT,True,21,76561199256543526,Wybaczam.oficjalnie skins.army
0,28,0,0,100.0,0.0,3.0,False,False,CT,True,21,76561199826895670,RME | Пацан
0,42,0,0,100.0,0.0,2.0,False,False,TERRORIST,True,21,76561198002613044,frees.tyler
0,41,4,100,24.0,0.0,2.0,False,True,TERRORIST,True,21,76561198274174345,zig
0,24,0,0,100.0,0.0,3.0,False,False,CT,True,21,76561199433997570,Simple Dimple skins.army
0,30,0,0,0.0,1.0,3.0,False,False,CT,False,21,76561199557907229,shawty#)$@
0,38,0,100,100.0,0.0,2.0,False,True,TERRORIST,True,21,76561198049602148,Moon
0,32,0,0,78.0,0.0,3.0,False,False,CT,True,21,76561199068251294,prosto bo$$
0,44,3,100,100.0,0.0,2.0,False,True,TERRORIST,True,21,76561198171814417,Faat
0,37,4,0,100.0,0.0,2.0,False,False,TERRORIST,True,21,76561199052717313,Worfy
0,22,0,0,100.0,0.0,3.0,False,False,CT,True,22,76561199256543526,Wybaczam.oficjalnie skins.army
0,28,0,0,100.0,0.0,3.0,False,False,CT,True,22,76561199826895670,RME | Пацан
0,42,0,0,100.0,0.0,2.0,False,False,TERRORIST,True,22,76561198002613044,frees.tyler
0,41,4,100,24.0,0.0,2.0,False,True,TERRORIST,True,22,76561198274174345,zig
0,24,0,0,100.0,0.0,3.0,False,False,CT,True,22,76561199433997570,Simple Dimple skins.army
0,30,0,0,0.0,1.0,3.0,False,False,CT,False,22,76561199557907229,shawty#)$@
0,38,0,100,100.0,0.0,2.0,False,True,TERRORIST,True,22,76561198049602148,Moon
0,32,0,0,78.0,0.0,3.0,False,False,CT,True,22,76561199068251294,prosto bo$$
0,44,3,100,100.0,0.0,2.0,False,True,TERRORIST,True,22,76561198171814417,Faat
0,37,4,0,100.0,0.0,2.0,False,False,TERRORIST,True,22,76561199052717313,Worfy
0,22,0,0,100.0,0.0,3.0,False,False,CT,True,23,76561199256543526,Wybaczam.oficjalnie skins.army
0,28,0,0,100.0,0.0,3.0,False,False,CT,True,23,76561199826895670,RME | Пацан
0,42,0,0,100.0,0.0,2.0,False,False,TERRORIST,True,23,76561198002613044,frees.tyler
0,41,4,100,24.0,0.0,2.0,False,True,TERRORIST,True,23,76561198274174345,zig
0,24,0,0,100.0,0.0,3.0,False,False,CT,True,23,76561199433997570,Simple Dimple skins.army
0,30,0,0,0.0,1.0,3.0,False,False,CT,False,23,76561199557907229,shawty#)$@
0,38,0,100,100.0,0.0,2.0,False,True,TERRORIST,True,23,76561198049602148,Moon
0,32,0,0,78.0,0.0,3.0,False,False,CT,True,23,76561199068251294,prosto bo$$
0,44,3,100,100.0,0.0,2.0,False,True,TERRORIST,True,23,76561198171814417,Faat
0,37,4,0,100.0,0.0,2.0,False,False,TERRORIST,True,23,76561199052717313,Worfy
0,22,0,0,100.0,0.0,3.0,False,False,CT,True,24,76561199256543526,Wybaczam.oficjalnie skins.army
0,28,0,0,100.0,0.0,3.0,False,False,CT,True,24,76561199826895670,RME | Пацан
0,42,0,0,100.0,0.0,2.0,False,False,TERRORIST,True,24,76561198002613044,frees.tyler
0,41,4,100,24.0,0.0,2.0,False,True,TERRORIST,True,24,76561198274174345,zig
0,24,0,0,100.0,0.0,3.0,False,False,CT,True,24,76561199433997570,Simple Dimple skins.army
0,30,0,0,0.0,1.0,3.0,False,False,CT,False,24,76561199557907229,shawty#)$@
0,38,0,100,100.0,0.0,2.0,False,True,TERRORIST,True,24,76561198049602148,Moon
0,32,0,0,78.0,0.0,3.0,False,False,CT,True,24,76561199068251294,prosto bo$$
0,44,3,100,100.0,0.0,2.0,False,True,TERRORIST,True,24,76561198171814417,Faat
0,37,4,0,100.0,0.0,2.0,False,False,TERRORIST,True,24,76561199052717313,Worfy
0,22,0,0,100.0,0.0,3.0,False,False,CT,True,25,76561199256543526,Wybaczam.oficjalnie skins.army
0,28,0,0,100.0,0.0,3.0,False,False,CT,True,25,76561199826895670,RME | Пацан
0,42,0,0,100.0,0.0,2.0,False,False,TERRORIST,True,25,76561198002613044,frees.tyler
0,41,4,100,24.0,0.0,2.0,False,True,TERRORIST,True,25,76561198274174345,zig
0,24,0,0,100.0,0.0,3.0,False,False,CT,True,25,76561199433997570,Simple Dimple skins.army
0,30,0,0,0.0,1.0,3.0,False,False,CT,False,25,76561199557907229,shawty#)$@
0,38,0,100,100.0,0.0,2.0,False,True,TERRORIST,True,25,76561198049602148,Moon
0,32,0,0,78.0,0.0,3.0,False,False,CT,True,25,76561199068251294,prosto bo$$
0,44,3,100,100.0,0.0,2.0,False,True,TERRORIST,True,25,76561198171814417,Faat
0,37,4,0,100.0,0.0,2.0,False,False,TERRORIST,True,25,76561199052717313,Worfy
0,22,0,0,100.0,0.0,3.0,False,False,CT,True,26,76561199256543526,Wybaczam.oficjalnie skins.army
0,28,0,0,100.0,0.0,3.0,False,False,CT,True,26,76561199826895670,RME | Пацан
0,42,0,0,100.0,0.0,2.0,False,False,TERRORIST,True,26,76561198002613044,frees.tyler
0,41,4,100,24.0,0.0,2.0,False,True,TERRORIST,True,26,76561198274174345,zig
0,24,0,0,100.0,0.0,3.0,False,False,CT,True,26,76561199433997570,Simple Dimple skins.army
0,30,0,0,0.0,1.0,3.0,False,False,CT,False,26,76561199557907229,shawty#)$@
0,38,0,100,100.0,0.0,2.0,False,True,TERRORIST,True,26,76561198049602148,Moon
0,32,0,0,78.0,0.0,3.0,False,False,CT,True,26,76561199068251294,prosto bo$$
0,44,3,100,100.0,0.0,2.0,False,True,TERRORIST,True,26,76561198171814417,Faat
0,37,4,0,100.0,0.0,2.0,False,False,TERRORIST,True,26,76561199052717313,Worfy
0,22,0,0,100.0,0.0,3.0,False,False,CT,True,27,76561199256543526,Wybaczam.oficjalnie skins.army
0,28,0,0,100.0,0.0,3.0,False,False,CT,True,27,76561199826895670,RME | Пацан
0,42,0,0,100.0,0.0,2.0,False,False,TERRORIST,True,27,76561198002613044,frees.tyler
0,41,4,100,24.0,0.0,2.0,False,True,TERRORIST,True,27,76561198274174345,zig
0,24,0,0,100.0,0.0,3.0,False,False,CT,True,27,76561199433997570,Simple Dimple skins.army
0,30,0,0,0.0,1.0,3.0,False,False,CT,False,27,76561199557907229,shawty#)$@
0,38,0,100,100.0,0.0,2.0,False,True,TERRORIST,True,27,76561198049602148,Moon
0,32,0,0,78.0,0.0,3.0,False,False,CT,True,27,76561199068251294,prosto bo$$
0,44,3,100,100.0,0.0,2.0,False,True,TERRORIST,True,27,76561198171814417,Faat
0,37,4,0,100.0,0.0,2.0,False,False,TERRORIST,True,27,76561199052717313,Worfy
0,22,0,0,100.0,0.0,3.0,False,False,CT,True,28,76561199256543526,Wybaczam.oficjalnie skins.army
0,28,0,0,100.0,0.0,3.0,False,False,CT,True,28,76561199826895670,RME | Пацан
0,42,0,0,100.0,0.0,2.0,False,False,TERRORIST,True,28,76561198002613044,frees.tyler
0,41,4,100,24.0,0.0,2.0,False,True,TERRORIST,True,28,76561198274174345,zig
0,24,0,0,100.0,0.0,3.0,False,False,CT,True,28,76561199433997570,Simple Dimple skins.army
0,30,0,0,0.0,1.0,3.0,False,False,CT,False,28,76561199557907229,shawty#)$@
0,38,0,100,100.0,0.0,2.0,False,True,TERRORIST,True,28,76561198049602148,Moon
0,32,0,0,78.0,0.0,3.0,False,False,CT,True,28,76561199068251294,prosto bo$$
0,44,3,100,100.0,0.0,2.0,False,True,TERRORIST,True,28,76561198171814417,Faat
0,37,4,0,100.0,0.0,2.0,False,False,TERRORIST,True,28,76561199052717313,Worfy
0,22,0,0,100.0,0.0,3.0,False,False,CT,True,29,76561199256543526,Wybaczam.oficjalnie skins.army
0,28,0,0,100.0,0.0,3.0,False,False,CT,True,29,76561199826895670,RME | Пацан
0,42,0,0,100.0,0.0,2.0,False,False,TERRORIST,True,29,76561198002613044,frees.tyler
0,41,4,100,24.0,0.0,2.0,False,True,TERRORIST,True,29,76561198274174345,zig
0,24,0,0,100.0,0.0,3.0,False,False,CT,True,29,76561199433997570,Simple Dimple skins.army
0,30,0,0,0.0,1.0,3.0,False,False,CT,False,29,76561199557907229,shawty#)$@
0,38,0,100,100.0,0.0,2.0,False,True,TERRORIST,True,29,76561198049602148,Moon
0,32,0,0,78.0,0.0,3.0,False,False,CT,True,29,76561199068251294,prosto bo$$
0,44,3,100,100.0,0.0,2.0,False,True,TERRORIST,True,29,76561198171814417,Faat
0,37,4,0,100.0,0.0,2.0,False,False,TERRORIST,True,29,76561199052717313,Worfy
0,22,0,0,100.0,0.0,3.0,False,False,CT,True,30,76561199256543526,Wybaczam.oficjalnie skins.army
0,28,0,0,100.0,0.0,3.0,False,False,CT,True,30,76561199826895670,RME | Пацан
0,42,0,0,100.0,0.0,2.0,False,False,TERRORIST,True,30,76561198002613044,frees.tyler
0,41,4,100,24.0,0.0,2.0,False,True,TERRORIST,True,30,76561198274174345,zig
0,24,0,0,100.0,0.0,3.0,False,False,CT,True,30,76561199433997570,Simple Dimple skins.army
0,30,0,0,0.0,1.0,3.0,False,False,CT,False,30,76561199557907229,shawty#)$@
0,38,0,100,100.0,0.0,2.0,False,True,TERRORIST,True,30,76561198049602148,Moon
0,32,0,0,78.0,0.0,3.0,False,False,CT,True,30,76561199068251294,prosto bo$$
0,44,3,100,100.0,0.0,2.0,False,True,TERRORIST,True,30,76561198171814417,Faat
0,37,4,0,100.0,0.0,2.0,False,False,TERRORIST,True,30,76561199052717313,Worfy
0,22,0,0,100.0,0.0,3.0,False,False,CT,True,31,76561199256543526,Wybaczam.oficjalnie skins.army
0,28,0,0,100.0,0.0,3.0,False,False,CT,True,31,76561199826895670,RME | Пацан
0,42,0,0,100.0,0.0,2.0,False,False,TERRORIST,True,31,76561198002613044,frees.tyler
0,41,4,100,24.0,0.0,2.0,False,True,TERRORIST,True,31,76561198274174345,zig
0,24,0,0,100.0,0.0,3.0,False,False,CT,True,31,76561199433997570,Simple Dimple skins.army
0,30,0,0,0.0,1.0,3.0,False,False,CT,False,31,76561199557907229,shawty#)$@
0,38,0,100,100.0,0.0,2.0,False,True,TERRORIST,True,31,76561198049602148,Moon
0,32,0,0,78.0,0.0,3.0,False,False,CT,True,31,76561199068251294,prosto bo$$
0,44,3,100,100.0,0.0,2.0,False,True,TERRORIST,True,31,76561198171814417,Faat
0,37,4,0,100.0,0.0,2.0,False,False,TERRORIST,True,31,76561199052717313,Worfy
0,22,0,0,100.0,0.0,3.0,False,False,CT,True,32,76561199256543526,Wybaczam.oficjalnie skins.army
0,28,0,0,100.0,0.0,3.0,False,False,CT,True,32,76561199826895670,RME | Пацан
0,42,0,0,100.0,0.0,2.0,False,False,TERRORIST,True,32,76561198002613044,frees.tyler
0,41,4,100,24.0,0.0,2.0,False,True,TERRORIST,True,32,76561198274174345,zig
0,24,0,0,100.0,0.0,3.0,False,False,CT,True,32,76561199433997570,Simple Dimple skins.army
0,30,0,0,0.0,1.0,3.0,False,False,CT,False,32,76561199557907229,shawty#)$@
0,38,0,100,100.0,0.0,2.0,False,True,TERRORIST,True,32,76561198049602148,Moon
0,32,0,0,78.0,0.0,3.0,False,False,CT,True,32,76561199068251294,prosto bo$$
0,44,3,100,100.0,0.0,2.0,False,True,TERRORIST,True,32,76561198171814417,Faat
0,37,4,0,100.0,0.0,2.0,False,False,TERRORIST,True,32,76561199052717313,Worfy
0,22,0,0,100.0,0.0,3.0,False,False,CT,True,33,76561199256543526,Wybaczam.oficjalnie skins.army
0,28,0,0,100.0,0.0,3.0,False,False,CT,True,33,76561199826895670,RME | Пацан
0,42,0,0,100.0,0.0,2.0,False,False,TERRORIST,True,33,76561198002613044,frees.tyler
0,41,4,100,24.0,0.0,2.0,False,True,TERRORIST,True,33,76561198274174345,zig
0,24,0,0,100.0,0.0,3.0,False,False,CT,True,33,76561199433997570,Simple Dimple skins.army
0,30,0,0,0.0,1.0,3.0,False,False,CT,False,33,76561199557907229,shawty#)$@
0,38,0,100,100.0,0.0,2.0,False,True,TERRORIST,True,33,76561198049602148,Moon
0,32,0,0,78.0,0.0,3.0,False,False,CT,True,33,76561199068251294,prosto bo$$
0,44,3,100,100.0,0.0,2.0,False,True,TERRORIST,True,33,76561198171814417,Faat
0,37,4,0,100.0,0.0,2.0,False,False,TERRORIST,True,33,76561199052717313,Worfy
0,22,0,0,100.0,0.0,3.0,False,False,CT,True,34,76561199256543526,Wybaczam.oficjalnie skins.army
0,28,0,0,100.0,0.0,3.0,False,False,CT,True,34,76561199826895670,RME | Пацан
0,42,0,0,100.0,0.0,2.0,False,False,TERRORIST,True,34,76561198002613044,frees.tyler
0,41,4,100,24.0,0.0,2.0,False,True,TERRORIST,True,34,76561198274174345,zig
0,24,0,0,100.0,0.0,3.0,False,False,CT,True,34,76561199433997570,Simple Dimple skins.army
0,30,0,0,0.0,1.0,3.0,False,False,CT,False,34,76561199557907229,shawty#)$@
0,38,0,100,100.0,0.0,2.0,False,True,TERRORIST,True,34,76561198049602148,Moon
0,32,0,0,78.0,0.0,3.0,False,False,CT,True,34,76561199068251294,prosto bo$$
0,44,3,100,100.0,0.0,2.0,False,True,TERRORIST,True,34,76561198171814417,Faat
0,37,4,0,100.0,0.0,2.0,False,False,TERRORIST,True,34,76561199052717313,Worfy
0,22,0,0,100.0,0.0,3.0,False,False,CT,True,35,76561199256543526,Wybaczam.oficjalnie skins.army
0,28,0,0,100.0,0.0,3.0,False,False,CT,True,35,76561199826895670,RME | Пацан
0,42,0,0,100.0,0.0,2.0,False,False,TERRORIST,True,35,76561198002613044,frees.tyler
0,41,4,100,24.0,0.0,2.0,False,True,TERRORIST,True,35,76561198274174345,zig
0,24,0,0,100.0,0.0,3.0,False,False,CT,True,35,76561199433997570,Simple Dimple skins.army
0,30,0,0,0.0,1.0,3.0,False,False,CT,False,35,76561199557907229,shawty#)$@
0,38,0,100,100.0,0.0,2.0,False,True,TERRORIST,True,35,76561198049602148,Moon
0,32,0,0,78.0,0.0,3.0,False,False,CT,True,35,76561199068251294,prosto bo$$
0,44,3,100,100.0,0.0,2.0,False,True,TERRORIST,True,35,76561198171814417,Faat
0,37,4,0,100.0,0.0,2.0,False,False,TERRORIST,True,35,76561199052717313,Worfy
0,22,0,0,100.0,0.0,3.0,False,False,CT,True,36,76561199256543526,Wybaczam.oficjalnie skins.army
0,28,0,0,100.0,0.0,3.0,False,False,CT,True,36,76561199826895670,RME | Пацан
0,42,0,0,100.0,0.0,2.0,False,False,TERRORIST,True,36,76561198002613044,frees.tyler
0,41,4,100,24.0,0.0,2.0,False,True,TERRORIST,True,36,76561198274174345,zig
0,24,0,0,100.0,0.0,3.0,False,False,CT,True,36,76561199433997570,Simple Dimple skins.army
0,30,0,0,0.0,1.0,3.0,False,False,CT,False,36,76561199557907229,shawty#)$@
0,38,0,100,100.0,0.0,2.0,False,True,TERRORIST,True,36,76561198049602148,Moon
0,32,0,0,78.0,0.0,3.0,False,False,CT,True,36,76561199068251294,prosto bo$$
0,44,3,100,100.0,0.0,2.0,False,True,TERRORIST,True,36,76561198171814417,Faat
0,37,4,0,100.0,0.0,2.0,False,False,TERRORIST,True,36,76561199052717313,Worfy
0,22,0,0,100.0,0.0,3.0,False,False,CT,True,37,76561199256543526,Wybaczam.oficjalnie skins.army
0,28,0,0,100.0,0.0,3.0,False,False,CT,True,37,76561199826895670,RME | Пацан
0,42,0,0,100.0,0.0,2.0,False,False,TERRORIST,True,37,76561198002613044,frees.tyler
0,41,4,100,24.0,0.0,2.0,False,True,TERRORIST,True,37,76561198274174345,zig
0,24,0,0,100.0,0.0,3.0,False,False,CT,True,37,76561199433997570,Simple Dimple skins.army
0,30,0,0,0.0,1.0,3.0,False,False,CT,False,37,76561199557907229,shawty#)$@
0,38,0,100,100.0,0.0,2.0,False,True,TERRORIST,True,37,76561198049602148,Moon
0,32,0,0,78.0,0.0,3.0,False,False,CT,True,37,76561199068251294,prosto bo$$
0,44,3,100,100.0,0.0,2.0,False,True,TERRORIST,True,37,76561198171814417,Faat
0,37,4,0,100.0,0.0,2.0,False,False,TERRORIST,True,37,76561199052717313,Worfy
0,22,0,0,100.0,0.0,3.0,False,False,CT,True,38,76561199256543526,Wybaczam.oficjalnie skins.army
0,28,0,0,100.0,0.0,3.0,False,False,CT,True,38,76561199826895670,RME | Пацан
0,42,0,0,100.0,0.0,2.0,False,False,TERRORIST,True,38,76561198002613044,frees.tyler
0,41,4,100,24.0,0.0,2.0,False,True,TERRORIST,True,38,76561198274174345,zig
0,24,0,0,100.0,0.0,3.0,False,False,CT,True,38,76561199433997570,Simple Dimple skins.army
0,30,0,0,0.0,1.0,3.0,False,False,CT,False,38,76561199557907229,shawty#)$@
0,38,0,100,100.0,0.0,2.0,False,True,TERRORIST,True,38,76561198049602148,Moon
0,32,0,0,78.0,0.0,3.0,False,False,CT,True,38,76561199068251294,prosto bo$$
0,44,3,100,100.0,0.0,2.0,False,True,TERRORIST,True,38,76561198171814417,Faat
0,37,4,0,100.0,0.0,2.0,False,False,TERRORIST,True,38,76561199052717313,Worfy
0,22,0,0,100.0,0.0,3.0,False,False,CT,True,39,76561199256543526,Wybaczam.oficjalnie skins.army
0,28,0,0,100.0,0.0,3.0,False,False,CT,True,39,76561199826895670,RME | Пацан
0,42,0,0,100.0,0.0,2.0,False,False,TERRORIST,True,39,76561198002613044,frees.tyler
0,41,4,100,24.0,0.0,2.0,False,True,TERRORIST,True,39,76561198274174345,zig
0,24,0,0,100.0,0.0,3.0,False,False,CT,True,39,76561199433997570,Simple Dimple skins.army
0,30,0,0,0.0,1.0,3.0,False,False,CT,False,39,76561199557907229,shawty#)$@
0,38,0,100,100.0,0.0,2.0,False,True,TERRORIST,True,39,76561198049602148,Moon
0,32,0,0,78.0,0.0,3.0,False,False,CT,True,39,76561199068251294,prosto bo$$
0,44,3,100,100.0,0.0,2.0,False,True,TERRORIST,True,39,76561198171814417,Faat
0,37,4,0,100.0,0.0,2.0,False,False,TERRORIST,True,39,76561199052717313,Worfy
0,22,0,0,100.0,0.0,3.0,False,False,CT,True,40,76561199256543526,Wybaczam.oficjalnie skins.army
0,28,0,0,100.0,0.0,3.0,False,False,CT,True,40,76561199826895670,RME | Пацан
0,42,0,0,100.0,0.0,2.0,False,False,TERRORIST,True,40,76561198002613044,frees.tyler
0,41,4,100,24.0,0.0,2.0,False,True,TERRORIST,True,40,76561198274174345,zig
0,24,0,0,100.0,0.0,3.0,False,False,CT,True,40,76561199433997570,Simple Dimple skins.army
0,30,0,0,0.0,1.0,3.0,False,False,CT,False,40,76561199557907229,shawty#)$@
0,38,0,100,100.0,0.0,2.0,False,True,TERRORIST,True,40,76561198049602148,Moon
0,32,0,0,78.0,0.0,3.0,False,False,CT,True,40,76561199068251294,prosto bo$$
0,44,3,100,100.0,0.0,2.0,False,True,TERRORIST,True,40,76561198171814417,Faat
0,37,4,0,100.0,0.0,2.0,False,False,TERRORIST,True,40,76561199052717313,Worfy
0,22,0,0,100.0,0.0,3.0,False,False,CT,True,41,76561199256543526,Wybaczam.oficjalnie skins.army
0,28,0,0,100.0,0.0,3.0,False,False,CT,True,41,76561199826895670,RME | Пацан
0,42,0,0,100.0,0.0,2.0,False,False,TERRORIST,True,41,76561198002613044,frees.tyler
0,41,4,100,24.0,0.0,2.0,False,True,TERRORIST,True,41,76561198274174345,zig
0,24,0,0,100.0,0.0,3.0,False,False,CT,True,41,76561199433997570,Simple Dimple skins.army
0,30,0,0,0.0,1.0,3.0,False,False,CT,False,41,76561199557907229,shawty#)$@
0,38,0,100,100.0,0.0,2.0,False,True,TERRORIST,True,41,76561198049602148,Moon
0,32,0,0,78.0,0.0,3.0,False,False,CT,True,41,76561199068251294,prosto bo$$
0,44,3,100,100.0,0.0,2.0,False,True,TERRORIST,True,41,76561198171814417,Faat
0,37,4,0,100.0,0.0,2.0,False,False,TERRORIST,True,41,76561199052717313,Worfy
0,22,0,0,100.0,0.0,3.0,False,False,CT,True,42,76561199256543526,Wybaczam.oficjalnie skins.army
0,28,0,0,100.0,0.0,3.0,False,False,CT,True,42,76561199826895670,RME | Пацан
0,42,0,0,100.0,0.0,2.0,False,False,TERRORIST,True,42,76561198002613044,frees.tyler
0,41,4,100,24.0,0.0,2.0,False,True,TERRORIST,True,42,76561198274174345,zig
0,24,0,0,100.0,0.0,3.0,False,False,CT,True,42,76561199433997570,Simple Dimple skins.army
0,30,0,0,0.0,1.0,3.0,False,False,CT,False,42,76561199557907229,shawty#)$@
0,38,0,100,100.0,0.0,2.0,False,True,TERRORIST,True,42,76561198049602148,Moon
0,32,0,0,78.0,0.0,3.0,False,False,CT,True,42,76561199068251294,prosto bo$$
0,44,3,100,100.0,0.0,2.0,False,True,TERRORIST,True,42,76561198171814417,Faat
0,37,4,0,100.0,0.0,2.0,False,False,TERRORIST,True,42,76561199052717313,Worfy
0,22,0,0,100.0,0.0,3.0,False,False,CT,True,43,76561199256543526,Wybaczam.oficjalnie skins.army
0,28,0,0,100.0,0.0,3.0,False,False,CT,True,43,76561199826895670,RME | Пацан
0,42,0,0,100.0,0.0,2.0,False,False,TERRORIST,True,43,76561198002613044,frees.tyler
0,41,4,100,24.0,0.0,2.0,False,True,TERRORIST,True,43,76561198274174345,zig
0,24,0,0,100.0,0.0,3.0,False,False,CT,True,43,76561199433997570,Simple Dimple skins.army
0,30,0,0,0.0,1.0,3.0,False,False,CT,False,43,76561199557907229,shawty#)$@
0,38,0,100,100.0,0.0,2.0,False,True,TERRORIST,True,43,76561198049602148,Moon
0,32,0,0,78.0,0.0,3.0,False,False,CT,True,43,76561199068251294,prosto bo$$
0,44,3,100,100.0,0.0,2.0,False,True,TERRORIST,True,43,76561198171814417,Faat
0,37,4,0,100.0,0.0,2.0,False,False,TERRORIST,True,43,76561199052717313,Worfy
0,22,0,0,100.0,0.0,3.0,False,False,CT,True,44,76561199256543526,Wybaczam.oficjalnie skins.army
0,28,0,0,100.0,0.0,3.0,False,False,CT,True,44,76561199826895670,RME | Пацан
0,42,0,0,100.0,0.0,2.0,False,False,TERRORIST,True,44,76561198002613044,frees.tyler
0,41,4,100,24.0,0.0,2.0,False,True,TERRORIST,True,44,76561198274174345,zig
0,24,0,0,100.0,0.0,3.0,False,False,CT,True,44,76561199433997570,Simple Dimple skins.army
0,30,0,0,0.0,1.0,3.0,False,False,CT,False,44,76561199557907229,shawty#)$@
0,38,0,100,100.0,0.0,2.0,False,True,TERRORIST,True,44,76561198049602148,Moon
0,32,0,0,78.0,0.0,3.0,False,False,CT,True,44,76561199068251294,prosto bo$$
0,44,3,100,100.0,0.0,2.0,False,True,TERRORIST,True,44,76561198171814417,Faat
0,37,4,0,100.0,0.0,2.0,False,False,TERRORIST,True,44,76561199052717313,Worfy
0,22,0,0,100.0,0.0,3.0,False,False,CT,True,45,76561199256543526,Wybaczam.oficjalnie skins.army
0,28,0,0,100.0,0.0,3.0,False,False,CT,True,45,76561199826895670,RME | Пацан
0,42,0,0,100.0,0.0,2.0,False,False,TERRORIST,True,45,76561198002613044,frees.tyler
0,41,4,100,24.0,0.0,2.0,False,True,TERRORIST,True,45,76561198274174345,zig
0,24,0,0,100.0,0.0,3.0,False,False,CT,True,45,76561199433997570,Simple Dimple skins.army
0,30,0,0,0.0,1.0,3.0,False,False,CT,False,45,76561199557907229,shawty#)$@
0,38,0,100,100.0,0.0,2.0,False,True,TERRORIST,True,45,76561198049602148,Moon
0,32,0,0,78.0,0.0,3.0,False,False,CT,True,45,76561199068251294,prosto bo$$
0,44,3,100,100.0,0.0,2.0,False,True,TERRORIST,True,45,76561198171814417,Faat
0,37,4,0,100.0,0.0,2.0,False,False,TERRORIST,True,45,76561199052717313,Worfy
0,22,0,0,100.0,0.0,3.0,False,False,CT,True,46,76561199256543526,Wybaczam.oficjalnie skins.army
0,28,0,0,100.0,0.0,3.0,False,False,CT,True,46,76561199826895670,RME | Пацан
0,42,0,0,100.0,0.0,2.0,False,False,TERRORIST,True,46,76561198002613044,frees.tyler
0,41,4,100,24.0,0.0,2.0,False,True,TERRORIST,True,46,76561198274174345,zig
0,24,0,0,100.0,0.0,3.0,False,False,CT,True,46,76561199433997570,Simple Dimple skins.army
0,30,0,0,0.0,1.0,3.0,False,False,CT,False,46,76561199557907229,shawty#)$@
0,38,0,100,100.0,0.0,2.0,False,True,TERRORIST,True,46,76561198049602148,Moon
0,32,0,0,78.0,0.0,3.0,False,False,CT,True,46,76561199068251294,prosto bo$$
0,44,3,100,100.0,0.0,2.0,False,True,TERRORIST,True,46,76561198171814417,Faat
0,37,4,0,100.0,0.0,2.0,False,False,TERRORIST,True,46,76561199052717313,Worfy
0,22,0,0,100.0,0.0,3.0,False,False,CT,True,47,76561199256543526,Wybaczam.oficjalnie skins.army
0,28,0,0,100.0,0.0,3.0,False,False,CT,True,47,76561199826895670,RME | Пацан
0,42,0,0,100.0,0.0,2.0,False,False,TERRORIST,True,47,76561198002613044,frees.tyler
0,41,4,100,24.0,0.0,2.0,False,True,TERRORIST,True,47,76561198274174345,zig
0,24,0,0,100.0,0.0,3.0,False,False,CT,True,47,76561199433997570,Simple Dimple skins.army
0,30,0,0,0.0,1.0,3.0,False,False,CT,False,47,76561199557907229,shawty#)$@
0,38,0,100,100.0,0.0,2.0,False,True,TERRORIST,True,47,76561198049602148,Moon
0,32,0,0,78.0,0.0,3.0,False,False,CT,True,47,76561199068251294,prosto bo$$
0,44,3,100,100.0,0.0,2.0,False,True,TERRORIST,True,47,76561198171814417,Faat
0,37,4,0,100.0,0.0,2.0,False,False,TERRORIST,True,47,76561199052717313,Worfy
0,22,0,0,100.0,0.0,3.0,False,False,CT,True,48,76561199256543526,Wybaczam.oficjalnie skins.army
0,28,0,0,100.0,0.0,3.0,False,False,CT,True,48,76561199826895670,RME | Пацан
0,42,0,0,100.0,0.0,2.0,False,False,TERRORIST,True,48,76561198002613044,frees.tyler
0,41,4,100,24.0,0.0,2.0,False,True,TERRORIST,True,48,76561198274174345,zig
0,24,0,0,100.0,0.0,3.0,False,False,CT,True,48,76561199433997570,Simple Dimple skins.army
0,30,0,0,0.0,1.0,3.0,False,False,CT,False,48,76561199557907229,shawty#)$@
0,38,0,100,100.0,0.0,2.0,False,True,TERRORIST,True,48,76561198049602148,Moon
0,32,0,0,78.0,0.0,3.0,False,False,CT,True,48,76561199068251294,prosto bo$$
0,44,3,100,100.0,0.0,2.0,False,True,TERRORIST,True,48,76561198171814417,Faat
0,37,4,0,100.0,0.0,2.0,False,False,TERRORIST,True,48,76561199052717313,Worfy
0,22,0,0,100.0,0.0,3.0,False,False,CT,True,49,76561199256543526,Wybaczam.oficjalnie skins.army
0,28,0,0,100.0,0.0,3.0,False,False,CT,True,49,76561199826895670,RME | Пацан
0,42,0,0,100.0,0.0,2.0,False,False,TERRORIST,True,49,76561198002613044,frees.tyler
0,41,4,100,24.0,0.0,2.0,False,True,TERRORIST,True,49,76561198274174345,zig
0,24,0,0,100.0,0.0,3.0,False,False,CT,True,49,76561199433997570,Simple Dimple skins.army
0,30,0,0,0.0,1.0,3.0,False,False,CT,False,49,76561199557907229,shawty#)$@
0,38,0,100,100.0,0.0,2.0,False,True,TERRORIST,True,49,76561198049602148,Moon
0,32,0,0,78.0,0.0,3.0,False,False,CT,True,49,76561199068251294,prosto bo$$
0,44,3,100,100.0,0.0,2.0,False,True,TERRORIST,True,49,76561198171814417,Faat
0,37,4,0,100.0,0.0,2.0,False,False,TERRORIST,True,49,76561199052717313,Worfy
0,22,0,0,100.0,0.0,3.0,False,False,CT,True,50,76561199256543526,Wybaczam.oficjalnie skins.army
0,28,0,0,100.0,0.0,3.0,False,False,CT,True,50,76561199826895670,RME | Пацан
0,42,0,0,100.0,0.0,2.0,False,False,TERRORIST,True,50,76561198002613044,frees.tyler
0,41,4,100,24.0,0.0,2.0,False,True,TERRORIST,True,50,76561198274174345,zig
0,24,0,0,100.0,0.0,3.0,False,False,CT,True,50,76561199433997570,Simple Dimple skins.army
0,30,0,0,0.0,1.0,3.0,False,False,CT,False,50,76561199557907229,shawty#)$@
0,38,0,100,100.0,0.0,2.0,False,True,TERRORIST,True,50,76561198049602148,Moon
0,32,0,0,78.0,0.0,3.0,False,False,CT,True,50,76561199068251294,prosto bo$$
0,44,3,100,100.0,0.0,2.0,False,True,TERRORIST,True,50,76561198171814417,Faat
0,37,4,0,100.0,0.0,2.0,False,False,TERRORIST,True,50,76561199052717313,Worfy
0,22,0,0,100.0,0.0,3.0,False,False,CT,True,51,76561199256543526,Wybaczam.oficjalnie skins.army
0,28,0,0,100.0,0.0,3.0,False,False,CT,True,51,76561199826895670,RME | Пацан
0,42,0,0,100.0,0.0,2.0,False,False,TERRORIST,True,51,76561198002613044,frees.tyler
0,41,4,100,24.0,0.0,2.0,False,True,TERRORIST,True,51,76561198274174345,zig
0,24,0,0,100.0,0.0,3.0,False,False,CT,True,51,76561199433997570,Simple Dimple skins.army
0,30,0,0,0.0,1.0,3.0,False,False,CT,False,51,76561199557907229,shawty#)$@
0,38,0,100,100.0,0.0,2.0,False,True,TERRORIST,True,51,76561198049602148,Moon
0,32,0,0,78.0,0.0,3.0,False,False,CT,True,51,76561199068251294,prosto bo$$
0,44,3,100,100.0,0.0,2.0,False,True,TERRORIST,True,51,76561198171814417,Faat
0,37,4,0,100.0,0.0,2.0,False,False,TERRORIST,True,51,76561199052717313,Worfy
0,22,0,0,100.0,0.0,3.0,False,False,CT,True,52,76561199256543526,Wybaczam.oficjalnie skins.army
0,28,0,0,100.0,0.0,3.0,False,False,CT,True,52,76561199826895670,RME | Пацан
0,42,0,0,100.0,0.0,2.0,False,False,TERRORIST,True,52,76561198002613044,frees.tyler
0,41,4,100,24.0,0.0,2.0,False,True,TERRORIST,True,52,76561198274174345,zig
0,24,0,0,100.0,0.0,3.0,False,False,CT,True,52,76561199433997570,Simple Dimple skins.army
0,30,0,0,0.0,1.0,3.0,False,False,CT,False,52,76561199557907229,shawty#)$@
0,38,0,100,100.0,0.0,2.0,False,True,TERRORIST,True,52,76561198049602148,Moon
0,32,0,0,78.0,0.0,3.0,False,False,CT,True,52,76561199068251294,prosto bo$$
0,44,3,100,100.0,0.0,2.0,False,True,TERRORIST,True,52,76561198171814417,Faat
0,37,4,0,100.0,0.0,2.0,False,False,TERRORIST,True,52,76561199052717313,Worfy
0,22,0,0,100.0,0.0,3.0,False,False,CT,True,53,76561199256543526,Wybaczam.oficjalnie skins.army
0,28,0,0,100.0,0.0,3.0,False,False,CT,True,53,76561199826895670,RME | Пацан
0,42,0,0,100.0,0.0,2.0,False,False,TERRORIST,True,53,76561198002613044,frees.tyler
0,41,4,100,24.0,0.0,2.0,False,True,TERRORIST,True,53,76561198274174345,zig
0,24,0,0,100.0,0.0,3.0,False,False,CT,True,53,76561199433997570,Simple Dimple skins.army
0,30,0,0,0.0,1.0,3.0,False,False,CT,False,53,76561199557907229,shawty#)$@
0,38,0,100,100.0,0.0,2.0,False,True,TERRORIST,True,53,76561198049602148,Moon
0,32,0,0,78.0,0.0,3.0,False,False,CT,True,53,76561199068251294,prosto bo$$
0,44,3,100,100.0,0.0,2.0,False,True,TERRORIST,True,53,76561198171814417,Faat
0,37,4,0,100.0,0.0,2.0,False,False,TERRORIST,True,53,76561199052717313,Worfy
0,22,0,0,100.0,0.0,3.0,False,False,CT,True,54,76561199256543526,Wybaczam.oficjalnie skins.army
0,28,0,0,100.0,0.0,3.0,False,False,CT,True,54,76561199826895670,RME | Пацан
0,42,0,0,100.0,0.0,2.0,False,False,TERRORIST,True,54,76561198002613044,frees.tyler
0,41,4,100,24.0,0.0,2.0,False,True,TERRORIST,True,54,76561198274174345,zig
0,24,0,0,100.0,0.0,3.0,False,False,CT,True,54,76561199433997570,Simple Dimple skins.army
0,30,0,0,0.0,1.0,3.0,False,False,CT,False,54,76561199557907229,shawty#)$@
0,38,0,100,100.0,0.0,2.0,False,True,TERRORIST,True,54,76561198049602148,Moon
0,32,0,0,78.0,0.0,3.0,False,False,CT,True,54,76561199068251294,prosto bo$$
0,44,3,100,100.0,0.0,2.0,False,True,TERRORIST,True,54,76561198171814417,Faat
0,37,4,0,100.0,0.0,2.0,False,False,TERRORIST,True,54,76561199052717313,Worfy
0,22,0,0,100.0,0.0,3.0,False,False,CT,True,55,76561199256543526,Wybaczam.oficjalnie skins.army
0,28,0,0,100.0,0.0,3.0,False,False,CT,True,55,76561199826895670,RME | Пацан
0,42,0,0,100.0,0.0,2.0,False,False,TERRORIST,True,55,76561198002613044,frees.tyler
0,41,4,100,24.0,0.0,2.0,False,True,TERRORIST,True,55,76561198274174345,zig
0,24,0,0,100.0,0.0,3.0,False,False,CT,True,55,76561199433997570,Simple Dimple skins.army
0,30,0,0,0.0,1.0,3.0,False,False,CT,False,55,76561199557907229,shawty#)$@
0,38,0,100,100.0,0.0,2.0,False,True,TERRORIST,True,55,76561198049602148,Moon
0,32,0,0,78.0,0.0,3.0,False,False,CT,True,55,76561199068251294,prosto bo$$
0,44,3,100,100.0,0.0,2.0,False,True,TERRORIST,True,55,76561198171814417,Faat
0,37,4,0,100.0,0.0,2.0,False,False,TERRORIST,True,55,76561199052717313,Worfy
0,22,0,0,100.0,0.0,3.0,False,False,CT,True,56,76561199256543526,Wybaczam.oficjalnie skins.army
0,28,0,0,100.0,0.0,3.0,False,False,CT,True,56,76561199826895670,RME | Пацан
0,42,0,0,100.0,0.0,2.0,False,False,TERRORIST,True,56,76561198002613044,frees.tyler
0,41,4,100,24.0,0.0,2.0,False,True,TERRORIST,True,56,76561198274174345,zig
0,24,0,0,100.0,0.0,3.0,False,False,CT,True,56,76561199433997570,Simple Dimple skins.army
0,30,0,0,0.0,1.0,3.0,False,False,CT,False,56,76561199557907229,shawty#)$@
0,38,0,100,100.0,0.0,2.0,False,True,TERRORIST,True,56,76561198049602148,Moon
0,32,0,0,78.0,0.0,3.0,False,False,CT,True,56,76561199068251294,prosto bo$$
0,44,3,100,100.0,0.0,2.0,False,True,TERRORIST,True,56,76561198171814417,Faat
0,37,4,0,100.0,0.0,2.0,False,False,TERRORIST,True,56,76561199052717313,Worfy
0,22,0,0,100.0,0.0,3.0,False,False,CT,True,57,76561199256543526,Wybaczam.oficjalnie skins.army
0,28,0,0,100.0,0.0,3.0,False,False,CT,True,57,76561199826895670,RME | Пацан
0,42,0,0,100.0,0.0,2.0,False,False,TERRORIST,True,57,76561198002613044,frees.tyler
0,41,4,100,24.0,0.0,2.0,False,True,TERRORIST,True,57,76561198274174345,zig
0,24,0,0,100.0,0.0,3.0,False,False,CT,True,57,76561199433997570,Simple Dimple skins.army
0,30,0,0,0.0,1.0,3.0,False,False,CT,False,57,76561199557907229,shawty#)$@
0,38,0,100,100.0,0.0,2.0,False,True,TERRORIST,True,57,76561198049602148,Moon
0,32,0,0,78.0,0.0,3.0,False,False,CT,True,57,76561199068251294,prosto bo$$
0,44,3,100,100.0,0.0,2.0,False,True,TERRORIST,True,57,76561198171814417,Faat
0,37,4,0,100.0,0.0,2.0,False,False,TERRORIST,True,57,76561199052717313,Worfy
0,22,0,0,100.0,0.0,3.0,False,False,CT,True,58,76561199256543526,Wybaczam.oficjalnie skins.army
0,28,0,0,100.0,0.0,3.0,False,False,CT,True,58,76561199826895670,RME | Пацан
0,42,0,0,100.0,0.0,2.0,False,False,TERRORIST,True,58,76561198002613044,frees.tyler
0,41,4,100,24.0,0.0,2.0,False,True,TERRORIST,True,58,76561198274174345,zig
0,24,0,0,100.0,0.0,3.0,False,False,CT,True,58,76561199433997570,Simple Dimple skins.army
0,30,0,0,0.0,1.0,3.0,False,False,CT,False,58,76561199557907229,shawty#)$@
0,38,0,100,100.0,0.0,2.0,False,True,TERRORIST,True,58,76561198049602148,Moon
0,32,0,0,78.0,0.0,3.0,False,False,CT,True,58,76561199068251294,prosto bo$$
0,44,3,100,100.0,0.0,2.0,False,True,TERRORIST,True,58,76561198171814417,Faat
0,37,4,0,100.0,0.0,2.0,False,False,TERRORIST,True,58,76561199052717313,Worfy
0,22,0,0,100.0,0.0,3.0,False,False,CT,True,59,76561199256543526,Wybaczam.oficjalnie skins.army
0,28,0,0,100.0,0.0,3.0,False,False,CT,True,59,76561199826895670,RME | Пацан
0,42,0,0,100.0,0.0,2.0,False,False,TERRORIST,True,59,76561198002613044,frees.tyler
0,41,4,100,24.0,0.0,2.0,False,True,TERRORIST,True,59,76561198274174345,zig
0,24,0,0,100.0,0.0,3.0,False,False,CT,True,59,76561199433997570,Simple Dimple skins.army
0,30,0,0,0.0,1.0,3.0,False,False,CT,False,59,76561199557907229,shawty#)$@
0,38,0,100,100.0,0.0,2.0,False,True,TERRORIST,True,59,76561198049602148,Moon
0,32,0,0,78.0,0.0,3.0,False,False,CT,True,59,76561199068251294,prosto bo$$
0,44,3,100,100.0,0.0,2.0,False,True,TERRORIST,True,59,76561198171814417,Faat
0,37,4,0,100.0,0.0,2.0,False,False,TERRORIST,True,59,76561199052717313,Worfy
0,22,0,0,100.0,0.0,3.0,False,False,CT,True,60,76561199256543526,Wybaczam.oficjalnie skins.army
0,28,0,0,100.0,0.0,3.0,False,False,CT,True,60,76561199826895670,RME | Пацан
0,42,0,0,100.0,0.0,2.0,False,False,TERRORIST,True,60,76561198002613044,frees.tyler
0,41,4,100,24.0,0.0,2.0,False,True,TERRORIST,True,60,76561198274174345,zig
0,24,0,0,100.0,0.0,3.0,False,False,CT,True,60,76561199433997570,Simple Dimple skins.army
0,30,0,0,0.0,1.0,3.0,False,False,CT,False,60,76561199557907229,shawty#)$@
0,38,0,100,100.0,0.0,2.0,False,True,TERRORIST,True,60,76561198049602148,Moon
0,32,0,0,78.0,0.0,3.0,False,False,CT,True,60,76561199068251294,prosto bo$$
0,44,3,100,100.0,0.0,2.0,False,True,TERRORIST,True,60,76561198171814417,Faat
0,37,4,0,100.0,0.0,2.0,False,False,TERRORIST,True,60,76561199052717313,Worfy
0,22,0,0,100.0,0.0,3.0,False,False,CT,True,61,76561199256543526,Wybaczam.oficjalnie skins.army
0,28,0,0,100.0,0.0,3.0,False,False,CT,True,61,76561199826895670,RME | Пацан
0,42,0,0,100.0,0.0,2.0,False,False,TERRORIST,True,61,76561198002613044,frees.tyler
0,41,4,100,24.0,0.0,2.0,False,True,TERRORIST,True,61,76561198274174345,zig
0,24,0,0,100.0,0.0,3.0,False,False,CT,True,61,76561199433997570,Simple Dimple skins.army
0,30,0,0,0.0,1.0,3.0,False,False,CT,False,61,76561199557907229,shawty#)$@
0,38,0,100,100.0,0.0,2.0,False,True,TERRORIST,True,61,76561198049602148,Moon
0,32,0,0,78.0,0.0,3.0,False,False,CT,True,61,76561199068251294,prosto bo$$
0,44,3,100,100.0,0.0,2.0,False,True,TERRORIST,True,61,76561198171814417,Faat
0,37,4,0,100.0,0.0,2.0,False,False,TERRORIST,True,61,76561199052717313,Worfy
0,22,0,0,100.0,0.0,3.0,False,False,CT,True,62,76561199256543526,Wybaczam.oficjalnie skins.army
0,28,0,0,100.0,0.0,3.0,False,False,CT,True,62,76561199826895670,RME | Пацан
0,42,0,0,100.0,0.0,2.0,False,False,TERRORIST,True,62,76561198002613044,frees.tyler
0,41,4,100,24.0,0.0,2.0,False,True,TERRORIST,True,62,76561198274174345,zig
0,24,0,0,100.0,0.0,3.0,False,False,CT,True,62,76561199433997570,Simple Dimple skins.army
0,30,0,0,0.0,1.0,3.0,False,False,CT,False,62,76561199557907229,shawty#)$@
0,38,0,100,100.0,0.0,2.0,False,True,TERRORIST,True,62,76561198049602148,Moon
0,32,0,0,78.0,0.0,3.0,False,False,CT,True,62,76561199068251294,prosto bo$$
0,44,3,100,100.0,0.0,2.0,False,True,TERRORIST,True,62,76561198171814417,Faat
0,37,4,0,100.0,0.0,2.0,False,False,TERRORIST,True,62,76561199052717313,Worfy
0,22,0,0,100.0,0.0,3.0,False,False,CT,True,63,76561199256543526,Wybaczam.oficjalnie skins.army
0,28,0,0,100.0,0.0,3.0,False,False,CT,True,63,76561199826895670,RME | Пацан
0,42,0,0,100.0,0.0,2.0,False,False,TERRORIST,True,63,76561198002613044,frees.tyler
0,41,4,100,24.0,0.0,2.0,False,True,TERRORIST,True,63,76561198274174345,zig
0,24,0,0,100.0,0.0,3.0,False,False,CT,True,63,76561199433997570,Simple Dimple skins.army
0,30,0,0,0.0,1.0,3.0,False,False,CT,False,63,76561199557907229,shawty#)$@
0,38,0,100,100.0,0.0,2.0,False,True,TERRORIST,True,63,76561198049602148,Moon
0,32,0,0,78.0,0.0,3.0,False,False,CT,True,63,76561199068251294,prosto bo$$
0,44,3,100,100.0,0.0,2.0,False,True,TERRORIST,True,63,76561198171814417,Faat
0,37,4,0,100.0,0.0,2.0,False,False,TERRORIST,True,63,76561199052717313,Worfy
0,22,0,0,100.0,0.0,3.0,False,False,CT,True,64,76561199256543526,Wybaczam.oficjalnie skins.army
0,28,0,0,100.0,0.0,3.0,False,False,CT,True,64,76561199826895670,RME | Пацан
0,42,0,0,100.0,0.0,2.0,False,False,TERRORIST,True,64,76561198002613044,frees.tyler
0,41,4,100,24.0,0.0,2.0,False,True,TERRORIST,True,64,76561198274174345,zig
0,24,0,0,100.0,0.0,3.0,False,False,CT,True,64,76561199433997570,Simple Dimple skins.army
0,30,0,0,0.0,1.0,3.0,False,False,CT,False,64,76561199557907229,shawty#)$@
0,38,0,100,100.0,0.0,2.0,False,True,TERRORIST,True,64,76561198049602148,Moon
0,32,0,0,78.0,0.0,3.0,False,False,CT,True,64,76561199068251294,prosto bo$$
0,44,3,100,100.0,0.0,2.0,False,True,TERRORIST,True,64,76561198171814417,Faat
0,37,4,0,100.0,0.0,2.0,False,False,TERRORIST,True,64,76561199052717313,Worfy
0,22,0,0,100.0,0.0,3.0,False,False,CT,True,65,76561199256543526,Wybaczam.oficjalnie skins.army
0,28,0,0,100.0,0.0,3.0,False,False,CT,True,65,76561199826895670,RME | Пацан
0,42,0,0,100.0,0.0,2.0,False,False,TERRORIST,True,65,76561198002613044,frees.tyler
0,41,0,0,100.0,0.0,2.0,False,False,TERRORIST,True,65,76561198274174345,zig
0,24,0,0,100.0,0.0,3.0,False,False,CT,True,65,76561199433997570,Simple Dimple skins.army
0,30,0,0,100.0,0.0,3.0,False,False,CT,True,65,76561199557907229,shawty#)$@
0,38,0,0,100.0,0.0,2.0,False,False,TERRORIST,True,65,76561198049602148,Moon
0,32,0,0,100.0,0.0,3.0,False,False,CT,True,65,76561199068251294,prosto bo$$
0,44,0,0,100.0,0.0,2.0,False,False,TERRORIST,True,65,76561198171814417,Faat
0,37,0,0,100.0,0.0,2.0,False,False,TERRORIST,True,65,76561199052717313,Worfy
0,22,0,0,100.0,0.0,3.0,False,False,CT,True,67,76561199256543526,Wybaczam.oficjalnie skins.army
0,28,0,0,100.0,0.0,3.0,False,False,CT,True,67,76561199826895670,RME | Пацан
0,42,0,0,100.0,0.0,2.0,False,False,TERRORIST,True,67,76561198002613044,frees.tyler
0,41,0,0,100.0,0.0,2.0,False,False,TERRORIST,True,67,76561198274174345,zig
0,24,0,0,100.0,0.0,3.0,False,False,CT,True,67,76561199433997570,Simple Dimple skins.army
0,30,0,0,100.0,0.0,3.0,False,False,CT,True,67,76561199557907229,shawty#)$@
0,38,0,0,100.0,0.0,2.0,False,False,TERRORIST,True,67,76561198049602148,Moon
0,32,0,0,100.0,0.0,3.0,False,False,CT,True,67,76561199068251294,prosto bo$$
0,44,0,0,100.0,0.0,2.0,False,False,TERRORIST,True,67,76561198171814417,Faat
0,37,0,0,100.0,0.0,2.0,False,False,TERRORIST,True,67,76561199052717313,Worfy
0,22,0,0,100.0,0.0,3.0,False,False,CT,True,68,76561199256543526,Wybaczam.oficjalnie skins.army
0,28,0,0,100.0,0.0,3.0,False,False,CT,True,68,76561199826895670,RME | Пацан
0,42,0,0,100.0,0.0,2.0,False,False,TERRORIST,True,68,76561198002613044,frees.tyler
0,41,0,0,100.0,0.0,2.0,False,False,TERRORIST,True,68,76561198274174345,zig
0,24,0,0,100.0,0.0,3.0,False,False,CT,True,68,76561199433997570,Simple Dimple skins.army
0,30,0,0,100.0,0.0,3.0,False,False,CT,True,68,76561199557907229,shawty#)$@
0,38,0,0,100.0,0.0,2.0,False,False,TERRORIST,True,68,76561198049602148,Moon
0,32,0,0,100.0,0.0,3.0,False,False,CT,True,68,76561199068251294,prosto bo$$
0,44,0,0,100.0,0.0,2.0,False,False,TERRORIST,True,68,76561198171814417,Faat
0,37,0,0,100.0,0.0,2.0,False,False,TERRORIST,True,68,76561199052717313,Worfy
0,22,0,0,100.0,0.0,3.0,False,False,CT,True,69,76561199256543526,Wybaczam.oficjalnie skins.army
0,28,0,0,100.0,0.0,3.0,False,False,CT,True,69,76561199826895670,RME | Пацан
0,42,0,0,100.0,0.0,2.0,False,False,TERRORIST,True,69,76561198002613044,frees.tyler
0,41,0,0,100.0,0.0,2.0,False,False,TERRORIST,True,69,76561198274174345,zig
0,24,0,0,100.0,0.0,3.0,False,False,CT,True,69,76561199433997570,Simple Dimple skins.army
0,30,0,0,100.0,0.0,3.0,False,False,CT,True,69,76561199557907229,shawty#)$@
0,38,0,0,100.0,0.0,2.0,False,False,TERRORIST,True,69,76561198049602148,Moon
0,32,0,0,100.0,0.0,3.0,False,False,CT,True,69,76561199068251294,prosto bo$$
0,44,0,0,100.0,0.0,2.0,False,False,TERRORIST,True,69,76561198171814417,Faat
0,37,0,0,100.0,0.0,2.0,False,False,TERRORIST,True,69,76561199052717313,Worfy
0,22,0,0,100.0,0.0,3.0,False,False,CT,True,70,76561199256543526,Wybaczam.oficjalnie skins.army
0,28,0,0,100.0,0.0,3.0,False,False,CT,True,70,76561199826895670,RME | Пацан
0,42,0,0,100.0,0.0,2.0,False,False,TERRORIST,True,70,76561198002613044,frees.tyler
0,41,0,0,100.0,0.0,2.0,False,False,TERRORIST,True,70,76561198274174345,zig
0,24,0,0,100.0,0.0,3.0,False,False,CT,True,70,76561199433997570,Simple Dimple skins.army
0,30,0,0,100.0,0.0,3.0,False,False,CT,True,70,76561199557907229,shawty#)$@
0,38,0,0,100.0,0.0,2.0,False,False,TERRORIST,True,70,76561198049602148,Moon
0,32,0,0,100.0,0.0,3.0,False,False,CT,True,70,76561199068251294,prosto bo$$
0,44,0,0,100.0,0.0,2.0,False,False,TERRORIST,True,70,76561198171814417,Faat
0,37,0,0,100.0,0.0,2.0,False,False,TERRORIST,True,70,76561199052717313,Worfy
0,22,0,0,100.0,0.0,3.0,False,False,CT,True,71,76561199256543526,Wybaczam.oficjalnie skins.army
0,28,0,0,100.0,0.0,3.0,False,False,CT,True,71,76561199826895670,RME | Пацан
0,42,0,0,100.0,0.0,2.0,False,False,TERRORIST,True,71,76561198002613044,frees.tyler
0,41,0,0,100.0,0.0,2.0,False,False,TERRORIST,True,71,76561198274174345,zig
0,24,0,0,100.0,0.0,3.0,False,False,CT,True,71,76561199433997570,Simple Dimple skins.army
0,30,0,0,100.0,0.0,3.0,False,False,CT,True,71,76561199557907229,shawty#)$@
0,38,0,0,100.0,0.0,2.0,False,False,TERRORIST,True,71,76561198049602148,Moon
0,32,0,0,100.0,0.0,3.0,False,False,CT,True,71,76561199068251294,prosto bo$$
0,44,0,0,100.0,0.0,2.0,False,False,TERRORIST,True,71,76561198171814417,Faat
0,37,0,0,100.0,0.0,2.0,False,False,TERRORIST,True,71,76561199052717313,Worfy
0,22,0,0,100.0,0.0,3.0,False,False,CT,True,72,76561199256543526,Wybaczam.oficjalnie skins.army
0,28,0,0,100.0,0.0,3.0,False,False,CT,True,72,76561199826895670,RME | Пацан
0,42,0,0,100.0,0.0,2.0,False,False,TERRORIST,True,72,76561198002613044,frees.tyler
0,41,0,0,100.0,0.0,2.0,False,False,TERRORIST,True,72,76561198274174345,zig
0,24,0,0,100.0,0.0,3.0,False,False,CT,True,72,76561199433997570,Simple Dimple skins.army
0,30,0,0,100.0,0.0,3.0,False,False,CT,True,72,76561199557907229,shawty#)$@
0,38,0,0,100.0,0.0,2.0,False,False,TERRORIST,True,72,76561198049602148,Moon
0,32,0,0,100.0,0.0,3.0,False,False,CT,True,72,76561199068251294,prosto bo$$
0,44,0,0,100.0,0.0,2.0,False,False,TERRORIST,True,72,76561198171814417,Faat
0,37,0,0,100.0,0.0,2.0,False,False,TERRORIST,True,72,76561199052717313,Worfy
0,22,0,0,100.0,0.0,3.0,False,False,CT,True,73,76561199256543526,Wybaczam.oficjalnie skins.army
0,28,0,0,100.0,0.0,3.0,False,False,CT,True,73,76561199826895670,RME | Пацан
0,42,0,0,100.0,0.0,2.0,False,False,TERRORIST,True,73,76561198002613044,frees.tyler
0,41,0,0,100.0,0.0,2.0,False,False,TERRORIST,True,73,76561198274174345,zig
0,24,0,0,100.0,0.0,3.0,False,False,CT,True,73,76561199433997570,Simple Dimple skins.army
0,30,0,0,100.0,0.0,3.0,False,False,CT,True,73,76561199557907229,shawty#)$@
0,38,0,0,100.0,0.0,2.0,False,False,TERRORIST,True,73,76561198049602148,Moon
0,32,0,0,100.0,0.0,3.0,False,False,CT,True,73,76561199068251294,prosto bo$$
0,44,0,0,100.0,0.0,2.0,False,False,TERRORIST,True,73,76561198171814417,Faat
0,37,0,0,100.0,0.0,2.0,False,False,TERRORIST,True,73,76561199052717313,Worfy
0,22,0,0,100.0,0.0,3.0,False,False,CT,True,74,76561199256543526,Wybaczam.oficjalnie skins.army
0,28,0,0,100.0,0.0,3.0,False,False,CT,True,74,76561199826895670,RME | Пацан
0,42,0,0,100.0,0.0,2.0,False,False,TERRORIST,True,74,76561198002613044,frees.tyler
0,41,0,0,100.0,0.0,2.0,False,False,TERRORIST,True,74,76561198274174345,zig
0,24,0,0,100.0,0.0,3.0,False,False,CT,True,74,76561199433997570,Simple Dimple skins.army
0,30,0,0,100.0,0.0,3.0,False,False,CT,True,74,76561199557907229,shawty#)$@
0,38,0,0,100.0,0.0,2.0,False,False,TERRORIST,True,74,76561198049602148,Moon
0,32,0,0,100.0,0.0,3.0,False,False,CT,True,74,76561199068251294,prosto bo$$
0,44,0,0,100.0,0.0,2.0,False,False,TERRORIST,True,74,76561198171814417,Faat
0,37,0,0,100.0,0.0,2.0,False,False,TERRORIST,True,74,76561199052717313,Worfy
0,22,0,0,100.0,0.0,3.0,False,False,CT,True,75,76561199256543526,Wybaczam.oficjalnie skins.army
0,28,0,0,100.0,0.0,3.0,False,False,CT,True,75,76561199826895670,RME | Пацан
0,42,0,0,100.0,0.0,2.0,False,False,TERRORIST,True,75,76561198002613044,frees.tyler
0,41,0,0,100.0,0.0,2.0,False,False,TERRORIST,True,75,76561198274174345,zig
0,24,0,0,100.0,0.0,3.0,False,False,CT,True,75,76561199433997570,Simple Dimple skins.army
0,30,0,0,100.0,0.0,3.0,False,False,CT,True,75,76561199557907229,shawty#)$@
0,38,0,0,100.0,0.0,2.0,False,False,TERRORIST,True,75,76561198049602148,Moon
0,32,0,0,100.0,0.0,3.0,False,False,CT,True,75,76561199068251294,prosto bo$$
0,44,0,0,100.0,0.0,2.0,False,False,TERRORIST,True,75,76561198171814417,Faat
0,37,0,0,100.0,0.0,2.0,False,False,TERRORIST,True,75,76561199052717313,Worfy
0,22,0,0,100.0,0.0,3.0,False,False,CT,True,76,76561199256543526,Wybaczam.oficjalnie skins.army
0,28,0,0,100.0,0.0,3.0,False,False,CT,True,76,76561199826895670,RME | Пацан
0,42,0,0,100.0,0.0,2.0,False,False,TERRORIST,True,76,76561198002613044,frees.tyler
0,41,0,0,100.0,0.0,2.0,False,False,TERRORIST,True,76,76561198274174345,zig
0,24,0,0,100.0,0.0,3.0,False,False,CT,True,76,76561199433997570,Simple Dimple skins.army
0,30,0,0,100.0,0.0,3.0,False,False,CT,True,76,76561199557907229,shawty#)$@
0,38,0,0,100.0,0.0,2.0,False,False,TERRORIST,True,76,76561198049602148,Moon
0,32,0,0,100.0,0.0,3.0,False,False,CT,True,76,76561199068251294,prosto bo$$
0,44,0,0,100.0,0.0,2.0,False,False,TERRORIST,True,76,76561198171814417,Faat
0,37,0,0,100.0,0.0,2.0,False,False,TERRORIST,True,76,76561199052717313,Worfy
0,22,0,0,100.0,0.0,3.0,False,False,CT,True,77,76561199256543526,Wybaczam.oficjalnie skins.army
0,28,0,0,100.0,0.0,3.0,False,False,CT,True,77,76561199826895670,RME | Пацан
0,42,0,0,100.0,0.0,2.0,False,False,TERRORIST,True,77,76561198002613044,frees.tyler
0,41,0,0,100.0,0.0,2.0,False,False,TERRORIST,True,77,76561198274174345,zig
0,24,0,0,100.0,0.0,3.0,False,False,CT,True,77,76561199433997570,Simple Dimple skins.army
0,30,0,0,100.0,0.0,3.0,False,False,CT,True,77,76561199557907229,shawty#)$@
0,38,0,0,100.0,0.0,2.0,False,False,TERRORIST,True,77,76561198049602148,Moon
0,32,0,0,100.0,0.0,3.0,False,False,CT,True,77,76561199068251294,prosto bo$$
0,44,0,0,100.0,0.0,2.0,False,False,TERRORIST,True,77,76561198171814417,Faat
0,37,0,0,100.0,0.0,2.0,False,False,TERRORIST,True,77,76561199052717313,Worfy
0,22,0,0,100.0,0.0,3.0,False,False,CT,True,78,76561199256543526,Wybaczam.oficjalnie skins.army
0,28,0,0,100.0,0.0,3.0,False,False,CT,True,78,76561199826895670,RME | Пацан
0,42,0,0,100.0,0.0,2.0,False,False,TERRORIST,True,78,76561198002613044,frees.tyler
0,41,0,0,100.0,0.0,2.0,False,False,TERRORIST,True,78,76561198274174345,zig
0,24,0,0,100.0,0.0,3.0,False,False,CT,True,78,76561199433997570,Simple Dimple skins.army
0,30,0,0,100.0,0.0,3.0,False,False,CT,True,78,76561199557907229,shawty#)$@
0,38,0,0,100.0,0.0,2.0,False,False,TERRORIST,True,78,76561198049602148,Moon
0,32,0,0,100.0,0.0,3.0,False,False,CT,True,78,76561199068251294,prosto bo$$
0,44,0,0,100.0,0.0,2.0,False,False,TERRORIST,True,78,76561198171814417,Faat
0,37,0,0,100.0,0.0,2.0,False,False,TERRORIST,True,78,76561199052717313,Worfy
0,22,0,0,100.0,0.0,3.0,False,False,CT,True,79,76561199256543526,Wybaczam.oficjalnie skins.army
0,28,0,0,100.0,0.0,3.0,False,False,CT,True,79,76561199826895670,RME | Пацан
0,42,0,0,100.0,0.0,2.0,False,False,TERRORIST,True,79,76561198002613044,frees.tyler
0,41,0,0,100.0,0.0,2.0,False,False,TERRORIST,True,79,76561198274174345,zig
0,24,0,0,100.0,0.0,3.0,False,False,CT,True,79,76561199433997570,Simple Dimple skins.army
0,30,0,0,100.0,0.0,3.0,False,False,CT,True,79,76561199557907229,shawty#)$@
0,38,0,0,100.0,0.0,2.0,False,False,TERRORIST,True,79,76561198049602148,Moon
0,32,0,0,100.0,0.0,3.0,False,False,CT,True,79,76561199068251294,prosto bo$$
0,44,0,0,100.0,0.0,2.0,False,False,TERRORIST,True,79,76561198171814417,Faat
0,37,0,0,100.0,0.0,2.0,False,False,TERRORIST,True,79,76561199052717313,Worfy
0,22,0,0,100.0,0.0,3.0,False,False,CT,True,80,76561199256543526,Wybaczam.oficjalnie skins.army
0,28,0,0,100.0,0.0,3.0,False,False,CT,True,80,76561199826895670,RME | Пацан
0,42,0,0,100.0,0.0,2.0,False,False,TERRORIST,True,80,76561198002613044,frees.tyler
0,41,0,0,100.0,0.0,2.0,False,False,TERRORIST,True,80,76561198274174345,zig
0,24,0,0,100.0,0.0,3.0,False,False,CT,True,80,76561199433997570,Simple Dimple skins.army
0,30,0,0,100.0,0.0,3.0,False,False,CT,True,80,76561199557907229,shawty#)$@
0,38,0,0,100.0,0.0,2.0,False,False,TERRORIST,True,80,76561198049602148,Moon
0,32,0,0,100.0,0.0,3.0,False,False,CT,True,80,76561199068251294,prosto bo$$
0,44,0,0,100.0,0.0,2.0,False,False,TERRORIST,True,80,76561198171814417,Faat
0,37,0,0,100.0,0.0,2.0,False,False,TERRORIST,True,80,76561199052717313,Worfy
0,22,0,0,100.0,0.0,3.0,False,False,CT,True,81,76561199256543526,Wybaczam.oficjalnie skins.army
0,28,0,0,100.0,0.0,3.0,False,False,CT,True,81,76561199826895670,RME | Пацан
0,42,0,0,100.0,0.0,2.0,False,False,TERRORIST,True,81,76561198002613044,frees.tyler
0,41,0,0,100.0,0.0,2.0,False,False,TERRORIST,True,81,76561198274174345,zig
0,24,0,0,100.0,0.0,3.0,False,False,CT,True,81,76561199433997570,Simple Dimple skins.army
0,30,0,0,100.0,0.0,3.0,False,False,CT,True,81,76561199557907229,shawty#)$@
0,38,0,0,100.0,0.0,2.0,False,False,TERRORIST,True,81,76561198049602148,Moon
0,32,0,0,100.0,0.0,3.0,False,False,CT,True,81,76561199068251294,prosto bo$$
0,44,0,0,100.0,0.0,2.0,False,False,TERRORIST,True,81,76561198171814417,Faat
0,37,0,0,100.0,0.0,2.0,False,False,TERRORIST,True,81,76561199052717313,Worfy
0,22,0,0,100.0,0.0,3.0,False,False,CT,True,82,76561199256543526,Wybaczam.oficjalnie skins.army
0,28,0,0,100.0,0.0,3.0,False,False,CT,True,82,76561199826895670,RME | Пацан
0,42,0,0,100.0,0.0,2.0,False,False,TERRORIST,True,82,76561198002613044,frees.tyler
0,41,0,0,100.0,0.0,2.0,False,False,TERRORIST,True,82,76561198274174345,zig
0,24,0,0,100.0,0.0,3.0,False,False,CT,True,82,76561199433997570,Simple Dimple skins.army
0,30,0,0,100.0,0.0,3.0,False,False,CT,True,82,76561199557907229,shawty#)$@
0,38,0,0,100.0,0.0,2.0,False,False,TERRORIST,True,82,76561198049602148,Moon
0,32,0,0,100.0,0.0,3.0,False,False,CT,True,82,76561199068251294,prosto bo$$
0,44,0,0,100.0,0.0,2.0,False,False,TERRORIST,True,82,76561198171814417,Faat
0,37,0,0,100.0,0.0,2.0,False,False,TERRORIST,True,82,76561199052717313,Worfy
0,22,0,0,100.0,0.0,3.0,False,False,CT,True,83,76561199256543526,Wybaczam.oficjalnie skins.army
0,28,0,0,100.0,0.0,3.0,False,False,CT,True,83,76561199826895670,RME | Пацан
0,42,0,0,100.0,0.0,2.0,False,False,TERRORIST,True,83,76561198002613044,frees.tyler
0,41,0,0,100.0,0.0,2.0,False,False,TERRORIST,True,83,76561198274174345,zig
0,24,0,0,100.0,0.0,3.0,False,False,CT,True,83,76561199433997570,Simple Dimple skins.army
0,30,0,0,100.0,0.0,3.0,False,False,CT,True,83,76561199557907229,shawty#)$@
0,38,0,0,100.0,0.0,2.0,False,False,TERRORIST,True,83,76561198049602148,Moon
0,32,0,0,100.0,0.0,3.0,False,False,CT,True,83,76561199068251294,prosto bo$$
0,44,0,0,100.0,0.0,2.0,False,False,TERRORIST,True,83,76561198171814417,Faat
0,37,0,0,100.0,0.0,2.0,False,False,TERRORIST,True,83,76561199052717313,Worfy
0,22,0,0,100.0,0.0,3.0,False,False,CT,True,84,76561199256543526,Wybaczam.oficjalnie skins.army
0,28,0,0,100.0,0.0,3.0,False,False,CT,True,84,76561199826895670,RME | Пацан
0,42,0,0,100.0,0.0,2.0,False,False,TERRORIST,True,84,76561198002613044,frees.tyler
0,41,0,0,100.0,0.0,2.0,False,False,TERRORIST,True,84,76561198274174345,zig
0,24,0,0,100.0,0.0,3.0,False,False,CT,True,84,76561199433997570,Simple Dimple skins.army
0,30,0,0,100.0,0.0,3.0,False,False,CT,True,84,76561199557907229,shawty#)$@
0,38,0,0,100.0,0.0,2.0,False,False,TERRORIST,True,84,76561198049602148,Moon
0,32,0,0,100.0,0.0,3.0,False,False,CT,True,84,76561199068251294,prosto bo$$
0,44,0,0,100.0,0.0,2.0,False,False,TERRORIST,True,84,76561198171814417,Faat
0,37,0,0,100.0,0.0,2.0,False,False,TERRORIST,True,84,76561199052717313,Worfy
0,22,0,0,100.0,0.0,3.0,False,False,CT,True,85,76561199256543526,Wybaczam.oficjalnie skins.army
0,28,0,0,100.0,0.0,3.0,False,False,CT,True,85,76561199826895670,RME | Пацан
0,42,0,0,100.0,0.0,2.0,False,False,TERRORIST,True,85,76561198002613044,frees.tyler
0,41,0,0,100.0,0.0,2.0,False,False,TERRORIST,True,85,76561198274174345,zig
0,24,0,0,100.0,0.0,3.0,False,False,CT,True,85,76561199433997570,Simple Dimple skins.army
0,30,0,0,100.0,0.0,3.0,False,False,CT,True,85,76561199557907229,shawty#)$@
0,38,0,0,100.0,0.0,2.0,False,False,TERRORIST,True,85,76561198049602148,Moon
0,32,0,0,100.0,0.0,3.0,False,False,CT,True,85,76561199068251294,prosto bo$$
0,44,0,0,100.0,0.0,2.0,False,False,TERRORIST,True,85,76561198171814417,Faat
0,37,0,0,100.0,0.0,2.0,False,False,TERRORIST,True,85,76561199052717313,Worfy
0,22,0,0,100.0,0.0,3.0,False,False,CT,True,86,76561199256543526,Wybaczam.oficjalnie skins.army
0,28,0,0,100.0,0.0,3.0,False,False,CT,True,86,76561199826895670,RME | Пацан
0,42,0,0,100.0,0.0,2.0,False,False,TERRORIST,True,86,76561198002613044,frees.tyler
0,41,0,0,100.0,0.0,2.0,False,False,TERRORIST,True,86,76561198274174345,zig
0,24,0,0,100.0,0.0,3.0,False,False,CT,True,86,76561199433997570,Simple Dimple skins.army
0,30,0,0,100.0,0.0,3.0,False,False,CT,True,86,76561199557907229,shawty#)$@
0,38,0,0,100.0,0.0,2.0,False,False,TERRORIST,True,86,76561198049602148,Moon
0,32,0,0,100.0,0.0,3.0,False,False,CT,True,86,76561199068251294,prosto bo$$
0,44,0,0,100.0,0.0,2.0,False,False,TERRORIST,True,86,76561198171814417,Faat
0,37,0,0,100.0,0.0,2.0,False,False,TERRORIST,True,86,76561199052717313,Worfy
0,22,0,0,100.0,0.0,3.0,False,False,CT,True,87,76561199256543526,Wybaczam.oficjalnie skins.army
0,28,0,0,100.0,0.0,3.0,False,False,CT,True,87,76561199826895670,RME | Пацан
0,42,0,0,100.0,0.0,2.0,False,False,TERRORIST,True,87,76561198002613044,frees.tyler
0,41,0,0,100.0,0.0,2.0,False,False,TERRORIST,True,87,76561198274174345,zig
0,24,0,0,100.0,0.0,3.0,False,False,CT,True,87,76561199433997570,Simple Dimple skins.army
0,30,0,0,100.0,0.0,3.0,False,False,CT,True,87,76561199557907229,shawty#)$@
0,38,0,0,100.0,0.0,2.0,False,False,TERRORIST,True,87,76561198049602148,Moon
0,32,0,0,100.0,0.0,3.0,False,False,CT,True,87,76561199068251294,prosto bo$$
0,44,0,0,100.0,0.0,2.0,False,False,TERRORIST,True,87,76561198171814417,Faat
0,37,0,0,100.0,0.0,2.0,False,False,TERRORIST,True,87,76561199052717313,Worfy
0,22,0,0,100.0,0.0,3.0,False,False,CT,True,88,76561199256543526,Wybaczam.oficjalnie skins.army
0,28,0,0,100.0,0.0,3.0,False,False,CT,True,88,76561199826895670,RME | Пацан
0,42,0,0,100.0,0.0,2.0,False,False,TERRORIST,True,88,76561198002613044,frees.tyler
0,41,0,0,100.0,0.0,2.0,False,False,TERRORIST,True,88,76561198274174345,zig
0,24,0,0,100.0,0.0,3.0,False,False,CT,True,88,76561199433997570,Simple Dimple skins.army
0,30,0,0,100.0,0.0,3.0,False,False,CT,True,88,76561199557907229,shawty#)$@
0,38,0,0,100.0,0.0,2.0,False,False,TERRORIST,True,88,76561198049602148,Moon
0,32,0,0,100.0,0.0,3.0,False,False,CT,True,88,76561199068251294,prosto bo$$
0,44,0,0,100.0,0.0,2.0,False,False,TERRORIST,True,88,76561198171814417,Faat
0,37,0,0,100.0,0.0,2.0,False,False,TERRORIST,True,88,76561199052717313,Worfy
0,22,0,0,100.0,0.0,3.0,False,False,CT,True,89,76561199256543526,Wybaczam.oficjalnie skins.army
0,28,0,0,100.0,0.0,3.0,False,False,CT,True,89,76561199826895670,RME | Пацан
0,42,0,0,100.0,0.0,2.0,False,False,TERRORIST,True,89,76561198002613044,frees.tyler
0,41,0,0,100.0,0.0,2.0,False,False,TERRORIST,True,89,76561198274174345,zig
0,24,0,0,100.0,0.0,3.0,False,False,CT,True,89,76561199433997570,Simple Dimple skins.army
0,30,0,0,100.0,0.0,3.0,False,False,CT,True,89,76561199557907229,shawty#)$@
0,38,0,0,100.0,0.0,2.0,False,False,TERRORIST,True,89,76561198049602148,Moon
0,32,0,0,100.0,0.0,3.0,False,False,CT,True,89,76561199068251294,prosto bo$$
0,44,0,0,100.0,0.0,2.0,False,False,TERRORIST,True,89,76561198171814417,Faat
0,37,0,0,100.0,0.0,2.0,False,False,TERRORIST,True,89,76561199052717313,Worfy
0,22,0,0,100.0,0.0,3.0,False,False,CT,True,90,76561199256543526,Wybaczam.oficjalnie skins.army
0,28,0,0,100.0,0.0,3.0,False,False,CT,True,90,76561199826895670,RME | Пацан
0,42,0,0,100.0,0.0,2.0,False,False,TERRORIST,True,90,76561198002613044,frees.tyler
0,41,0,0,100.0,0.0,2.0,False,False,TERRORIST,True,90,76561198274174345,zig
0,24,0,0,100.0,0.0,3.0,False,False,CT,True,90,76561199433997570,Simple Dimple skins.army
0,30,0,0,100.0,0.0,3.0,False,False,CT,True,90,76561199557907229,shawty#)$@
0,38,0,0,100.0,0.0,2.0,False,False,TERRORIST,True,90,76561198049602148,Moon
0,32,0,0,100.0,0.0,3.0,False,False,CT,True,90,76561199068251294,prosto bo$$
0,44,0,0,100.0,0.0,2.0,False,False,TERRORIST,True,90,76561198171814417,Faat
0,37,0,0,100.0,0.0,2.0,False,False,TERRORIST,True,90,76561199052717313,Worfy
0,22,0,0,100.0,0.0,3.0,False,False,CT,True,91,76561199256543526,Wybaczam.oficjalnie skins.army
0,28,0,0,100.0,0.0,3.0,False,False,CT,True,91,76561199826895670,RME | Пацан
0,42,0,0,100.0,0.0,2.0,False,False,TERRORIST,True,91,76561198002613044,frees.tyler
0,41,0,0,100.0,0.0,2.0,False,False,TERRORIST,True,91,76561198274174345,zig
0,24,0,0,100.0,0.0,3.0,False,False,CT,True,91,76561199433997570,Simple Dimple skins.army
0,30,0,0,100.0,0.0,3.0,False,False,CT,True,91,76561199557907229,shawty#)$@
0,38,0,0,100.0,0.0,2.0,False,False,TERRORIST,True,91,76561198049602148,Moon
0,32,0,0,100.0,0.0,3.0,False,False,CT,True,91,76561199068251294,prosto bo$$
0,44,0,0,100.0,0.0,2.0,False,False,TERRORIST,True,91,76561198171814417,Faat
0,37,0,0,100.0,0.0,2.0,False,False,TERRORIST,True,91,76561199052717313,Worfy
0,22,0,0,100.0,0.0,3.0,False,False,CT,True,92,76561199256543526,Wybaczam.oficjalnie skins.army
0,28,0,0,100.0,0.0,3.0,False,False,CT,True,92,76561199826895670,RME | Пацан
0,42,0,0,100.0,0.0,2.0,False,False,TERRORIST,True,92,76561198002613044,frees.tyler
0,41,0,0,100.0,0.0,2.0,False,False,TERRORIST,True,92,76561198274174345,zig
0,24,0,0,100.0,0.0,3.0,False,False,CT,True,92,76561199433997570,Simple Dimple skins.army
0,30,0,0,100.0,0.0,3.0,False,False,CT,True,92,76561199557907229,shawty#)$@
0,38,0,0,100.0,0.0,2.0,False,False,TERRORIST,True,92,76561198049602148,Moon
0,32,0,0,100.0,0.0,3.0,False,False,CT,True,92,76561199068251294,prosto bo$$
0,44,0,0,100.0,0.0,2.0,False,False,TERRORIST,True,92,76561198171814417,Faat
0,37,0,0,100.0,0.0,2.0,False,False,TERRORIST,True,92,76561199052717313,Worfy
0,22,0,0,100.0,0.0,3.0,False,False,CT,True,93,76561199256543526,Wybaczam.oficjalnie skins.army
0,28,0,0,100.0,0.0,3.0,False,False,CT,True,93,76561199826895670,RME | Пацан
0,42,0,0,100.0,0.0,2.0,False,False,TERRORIST,True,93,76561198002613044,frees.tyler
0,41,0,0,100.0,0.0,2.0,False,False,TERRORIST,True,93,76561198274174345,zig
0,24,0,0,100.0,0.0,3.0,False,False,CT,True,93,76561199433997570,Simple Dimple skins.army
0,30,0,0,100.0,0.0,3.0,False,False,CT,True,93,76561199557907229,shawty#)$@
0,38,0,0,100.0,0.0,2.0,False,False,TERRORIST,True,93,76561198049602148,Moon
0,32,0,0,100.0,0.0,3.0,False,False,CT,True,93,76561199068251294,prosto bo$$
0,44,0,0,100.0,0.0,2.0,False,False,TERRORIST,True,93,76561198171814417,Faat
0,37,0,0,100.0,0.0,2.0,False,False,TERRORIST,True,93,76561199052717313,Worfy
0,22,0,0,100.0,0.0,3.0,False,False,CT,True,94,76561199256543526,Wybaczam.oficjalnie skins.army
0,28,0,0,100.0,0.0,3.0,False,False,CT,True,94,76561199826895670,RME | Пацан
0,42,0,0,100.0,0.0,2.0,False,False,TERRORIST,True,94,76561198002613044,frees.tyler
0,41,0,0,100.0,0.0,2.0,False,False,TERRORIST,True,94,76561198274174345,zig
0,24,0,0,100.0,0.0,3.0,False,False,CT,True,94,76561199433997570,Simple Dimple skins.army
0,30,0,0,100.0,0.0,3.0,False,False,CT,True,94,76561199557907229,shawty#)$@
0,38,0,0,100.0,0.0,2.0,False,False,TERRORIST,True,94,76561198049602148,Moon
0,32,0,0,100.0,0.0,3.0,False,False,CT,True,94,76561199068251294,prosto bo$$
0,44,0,0,100.0,0.0,2.0,False,False,TERRORIST,True,94,76561198171814417,Faat
0,37,0,0,100.0,0.0,2.0,False,False,TERRORIST,True,94,76561199052717313,Worfy
0,22,0,0,100.0,0.0,3.0,False,False,CT,True,95,76561199256543526,Wybaczam.oficjalnie skins.army
0,28,0,0,100.0,0.0,3.0,False,False,CT,True,95,76561199826895670,RME | Пацан
0,42,0,0,100.0,0.0,2.0,False,False,TERRORIST,True,95,76561198002613044,frees.tyler
0,41,0,0,100.0,0.0,2.0,False,False,TERRORIST,True,95,76561198274174345,zig
0,24,0,0,100.0,0.0,3.0,False,False,CT,True,95,76561199433997570,Simple Dimple skins.army
0,30,0,0,100.0,0.0,3.0,False,False,CT,True,95,76561199557907229,shawty#)$@
0,38,0,0,100.0,0.0,2.0,False,False,TERRORIST,True,95,76561198049602148,Moon
0,32,0,0,100.0,0.0,3.0,False,False,CT,True,95,76561199068251294,prosto bo$$
0,44,0,0,100.0,0.0,2.0,False,False,TERRORIST,True,95,76561198171814417,Faat
0,37,0,0,100.0,0.0,2.0,False,False,TERRORIST,True,95,76561199052717313,Worfy
0,22,0,0,100.0,0.0,3.0,False,False,CT,True,96,76561199256543526,Wybaczam.oficjalnie skins.army
0,28,0,0,100.0,0.0,3.0,False,False,CT,True,96,76561199826895670,RME | Пацан
0,42,0,0,100.0,0.0,2.0,False,False,TERRORIST,True,96,76561198002613044,frees.tyler
0,41,0,0,100.0,0.0,2.0,False,False,TERRORIST,True,96,76561198274174345,zig
0,24,0,0,100.0,0.0,3.0,False,False,CT,True,96,76561199433997570,Simple Dimple skins.army
0,30,0,0,100.0,0.0,3.0,False,False,CT,True,96,76561199557907229,shawty#)$@
0,38,0,0,100.0,0.0,2.0,False,False,TERRORIST,True,96,76561198049602148,Moon
0,32,0,0,100.0,0.0,3.0,False,False,CT,True,96,76561199068251294,prosto bo$$
0,44,0,0,100.0,0.0,2.0,False,False,TERRORIST,True,96,76561198171814417,Faat
0,37,0,0,100.0,0.0,2.0,False,False,TERRORIST,True,96,76561199052717313,Worfy
0,22,0,0,100.0,0.0,3.0,False,False,CT,True,97,76561199256543526,Wybaczam.oficjalnie skins.army
0,28,0,0,100.0,0.0,3.0,False,False,CT,True,97,76561199826895670,RME | Пацан
0,42,0,0,100.0,0.0,2.0,False,False,TERRORIST,True,97,76561198002613044,frees.tyler
0,41,0,0,100.0,0.0,2.0,False,False,TERRORIST,True,97,76561198274174345,zig
0,24,0,0,100.0,0.0,3.0,False,False,CT,True,97,76561199433997570,Simple Dimple skins.army
0,30,0,0,100.0,0.0,3.0,False,False,CT,True,97,76561199557907229,shawty#)$@
0,38,0,0,100.0,0.0,2.0,False,False,TERRORIST,True,97,76561198049602148,Moon
0,32,0,0,100.0,0.0,3.0,False,False,CT,True,97,76561199068251294,prosto bo$$
0,44,0,0,100.0,0.0,2.0,False,False,TERRORIST,True,97,76561198171814417,Faat
0,37,0,0,100.0,0.0,2.0,False,False,TERRORIST,True,97,76561199052717313,Worfy
0,22,0,0,100.0,0.0,3.0,False,False,CT,True,98,76561199256543526,Wybaczam.oficjalnie skins.army
0,28,0,0,100.0,0.0,3.0,False,False,CT,True,98,76561199826895670,RME | Пацан
0,42,0,0,100.0,0.0,2.0,False,False,TERRORIST,True,98,76561198002613044,frees.tyler
0,41,0,0,100.0,0.0,2.0,False,False,TERRORIST,True,98,76561198274174345,zig
0,24,0,0,100.0,0.0,3.0,False,False,CT,True,98,76561199433997570,Simple Dimple skins.army
0,30,0,0,100.0,0.0,3.0,False,False,CT,True,98,76561199557907229,shawty#)$@
0,38,0,0,100.0,0.0,2.0,False,False,TERRORIST,True,98,76561198049602148,Moon
0,32,0,0,100.0,0.0,3.0,False,False,CT,True,98,76561199068251294,prosto bo$$
0,44,0,0,100.0,0.0,2.0,False,False,TERRORIST,True,98,76561198171814417,Faat
0,37,0,0,100.0,0.0,2.0,False,False,TERRORIST,True,98,76561199052717313,Worfy
0,22,0,0,100.0,0.0,3.0,False,False,CT,True,99,76561199256543526,Wybaczam.oficjalnie skins.army
0,28,0,0,100.0,0.0,3.0,False,False,CT,True,99,76561199826895670,RME | Пацан
0,42,0,0,100.0,0.0,2.0,False,False,TERRORIST,True,99,76561198002613044,frees.tyler
0,41,0,0,100.0,0.0,2.0,False,False,TERRORIST,True,99,76561198274174345,zig
0,24,0,0,100.0,0.0,3.0,False,False,CT,True,99,76561199433997570,Simple Dimple skins.army
0,30,0,0,100.0,0.0,3.0,False,False,CT,True,99,76561199557907229,shawty#)$@
0,38,0,0,100.0,0.0,2.0,False,False,TERRORIST,True,99,76561198049602148,Moon
0,32,0,0,100.0,0.0,3.0,False,False,CT,True,99,76561199068251294,prosto bo$$
0,44,0,0,100.0,0.0,2.0,False,False,TERRORIST,True,99,76561198171814417,Faat
0,37,0,0,100.0,0.0,2.0,False,False,TERRORIST,True,99,76561199052717313,Worfy
0,22,0,0,100.0,0.0,3.0,False,False,CT,True,100,76561199256543526,Wybaczam.oficjalnie skins.army
0,28,0,0,100.0,0.0,3.0,False,False,CT,True,100,76561199826895670,RME | Пацан
0,42,0,0,100.0,0.0,2.0,False,False,TERRORIST,True,100,76561198002613044,frees.tyler
0,41,0,0,100.0,0.0,2.0,False,False,TERRORIST,True,100,76561198274174345,zig
0,24,0,0,100.0,0.0,3.0,False,False,CT,True,100,76561199433997570,Simple Dimple skins.army
0,30,0,0,100.0,0.0,3.0,False,False,CT,True,100,76561199557907229,shawty#)$@
0,38,0,0,100.0,0.0,2.0,False,False,TERRORIST,True,100,76561198049602148,Moon
0,32,0,0,100.0,0.0,3.0,False,False,CT,True,100,76561199068251294,prosto bo$$
0,44,0,0,100.0,0.0,2.0,False,False,TERRORIST,True,100,76561198171814417,Faat
0,37,0,0,100.0,0.0,2.0,False,False,TERRORIST,True,100,76561199052717313,Worfy
0,22,0,0,100.0,0.0,3.0,False,False,CT,True,101,76561199256543526,Wybaczam.oficjalnie skins.army
0,28,0,0,100.0,0.0,3.0,False,False,CT,True,101,76561199826895670,RME | Пацан
0,42,0,0,100.0,0.0,2.0,False,False,TERRORIST,True,101,76561198002613044,frees.tyler
0,41,0,0,100.0,0.0,2.0,False,False,TERRORIST,True,101,76561198274174345,zig
0,24,0,0,100.0,0.0,3.0,False,False,CT,True,101,76561199433997570,Simple Dimple skins.army
0,30,0,0,100.0,0.0,3.0,False,False,CT,True,101,76561199557907229,shawty#)$@
0,38,0,0,100.0,0.0,2.0,False,False,TERRORIST,True,101,76561198049602148,Moon
0,32,0,0,100.0,0.0,3.0,False,False,CT,True,101,76561199068251294,prosto bo$$
0,44,0,0,100.0,0.0,2.0,False,False,TERRORIST,True,101,76561198171814417,Faat
0,37,0,0,100.0,0.0,2.0,False,False,TERRORIST,True,101,76561199052717313,Worfy
