inventory,weapon_name,active_weapon_original_owner,weapon_skin,tick,steamid,name
"['knife', 'USP-S']",USP-S,76561199256543526,Printstream,1,76561199256543526,Wybaczam.oficjalnie skins.army
"['Survival Knife', 'USP-S']",USP-S,76561199826895670,Printstream,1,76561199826895670,RME | Пацан
"['Shadow Daggers', 'Glock-18']",Glock-18,76561198002613044,Off World,1,76561198002613044,frees.tyler
"['knife_t', 'Glock-18', 'AK-47']",AK-47,76561198274174345,Ice Coaled,1,76561198274174345,zig
"['knife', 'USP-S']",USP-S,76561199433997570,Printstream,1,76561199433997570,Simple Dimple skins.army
[],,,,1,76561199557907229,shawty#)$@
"['knife_t', 'Glock-18', 'AWP', 'Smoke Grenade']",AWP,76561198049602148,Acheron,1,76561198049602148,Moon
"['knife', 'USP-S']",USP-S,76561199068251294,Alpine Camo,1,76561199068251294,prosto bo$$
"['knife_t', 'Glock-18', 'AWP']",knife_t,76561198171814417,Slaughter,1,76561198171814417,Faat
"['Shadow Daggers', 'Glock-18', 'AK-47']",AK-47,76561199052717313,Ice Coaled,1,76561199052717313,Worfy
"['knife', 'USP-S']",USP-S,76561199256543526,Printstream,2,76561199256543526,Wybaczam.oficjalnie skins.army
"['Survival Knife', 'USP-S']",USP-S,76561199826895670,Printstream,2,76561199826895670,RME | Пацан
"['Shadow Daggers', 'Glock-18']",Glock-18,76561198002613044,Off World,2,76561198002613044,frees.tyler
"['knife_t', 'Glock-18', 'AK-47']",AK-47,76561198274174345,Ice Coaled,2,76561198274174345,zig
"['knife', 'USP-S']",USP-S,76561199433997570,Printstream,2,76561199433997570,Simple Dimple skins.army
[],,,,2,76561199557907229,shawty#)$@
"['knife_t', 'Glock-18', 'AWP', 'Smoke Grenade']",AWP,76561198049602148,Acheron,2,76561198049602148,Moon
"['knife', 'USP-S']",USP-S,76561199068251294,Alpine Camo,2,76561199068251294,prosto bo$$
"['knife_t', 'Glock-18', 'AWP']",knife_t,76561198171814417,Slaughter,2,76561198171814417,Faat
"['Shadow Daggers', 'Glock-18', 'AK-47']",AK-47,76561199052717313,Ice Coaled,2,76561199052717313,Worfy
"['knife', 'USP-S']",USP-S,76561199256543526,Printstream,3,76561199256543526,Wybaczam.oficjalnie skins.army
"['Survival Knife', 'USP-S']",USP-S,76561199826895670,Printstream,3,76561199826895670,RME | Пацан
"['Shadow Daggers', 'Glock-18']",Glock-18,76561198002613044,Off World,3,76561198002613044,frees.tyler
"['knife_t', 'Glock-18', 'AK-47']",AK-47,76561198274174345,Ice Coaled,3,76561198274174345,zig
"['knife', 'USP-S']",USP-S,76561199433997570,Printstream,3,76561199433997570,Simple Dimple skins.army
[],,,,3,76561199557907229,shawty#)$@
"['knife_t', 'Glock-18', 'AWP', 'Smoke Grenade']",AWP,76561198049602148,Acheron,3,76561198049602148,Moon
"['knife', 'USP-S']",USP-S,76561199068251294,Alpine Camo,3,76561199068251294,prosto bo$$
"['knife_t', 'Glock-18', 'AWP']",knife_t,76561198171814417,Slaughter,3,76561198171814417,Faat
"['Shadow Daggers', 'Glock-18', 'AK-47']",AK-47,76561199052717313,Ice Coaled,3,76561199052717313,Worfy
"['knife', 'USP-S']",USP-S,76561199256543526,Printstream,4,76561199256543526,Wybaczam.oficjalnie skins.army
"['Survival Knife', 'USP-S']",USP-S,76561199826895670,Printstream,4,76561199826895670,RME | Пацан
"['Shadow Daggers', 'Glock-18']",Glock-18,76561198002613044,Off World,4,76561198002613044,frees.tyler
"['knife_t', 'Glock-18', 'AK-47']",AK-47,76561198274174345,Ice Coaled,4,76561198274174345,zig
"['knife', 'USP-S']",USP-S,76561199433997570,Printstream,4,76561199433997570,Simple Dimple skins.army
[],,,,4,76561199557907229,shawty#)$@
"['knife_t', 'Glock-18', 'AWP', 'Smoke Grenade']",AWP,76561198049602148,Acheron,4,76561198049602148,Moon
"['knife', 'USP-S']",USP-S,76561199068251294,Alpine Camo,4,76561199068251294,prosto bo$$
"['knife_t', 'Glock-18', 'AWP']",knife_t,76561198171814417,Slaughter,4,76561198171814417,Faat
"['Shadow Daggers', 'Glock-18', 'AK-47']",AK-47,76561199052717313,Ice Coaled,4,76561199052717313,Worfy
"['knife', 'USP-S']",USP-S,76561199256543526,Printstream,5,76561199256543526,Wybaczam.oficjalnie skins.army
"['Survival Knife', 'USP-S']",USP-S,76561199826895670,Printstream,5,76561199826895670,RME | Пацан
"['Shadow Daggers', 'Glock-18']",Glock-18,76561198002613044,Off World,5,76561198002613044,frees.tyler
"['knife_t', 'Glock-18', 'AK-47']",AK-47,76561198274174345,Ice Coaled,5,76561198274174345,zig
"['knife', 'USP-S']",USP-S,76561199433997570,Printstream,5,76561199433997570,Simple Dimple skins.army
[],,,,5,76561199557907229,shawty#)$@
"['knife_t', 'Glock-18', 'AWP', 'Smoke Grenade']",AWP,76561198049602148,Acheron,5,76561198049602148,Moon
"['knife', 'USP-S']",USP-S,76561199068251294,Alpine Camo,5,76561199068251294,prosto bo$$
"['knife_t', 'Glock-18', 'AWP']",knife_t,76561198171814417,Slaughter,5,76561198171814417,Faat
"['Shadow Daggers', 'Glock-18', 'AK-47']",AK-47,76561199052717313,Ice Coaled,5,76561199052717313,Worfy
"['knife', 'USP-S']",USP-S,76561199256543526,Printstream,6,76561199256543526,Wybaczam.oficjalnie skins.army
"['Survival Knife', 'USP-S']",USP-S,76561199826895670,Printstream,6,76561199826895670,RME | Пацан
"['Shadow Daggers', 'Glock-18']",Glock-18,76561198002613044,Off World,6,76561198002613044,frees.tyler
"['knife_t', 'Glock-18', 'AK-47']",AK-47,76561198274174345,Ice Coaled,6,76561198274174345,zig
"['knife', 'USP-S']",USP-S,76561199433997570,Printstream,6,76561199433997570,Simple Dimple skins.army
[],,,,6,76561199557907229,shawty#)$@
"['knife_t', 'Glock-18', 'AWP', 'Smoke Grenade']",AWP,76561198049602148,Acheron,6,76561198049602148,Moon
"['knife', 'USP-S']",USP-S,76561199068251294,Alpine Camo,6,76561199068251294,prosto bo$$
"['knife_t', 'Glock-18', 'AWP']",knife_t,76561198171814417,Slaughter,6,76561198171814417,Faat
"['Shadow Daggers', 'Glock-18', 'AK-47']",AK-47,76561199052717313,Ice Coaled,6,76561199052717313,Worfy
"['knife', 'USP-S']",USP-S,76561199256543526,Printstream,7,76561199256543526,Wybaczam.oficjalnie skins.army
"['Survival Knife', 'USP-S']",USP-S,76561199826895670,Printstream,7,76561199826895670,RME | Пацан
"['Shadow Daggers', 'Glock-18']",Glock-18,76561198002613044,Off World,7,76561198002613044,frees.tyler
"['knife_t', 'Glock-18', 'AK-47']",AK-47,76561198274174345,Ice Coaled,7,76561198274174345,zig
"['knife', 'USP-S']",USP-S,76561199433997570,Printstream,7,76561199433997570,Simple Dimple skins.army
[],,,,7,76561199557907229,shawty#)$@
"['knife_t', 'Glock-18', 'AWP', 'Smoke Grenade']",AWP,76561198049602148,Acheron,7,76561198049602148,Moon
"['knife', 'USP-S']",USP-S,76561199068251294,Alpine Camo,7,76561199068251294,prosto bo$$
"['knife_t', 'Glock-18', 'AWP']",knife_t,76561198171814417,Slaughter,7,76561198171814417,Faat
"['Shadow Daggers', 'Glock-18', 'AK-47']",AK-47,76561199052717313,Ice Coaled,7,76561199052717313,Worfy
"['knife', 'USP-S']",USP-S,76561199256543526,Printstream,8,76561199256543526,Wybaczam.oficjalnie skins.army
"['Survival Knife', 'USP-S']",USP-S,76561199826895670,Printstream,8,76561199826895670,RME | Пацан
"['Shadow Daggers', 'Glock-18']",Glock-18,76561198002613044,Off World,8,76561198002613044,frees.tyler
"['knife_t', 'Glock-18', 'AK-47']",AK-47,76561198274174345,Ice Coaled,8,76561198274174345,zig
"['knife', 'USP-S']",USP-S,76561199433997570,Printstream,8,76561199433997570,Simple Dimple skins.army
[],,,,8,76561199557907229,shawty#)$@
"['knife_t', 'Glock-18', 'AWP', 'Smoke Grenade']",AWP,76561198049602148,Acheron,8,76561198049602148,Moon
"['knife', 'USP-S']",USP-S,76561199068251294,Alpine Camo,8,76561199068251294,prosto bo$$
"['knife_t', 'Glock-18', 'AWP']",knife_t,76561198171814417,Slaughter,8,76561198171814417,Faat
"['Shadow Daggers', 'Glock-18', 'AK-47']",AK-47,76561199052717313,Ice Coaled,8,76561199052717313,Worfy
"['knife', 'USP-S']",USP-S,76561199256543526,Printstream,9,76561199256543526,Wybaczam.oficjalnie skins.army
"['Survival Knife', 'USP-S']",USP-S,76561199826895670,Printstream,9,76561199826895670,RME | Пацан
"['Shadow Daggers', 'Glock-18']",Glock-18,76561198002613044,Off World,9,76561198002613044,frees.tyler
"['knife_t', 'Glock-18', 'AK-47']",AK-47,76561198274174345,Ice Coaled,9,76561198274174345,zig
"['knife', 'USP-S']",USP-S,76561199433997570,Printstream,9,76561199433997570,Simple Dimple skins.army
[],,,,9,76561199557907229,shawty#)$@
"['knife_t', 'Glock-18', 'AWP', 'Smoke Grenade']",AWP,76561198049602148,Acheron,9,76561198049602148,Moon
"['knife', 'USP-S']",USP-S,76561199068251294,Alpine Camo,9,76561199068251294,prosto bo$$
"['knife_t', 'Glock-18', 'AWP']",knife_t,76561198171814417,Slaughter,9,76561198171814417,Faat
"['Shadow Daggers', 'Glock-18', 'AK-47']",AK-47,76561199052717313,Ice Coaled,9,76561199052717313,Worfy
"['knife', 'USP-S']",USP-S,76561199256543526,Printstream,10,76561199256543526,Wybaczam.oficjalnie skins.army
"['Survival Knife', 'USP-S']",USP-S,76561199826895670,Printstream,10,76561199826895670,RME | Пацан
"['Shadow Daggers', 'Glock-18']",Glock-18,76561198002613044,Off World,10,76561198002613044,frees.tyler
"['knife_t', 'Glock-18', 'AK-47']",AK-47,76561198274174345,Ice Coaled,10,76561198274174345,zig
"['knife', 'USP-S']",USP-S,76561199433997570,Printstream,10,76561199433997570,Simple Dimple skins.army
[],,,,10,76561199557907229,shawty#)$@
"['knife_t', 'Glock-18', 'AWP', 'Smoke Grenade']",AWP,76561198049602148,Acheron,10,76561198049602148,Moon
"['knife', 'USP-S']",USP-S,76561199068251294,Alpine Camo,10,76561199068251294,prosto bo$$
"['knife_t', 'Glock-18', 'AWP']",knife_t,76561198171814417,Slaughter,10,76561198171814417,Faat
"['Shadow Daggers', 'Glock-18', 'AK-47']",AK-47,76561199052717313,Ice Coaled,10,76561199052717313,Worfy
"['knife', 'USP-S']",USP-S,76561199256543526,Printstream,11,76561199256543526,Wybaczam.oficjalnie skins.army
"['Survival Knife', 'USP-S']",USP-S,76561199826895670,Printstream,11,76561199826895670,RME | Пацан
"['Shadow Daggers', 'Glock-18']",Glock-18,76561198002613044,Off World,11,76561198002613044,frees.tyler
"['knife_t', 'Glock-18', 'AK-47']",AK-47,76561198274174345,Ice Coaled,11,76561198274174345,zig
"['knife', 'USP-S']",USP-S,76561199433997570,Printstream,11,76561199433997570,Simple Dimple skins.army
[],,,,11,76561199557907229,shawty#)$@
"['knife_t', 'Glock-18', 'AWP', 'Smoke Grenade']",AWP,76561198049602148,Acheron,11,76561198049602148,Moon
"['knife', 'USP-S']",USP-S,76561199068251294,Alpine Camo,11,76561199068251294,prosto bo$$
"['knife_t', 'Glock-18', 'AWP']",knife_t,76561198171814417,Slaughter,11,76561198171814417,Faat
"['Shadow Daggers', 'Glock-18', 'AK-47']",AK-47,76561199052717313,Ice Coaled,11,76561199052717313,Worfy
"['knife', 'USP-S']",USP-S,76561199256543526,Printstream,12,76561199256543526,Wybaczam.oficjalnie skins.army
"['Survival Knife', 'USP-S']",USP-S,76561199826895670,Printstream,12,76561199826895670,RME | Пацан
"['Shadow Daggers', 'Glock-18']",Glock-18,76561198002613044,Off World,12,76561198002613044,frees.tyler
"['knife_t', 'Glock-18', 'AK-47']",AK-47,76561198274174345,Ice Coaled,12,76561198274174345,zig
"['knife', 'USP-S']",USP-S,76561199433997570,Printstream,12,76561199433997570,Simple Dimple skins.army
[],,,,12,76561199557907229,shawty#)$@
"['knife_t', 'Glock-18', 'AWP', 'Smoke Grenade']",AWP,76561198049602148,Acheron,12,76561198049602148,Moon
"['knife', 'USP-S']",USP-S,76561199068251294,Alpine Camo,12,76561199068251294,prosto bo$$
"['knife_t', 'Glock-18', 'AWP']",knife_t,76561198171814417,Slaughter,12,76561198171814417,Faat
"['Shadow Daggers', 'Glock-18', 'AK-47']",AK-47,76561199052717313,Ice Coaled,12,76561199052717313,Worfy
"['knife', 'USP-S']",USP-S,76561199256543526,Printstream,13,76561199256543526,Wybaczam.oficjalnie skins.army
"['Survival Knife', 'USP-S']",USP-S,76561199826895670,Printstream,13,76561199826895670,RME | Пацан
"['Shadow Daggers', 'Glock-18']",Glock-18,76561198002613044,Off World,13,76561198002613044,frees.tyler
"['knife_t', 'Glock-18', 'AK-47']",AK-47,76561198274174345,Ice Coaled,13,76561198274174345,zig
"['knife', 'USP-S']",USP-S,76561199433997570,Printstream,13,76561199433997570,Simple Dimple skins.army
[],,,,13,76561199557907229,shawty#)$@
"['knife_t', 'Glock-18', 'AWP', 'Smoke Grenade']",AWP,76561198049602148,Acheron,13,76561198049602148,Moon
"['knife', 'USP-S']",USP-S,76561199068251294,Alpine Camo,13,76561199068251294,prosto bo$$
"['knife_t', 'Glock-18', 'AWP']",knife_t,76561198171814417,Slaughter,13,76561198171814417,Faat
"['Shadow Daggers', 'Glock-18', 'AK-47']",AK-47,76561199052717313,Ice Coaled,13,76561199052717313,Worfy
"['knife', 'USP-S']",USP-S,76561199256543526,Printstream,14,76561199256543526,Wybaczam.oficjalnie skins.army
"['Survival Knife', 'USP-S']",USP-S,76561199826895670,Printstream,14,76561199826895670,RME | Пацан
"['Shadow Daggers', 'Glock-18']",Glock-18,76561198002613044,Off World,14,76561198002613044,frees.tyler
"['knife_t', 'Glock-18', 'AK-47']",AK-47,76561198274174345,Ice Coaled,14,76561198274174345,zig
"['knife', 'USP-S']",USP-S,76561199433997570,Printstream,14,76561199433997570,Simple Dimple skins.army
[],,,,14,76561199557907229,shawty#)$@
"['knife_t', 'Glock-18', 'AWP', 'Smoke Grenade']",AWP,76561198049602148,Acheron,14,76561198049602148,Moon
"['knife', 'USP-S']",USP-S,76561199068251294,Alpine Camo,14,76561199068251294,prosto bo$$
"['knife_t', 'Glock-18', 'AWP']",knife_t,76561198171814417,Slaughter,14,76561198171814417,Faat
"['Shadow Daggers', 'Glock-18', 'AK-47']",AK-47,76561199052717313,Ice Coaled,14,76561199052717313,Worfy
"['knife', 'USP-S']",USP-S,76561199256543526,Printstream,15,76561199256543526,Wybaczam.oficjalnie skins.army
"['Survival Knife', 'USP-S']",USP-S,76561199826895670,Printstream,15,76561199826895670,RME | Пацан
"['Shadow Daggers', 'Glock-18']",Glock-18,76561198002613044,Off World,15,76561198002613044,frees.tyler
"['knife_t', 'Glock-18', 'AK-47']",AK-47,76561198274174345,Ice Coaled,15,76561198274174345,zig
"['knife', 'USP-S']",USP-S,76561199433997570,Printstream,15,76561199433997570,Simple Dimple skins.army
[],,,,15,76561199557907229,shawty#)$@
"['knife_t', 'Glock-18', 'AWP', 'Smoke Grenade']",AWP,76561198049602148,Acheron,15,76561198049602148,Moon
"['knife', 'USP-S']",USP-S,76561199068251294,Alpine Camo,15,76561199068251294,prosto bo$$
"['knife_t', 'Glock-18', 'AWP']",knife_t,76561198171814417,Slaughter,15,76561198171814417,Faat
"['Shadow Daggers', 'Glock-18', 'AK-47']",AK-47,76561199052717313,Ice Coaled,15,76561199052717313,Worfy
"['knife', 'USP-S']",USP-S,76561199256543526,Printstream,16,76561199256543526,Wybaczam.oficjalnie skins.army
"['Survival Knife', 'USP-S']",USP-S,76561199826895670,Printstream,16,76561199826895670,RME | Пацан
"['Shadow Daggers', 'Glock-18']",Glock-18,76561198002613044,Off World,16,76561198002613044,frees.tyler
"['knife_t', 'Glock-18', 'AK-47']",AK-47,76561198274174345,Ice Coaled,16,76561198274174345,zig
"['knife', 'USP-S']",USP-S,76561199433997570,Printstream,16,76561199433997570,Simple Dimple skins.army
[],,,,16,76561199557907229,shawty#)$@
"['knife_t', 'Glock-18', 'AWP', 'Smoke Grenade']",AWP,76561198049602148,Acheron,16,76561198049602148,Moon
"['knife', 'USP-S']",USP-S,76561199068251294,Alpine Camo,16,76561199068251294,prosto bo$$
"['knife_t', 'Glock-18', 'AWP']",knife_t,76561198171814417,Slaughter,16,76561198171814417,Faat
"['Shadow Daggers', 'Glock-18', 'AK-47']",AK-47,76561199052717313,Ice Coaled,16,76561199052717313,Worfy
"['knife', 'USP-S']",USP-S,76561199256543526,Printstream,17,76561199256543526,Wybaczam.oficjalnie skins.army
"['Survival Knife', 'USP-S']",USP-S,76561199826895670,Printstream,17,76561199826895670,RME | Пацан
"['Shadow Daggers', 'Glock-18']",Glock-18,76561198002613044,Off World,17,76561198002613044,frees.tyler
"['knife_t', 'Glock-18', 'AK-47']",AK-47,76561198274174345,Ice Coaled,17,76561198274174345,zig
"['knife', 'USP-S']",USP-S,76561199433997570,Printstream,17,76561199433997570,Simple Dimple skins.army
[],,,,17,76561199557907229,shawty#)$@
"['knife_t', 'Glock-18', 'AWP', 'Smoke Grenade']",AWP,76561198049602148,Acheron,17,76561198049602148,Moon
"['knife', 'USP-S']",USP-S,76561199068251294,Alpine Camo,17,76561199068251294,prosto bo$$
"['knife_t', 'Glock-18', 'AWP']",knife_t,76561198171814417,Slaughter,17,76561198171814417,Faat
"['Shadow Daggers', 'Glock-18', 'AK-47']",AK-47,76561199052717313,Ice Coaled,17,76561199052717313,Worfy
"['knife', 'USP-S']",USP-S,76561199256543526,Printstream,18,76561199256543526,Wybaczam.oficjalnie skins.army
"['Survival Knife', 'USP-S']",USP-S,76561199826895670,Printstream,18,76561199826895670,RME | Пацан
"['Shadow Daggers', 'Glock-18']",Glock-18,76561198002613044,Off World,18,76561198002613044,frees.tyler
"['knife_t', 'Glock-18', 'AK-47']",AK-47,76561198274174345,Ice Coaled,18,76561198274174345,zig
"['knife', 'USP-S']",USP-S,76561199433997570,Printstream,18,76561199433997570,Simple Dimple skins.army
[],,,,18,76561199557907229,shawty#)$@
"['knife_t', 'Glock-18', 'AWP', 'Smoke Grenade']",AWP,76561198049602148,Acheron,18,76561198049602148,Moon
"['knife', 'USP-S']",USP-S,76561199068251294,Alpine Camo,18,76561199068251294,prosto bo$$
"['knife_t', 'Glock-18', 'AWP']",knife_t,76561198171814417,Slaughter,18,76561198171814417,Faat
"['Shadow Daggers', 'Glock-18', 'AK-47']",AK-47,76561199052717313,Ice Coaled,18,76561199052717313,Worfy
"['knife', 'USP-S']",USP-S,76561199256543526,Printstream,19,76561199256543526,Wybaczam.oficjalnie skins.army
"['Survival Knife', 'USP-S']",USP-S,76561199826895670,Printstream,19,76561199826895670,RME | Пацан
"['Shadow Daggers', 'Glock-18']",Glock-18,76561198002613044,Off World,19,76561198002613044,frees.tyler
"['knife_t', 'Glock-18', 'AK-47']",AK-47,76561198274174345,Ice Coaled,19,76561198274174345,zig
"['knife', 'USP-S']",USP-S,76561199433997570,Printstream,19,76561199433997570,Simple Dimple skins.army
[],,,,19,76561199557907229,shawty#)$@
"['knife_t', 'Glock-18', 'AWP', 'Smoke Grenade']",AWP,76561198049602148,Acheron,19,76561198049602148,Moon
"['knife', 'USP-S']",USP-S,76561199068251294,Alpine Camo,19,76561199068251294,prosto bo$$
"['knife_t', 'Glock-18', 'AWP']",knife_t,76561198171814417,Slaughter,19,76561198171814417,Faat
"['Shadow Daggers', 'Glock-18', 'AK-47']",AK-47,76561199052717313,Ice Coaled,19,76561199052717313,Worfy
"['knife', 'USP-S']",USP-S,76561199256543526,Printstream,20,76561199256543526,Wybaczam.oficjalnie skins.army
"['Survival Knife', 'USP-S']",USP-S,76561199826895670,Printstream,20,76561199826895670,RME | Пацан
"['Shadow Daggers', 'Glock-18']",Glock-18,76561198002613044,Off World,20,76561198002613044,frees.tyler
"['knife_t', 'Glock-18', 'AK-47']",AK-47,76561198274174345,Ice Coaled,20,76561198274174345,zig
"['knife', 'USP-S']",USP-S,76561199433997570,Printstream,20,76561199433997570,Simple Dimple skins.army
[],,,,20,76561199557907229,shawty#)$@
"['knife_t', 'Glock-18', 'AWP', 'Smoke Grenade']",AWP,76561198049602148,Acheron,20,76561198049602148,Moon
"['knife', 'USP-S']",USP-S,76561199068251294,Alpine Camo,20,76561199068251294,prosto bo$$
"['knife_t', 'Glock-18', 'AWP']",knife_t,76561198171814417,Slaughter,20,76561198171814417,Faat
"['Shadow Daggers', 'Glock-18', 'AK-47']",AK-47,76561199052717313,Ice Coaled,20,76561199052717313,Worfy
"['knife', 'USP-S']",USP-S,76561199256543526,Printstream,21,76561199256543526,Wybaczam.oficjalnie skins.army
"['Survival Knife', 'USP-S']",USP-S,76561199826895670,Printstream,21,76561199826895670,RME | Пацан
"['Shadow Daggers', 'Glock-18']",Glock-18,76561198002613044,Off World,21,76561198002613044,frees.tyler
"['knife_t', 'Glock-18', 'AK-47']",AK-47,76561198274174345,Ice Coaled,21,76561198274174345,zig
"['knife', 'USP-S']",USP-S,76561199433997570,Printstream,21,76561199433997570,Simple Dimple skins.army
[],,,,21,76561199557907229,shawty#)$@
"['knife_t', 'Glock-18', 'AWP', 'Smoke Grenade']",AWP,76561198049602148,Acheron,21,76561198049602148,Moon
"['knife', 'USP-S']",USP-S,76561199068251294,Alpine Camo,21,76561199068251294,prosto bo$$
"['knife_t', 'Glock-18', 'AWP']",knife_t,76561198171814417,Slaughter,21,76561198171814417,Faat
"['Shadow Daggers', 'Glock-18', 'AK-47']",AK-47,76561199052717313,Ice Coaled,21,76561199052717313,Worfy
"['knife', 'USP-S']",USP-S,76561199256543526,Printstream,22,76561199256543526,Wybaczam.oficjalnie skins.army
"['Survival Knife', 'USP-S']",USP-S,76561199826895670,Printstream,22,76561199826895670,RME | Пацан
"['Shadow Daggers', 'Glock-18']",Glock-18,76561198002613044,Off World,22,76561198002613044,frees.tyler
"['knife_t', 'Glock-18', 'AK-47']",AK-47,76561198274174345,Ice Coaled,22,76561198274174345,zig
"['knife', 'USP-S']",USP-S,76561199433997570,Printstream,22,76561199433997570,Simple Dimple skins.army
[],,,,22,76561199557907229,shawty#)$@
"['knife_t', 'Glock-18', 'AWP', 'Smoke Grenade']",AWP,76561198049602148,Acheron,22,76561198049602148,Moon
"['knife', 'USP-S']",USP-S,76561199068251294,Alpine Camo,22,76561199068251294,prosto bo$$
"['knife_t', 'Glock-18', 'AWP']",knife_t,76561198171814417,Slaughter,22,76561198171814417,Faat
"['Shadow Daggers', 'Glock-18', 'AK-47']",AK-47,76561199052717313,Ice Coaled,22,76561199052717313,Worfy
"['knife', 'USP-S']",USP-S,76561199256543526,Printstream,23,76561199256543526,Wybaczam.oficjalnie skins.army
"['Survival Knife', 'USP-S']",USP-S,76561199826895670,Printstream,23,76561199826895670,RME | Пацан
"['Shadow Daggers', 'Glock-18']",Glock-18,76561198002613044,Off World,23,76561198002613044,frees.tyler
"['knife_t', 'Glock-18', 'AK-47']",AK-47,76561198274174345,Ice Coaled,23,76561198274174345,zig
"['knife', 'USP-S']",USP-S,76561199433997570,Printstream,23,76561199433997570,Simple Dimple skins.army
[],,,,23,76561199557907229,shawty#)$@
"['knife_t', 'Glock-18', 'AWP', 'Smoke Grenade']",AWP,76561198049602148,Acheron,23,76561198049602148,Moon
"['knife', 'USP-S']",USP-S,76561199068251294,Alpine Camo,23,76561199068251294,prosto bo$$
"['knife_t', 'Glock-18', 'AWP']",knife_t,76561198171814417,Slaughter,23,76561198171814417,Faat
"['Shadow Daggers', 'Glock-18', 'AK-47']",AK-47,76561199052717313,Ice Coaled,23,76561199052717313,Worfy
"['knife', 'USP-S']",USP-S,76561199256543526,Printstream,24,76561199256543526,Wybaczam.oficjalnie skins.army
"['Survival Knife', 'USP-S']",USP-S,76561199826895670,Printstream,24,76561199826895670,RME | Пацан
"['Shadow Daggers', 'Glock-18']",Glock-18,76561198002613044,Off World,24,76561198002613044,frees.tyler
"['knife_t', 'Glock-18', 'AK-47']",AK-47,76561198274174345,Ice Coaled,24,76561198274174345,zig
"['knife', 'USP-S']",USP-S,76561199433997570,Printstream,24,76561199433997570,Simple Dimple skins.army
[],,,,24,76561199557907229,shawty#)$@
"['knife_t', 'Glock-18', 'AWP', 'Smoke Grenade']",AWP,76561198049602148,Acheron,24,76561198049602148,Moon
"['knife', 'USP-S']",USP-S,76561199068251294,Alpine Camo,24,76561199068251294,prosto bo$$
"['knife_t', 'Glock-18', 'AWP']",knife_t,76561198171814417,Slaughter,24,76561198171814417,Faat
"['Shadow Daggers', 'Glock-18', 'AK-47']",AK-47,76561199052717313,Ice Coaled,24,76561199052717313,Worfy
"['knife', 'USP-S']",USP-S,76561199256543526,Printstream,25,76561199256543526,Wybaczam.oficjalnie skins.army
"['Survival Knife', 'USP-S']",USP-S,76561199826895670,Printstream,25,76561199826895670,RME | Пацан
"['Shadow Daggers', 'Glock-18']",Glock-18,76561198002613044,Off World,25,76561198002613044,frees.tyler
"['knife_t', 'Glock-18', 'AK-47']",AK-47,76561198274174345,Ice Coaled,25,76561198274174345,zig
"['knife', 'USP-S']",USP-S,76561199433997570,Printstream,25,76561199433997570,Simple Dimple skins.army
[],,,,25,76561199557907229,shawty#)$@
"['knife_t', 'Glock-18', 'AWP', 'Smoke Grenade']",AWP,76561198049602148,Acheron,25,76561198049602148,Moon
"['knife', 'USP-S']",USP-S,76561199068251294,Alpine Camo,25,76561199068251294,prosto bo$$
"['knife_t', 'Glock-18', 'AWP']",knife_t,76561198171814417,Slaughter,25,76561198171814417,Faat
"['Shadow Daggers', 'Glock-18', 'AK-47']",AK-47,76561199052717313,Ice Coaled,25,76561199052717313,Worfy
"['knife', 'USP-S']",USP-S,76561199256543526,Printstream,26,76561199256543526,Wybaczam.oficjalnie skins.army
"['Survival Knife', 'USP-S']",USP-S,76561199826895670,Printstream,26,76561199826895670,RME | Пацан
"['Shadow Daggers', 'Glock-18']",Glock-18,76561198002613044,Off World,26,76561198002613044,frees.tyler
"['knife_t', 'Glock-18']",Glock-18,76561198274174345,Umbral Rabbit,26,76561198274174345,zig
"['knife', 'USP-S']",USP-S,76561199433997570,Printstream,26,76561199433997570,Simple Dimple skins.army
[],,,,26,76561199557907229,shawty#)$@
"['knife_t', 'Glock-18', 'AWP', 'Smoke Grenade']",AWP,76561198049602148,Acheron,26,76561198049602148,Moon
"['knife', 'USP-S']",USP-S,76561199068251294,Alpine Camo,26,76561199068251294,prosto bo$$
"['knife_t', 'Glock-18', 'AWP']",knife_t,76561198171814417,Slaughter,26,76561198171814417,Faat
"['Shadow Daggers', 'Glock-18', 'AK-47']",AK-47,76561199052717313,Ice Coaled,26,76561199052717313,Worfy
"['knife', 'USP-S']",USP-S,76561199256543526,Printstream,27,76561199256543526,Wybaczam.oficjalnie skins.army
"['Survival Knife', 'USP-S']",USP-S,76561199826895670,Printstream,27,76561199826895670,RME | Пацан
"['Shadow Daggers', 'Glock-18']",Glock-18,76561198002613044,Off World,27,76561198002613044,frees.tyler
"['knife_t', 'Glock-18']",Glock-18,76561198274174345,Umbral Rabbit,27,76561198274174345,zig
"['knife', 'USP-S']",USP-S,76561199433997570,Printstream,27,76561199433997570,Simple Dimple skins.army
[],,,,27,76561199557907229,shawty#)$@
"['knife_t', 'Glock-18', 'AWP', 'Smoke Grenade']",AWP,76561198049602148,Acheron,27,76561198049602148,Moon
"['knife', 'USP-S']",USP-S,76561199068251294,Alpine Camo,27,76561199068251294,prosto bo$$
"['knife_t', 'Glock-18', 'AWP']",knife_t,76561198171814417,Slaughter,27,76561198171814417,Faat
"['Shadow Daggers', 'Glock-18', 'AK-47']",AK-47,76561199052717313,Ice Coaled,27,76561199052717313,Worfy
"['knife', 'USP-S']",USP-S,76561199256543526,Printstream,28,76561199256543526,Wybaczam.oficjalnie skins.army
"['Survival Knife', 'USP-S']",USP-S,76561199826895670,Printstream,28,76561199826895670,RME | Пацан
"['Shadow Daggers', 'Glock-18']",Glock-18,76561198002613044,Off World,28,76561198002613044,frees.tyler
"['knife_t', 'Glock-18']",Glock-18,76561198274174345,Umbral Rabbit,28,76561198274174345,zig
"['knife', 'USP-S']",USP-S,76561199433997570,Printstream,28,76561199433997570,Simple Dimple skins.army
[],,,,28,76561199557907229,shawty#)$@
"['knife_t', 'Glock-18', 'AWP', 'Smoke Grenade']",AWP,76561198049602148,Acheron,28,76561198049602148,Moon
"['knife', 'USP-S']",USP-S,76561199068251294,Alpine Camo,28,76561199068251294,prosto bo$$
"['knife_t', 'Glock-18', 'AWP']",knife_t,76561198171814417,Slaughter,28,76561198171814417,Faat
"['Shadow Daggers', 'Glock-18', 'AK-47']",AK-47,76561199052717313,Ice Coaled,28,76561199052717313,Worfy
"['knife', 'USP-S']",USP-S,76561199256543526,Printstream,29,76561199256543526,Wybaczam.oficjalnie skins.army
"['Survival Knife', 'USP-S']",USP-S,76561199826895670,Printstream,29,76561199826895670,RME | Пацан
"['Shadow Daggers', 'Glock-18']",Glock-18,76561198002613044,Off World,29,76561198002613044,frees.tyler
"['knife_t', 'Glock-18']",Glock-18,76561198274174345,Umbral Rabbit,29,76561198274174345,zig
"['knife', 'USP-S']",USP-S,76561199433997570,Printstream,29,76561199433997570,Simple Dimple skins.army
[],,,,29,76561199557907229,shawty#)$@
"['knife_t', 'Glock-18', 'AWP', 'Smoke Grenade']",AWP,76561198049602148,Acheron,29,76561198049602148,Moon
"['knife', 'USP-S']",USP-S,76561199068251294,Alpine Camo,29,76561199068251294,prosto bo$$
"['knife_t', 'Glock-18', 'AWP']",knife_t,76561198171814417,Slaughter,29,76561198171814417,Faat
"['Shadow Daggers', 'Glock-18', 'AK-47']",AK-47,76561199052717313,Ice Coaled,29,76561199052717313,Worfy
"['knife', 'USP-S']",USP-S,76561199256543526,Printstream,30,76561199256543526,Wybaczam.oficjalnie skins.army
"['Survival Knife', 'USP-S']",USP-S,76561199826895670,Printstream,30,76561199826895670,RME | Пацан
"['Shadow Daggers', 'Glock-18']",Glock-18,76561198002613044,Off World,30,76561198002613044,frees.tyler
"['knife_t', 'Glock-18']",Glock-18,76561198274174345,Umbral Rabbit,30,76561198274174345,zig
"['knife', 'USP-S']",USP-S,76561199433997570,Printstream,30,76561199433997570,Simple Dimple skins.army
[],,,,30,76561199557907229,shawty#)$@
"['knife_t', 'Glock-18', 'AWP', 'Smoke Grenade']",AWP,76561198049602148,Acheron,30,76561198049602148,Moon
"['knife', 'USP-S']",USP-S,76561199068251294,Alpine Camo,30,76561199068251294,prosto bo$$
"['knife_t', 'Glock-18', 'AWP']",knife_t,76561198171814417,Slaughter,30,76561198171814417,Faat
"['Shadow Daggers', 'Glock-18', 'AK-47']",AK-47,76561199052717313,Ice Coaled,30,76561199052717313,Worfy
"['knife', 'USP-S']",USP-S,76561199256543526,Printstream,31,76561199256543526,Wybaczam.oficjalnie skins.army
"['Survival Knife', 'USP-S']",USP-S,76561199826895670,Printstream,31,76561199826895670,RME | Пацан
"['Shadow Daggers', 'Glock-18']",Glock-18,76561198002613044,Off World,31,76561198002613044,frees.tyler
"['knife_t', 'Glock-18']",Glock-18,76561198274174345,Umbral Rabbit,31,76561198274174345,zig
"['knife', 'USP-S']",USP-S,76561199433997570,Printstream,31,76561199433997570,Simple Dimple skins.army
[],,,,31,76561199557907229,shawty#)$@
"['knife_t', 'Glock-18', 'AWP', 'Smoke Grenade']",AWP,76561198049602148,Acheron,31,76561198049602148,Moon
"['knife', 'USP-S']",USP-S,76561199068251294,Alpine Camo,31,76561199068251294,prosto bo$$
"['knife_t', 'Glock-18', 'AWP']",knife_t,76561198171814417,Slaughter,31,76561198171814417,Faat
"['Shadow Daggers', 'Glock-18', 'AK-47']",AK-47,76561199052717313,Ice Coaled,31,76561199052717313,Worfy
"['knife', 'USP-S']",USP-S,76561199256543526,Printstream,32,76561199256543526,Wybaczam.oficjalnie skins.army
"['Survival Knife', 'USP-S']",USP-S,76561199826895670,Printstream,32,76561199826895670,RME | Пацан
"['Shadow Daggers', 'Glock-18']",Glock-18,76561198002613044,Off World,32,76561198002613044,frees.tyler
"['knife_t', 'Glock-18']",Glock-18,76561198274174345,Umbral Rabbit,32,76561198274174345,zig
"['knife', 'USP-S']",USP-S,76561199433997570,Printstream,32,76561199433997570,Simple Dimple skins.army
[],,,,32,76561199557907229,shawty#)$@
"['knife_t', 'Glock-18', 'AWP', 'Smoke Grenade']",AWP,76561198049602148,Acheron,32,76561198049602148,Moon
"['knife', 'USP-S']",USP-S,76561199068251294,Alpine Camo,32,76561199068251294,prosto bo$$
"['knife_t', 'Glock-18', 'AWP']",knife_t,76561198171814417,Slaughter,32,76561198171814417,Faat
"['Shadow Daggers', 'Glock-18', 'AK-47']",AK-47,76561199052717313,Ice Coaled,32,76561199052717313,Worfy
"['knife', 'USP-S']",USP-S,76561199256543526,Printstream,33,76561199256543526,Wybaczam.oficjalnie skins.army
"['Survival Knife', 'USP-S']",USP-S,76561199826895670,Printstream,33,76561199826895670,RME | Пацан
"['Shadow Daggers', 'Glock-18']",Glock-18,76561198002613044,Off World,33,76561198002613044,frees.tyler
"['knife_t', 'Glock-18']",Glock-18,76561198274174345,Umbral Rabbit,33,76561198274174345,zig
"['knife', 'USP-S']",USP-S,76561199433997570,Printstream,33,76561199433997570,Simple Dimple skins.army
[],,,,33,76561199557907229,shawty#)$@
"['knife_t', 'Glock-18', 'AWP', 'Smoke Grenade']",AWP,76561198049602148,Acheron,33,76561198049602148,Moon
"['knife', 'USP-S']",USP-S,76561199068251294,Alpine Camo,33,76561199068251294,prosto bo$$
"['knife_t', 'Glock-18', 'AWP']",knife_t,76561198171814417,Slaughter,33,76561198171814417,Faat
"['Shadow Daggers', 'Glock-18', 'AK-47']",AK-47,76561199052717313,Ice Coaled,33,76561199052717313,Worfy
"['knife', 'USP-S']",USP-S,76561199256543526,Printstream,34,76561199256543526,Wybaczam.oficjalnie skins.army
"['Survival Knife', 'USP-S']",USP-S,76561199826895670,Printstream,34,76561199826895670,RME | Пацан
"['Shadow Daggers', 'Glock-18']",Glock-18,76561198002613044,Off World,34,76561198002613044,frees.tyler
"['knife_t', 'Glock-18']",Glock-18,76561198274174345,Umbral Rabbit,34,76561198274174345,zig
"['knife', 'USP-S']",USP-S,76561199433997570,Printstream,34,76561199433997570,Simple Dimple skins.army
[],,,,34,76561199557907229,shawty#)$@
"['knife_t', 'Glock-18', 'AWP', 'Smoke Grenade']",AWP,76561198049602148,Acheron,34,76561198049602148,Moon
"['knife', 'USP-S']",USP-S,76561199068251294,Alpine Camo,34,76561199068251294,prosto bo$$
"['knife_t', 'Glock-18', 'AWP']",knife_t,76561198171814417,Slaughter,34,76561198171814417,Faat
"['Shadow Daggers', 'Glock-18', 'AK-47']",AK-47,76561199052717313,Ice Coaled,34,76561199052717313,Worfy
"['knife', 'USP-S']",USP-S,76561199256543526,Printstream,35,76561199256543526,Wybaczam.oficjalnie skins.army
"['Survival Knife', 'USP-S']",USP-S,76561199826895670,Printstream,35,76561199826895670,RME | Пацан
"['Shadow Daggers', 'Glock-18']",Glock-18,76561198002613044,Off World,35,76561198002613044,frees.tyler
"['knife_t', 'Glock-18']",Glock-18,76561198274174345,Umbral Rabbit,35,76561198274174345,zig
"['knife', 'USP-S']",USP-S,76561199433997570,Printstream,35,76561199433997570,Simple Dimple skins.army
[],,,,35,76561199557907229,shawty#)$@
"['knife_t', 'Glock-18', 'AWP', 'Smoke Grenade']",AWP,76561198049602148,Acheron,35,76561198049602148,Moon
"['knife', 'USP-S']",USP-S,76561199068251294,Alpine Camo,35,76561199068251294,prosto bo$$
"['knife_t', 'Glock-18', 'AWP']",knife_t,76561198171814417,Slaughter,35,76561198171814417,Faat
"['Shadow Daggers', 'Glock-18', 'AK-47']",AK-47,76561199052717313,Ice Coaled,35,76561199052717313,Worfy
"['knife', 'USP-S']",USP-S,76561199256543526,Printstream,36,76561199256543526,Wybaczam.oficjalnie skins.army
"['Survival Knife', 'USP-S']",USP-S,76561199826895670,Printstream,36,76561199826895670,RME | Пацан
"['Shadow Daggers', 'Glock-18']",Glock-18,76561198002613044,Off World,36,76561198002613044,frees.tyler
['knife_t'],knife_t,76561198274174345,Slaughter,36,76561198274174345,zig
"['knife', 'USP-S']",USP-S,76561199433997570,Printstream,36,76561199433997570,Simple Dimple skins.army
[],,,,36,76561199557907229,shawty#)$@
"['knife_t', 'Glock-18', 'AWP', 'Smoke Grenade']",AWP,76561198049602148,Acheron,36,76561198049602148,Moon
"['knife', 'USP-S']",USP-S,76561199068251294,Alpine Camo,36,76561199068251294,prosto bo$$
"['knife_t', 'Glock-18', 'AWP']",knife_t,76561198171814417,Slaughter,36,76561198171814417,Faat
"['Shadow Daggers', 'Glock-18', 'AK-47']",AK-47,76561199052717313,Ice Coaled,36,76561199052717313,Worfy
"['knife', 'USP-S']",USP-S,76561199256543526,Printstream,37,76561199256543526,Wybaczam.oficjalnie skins.army
"['Survival Knife', 'USP-S']",USP-S,76561199826895670,Printstream,37,76561199826895670,RME | Пацан
"['Shadow Daggers', 'Glock-18']",Glock-18,76561198002613044,Off World,37,76561198002613044,frees.tyler
['knife_t'],knife_t,76561198274174345,Slaughter,37,76561198274174345,zig
"['knife', 'USP-S']",USP-S,76561199433997570,Printstream,37,76561199433997570,Simple Dimple skins.army
[],,,,37,76561199557907229,shawty#)$@
"['knife_t', 'Glock-18', 'AWP', 'Smoke Grenade']",AWP,76561198049602148,Acheron,37,76561198049602148,Moon
"['knife', 'USP-S']",USP-S,76561199068251294,Alpine Camo,37,76561199068251294,prosto bo$$
"['knife_t', 'Glock-18', 'AWP']",knife_t,76561198171814417,Slaughter,37,76561198171814417,Faat
"['Shadow Daggers', 'Glock-18', 'AK-47']",AK-47,76561199052717313,Ice Coaled,37,76561199052717313,Worfy
"['knife', 'USP-S']",USP-S,76561199256543526,Printstream,38,76561199256543526,Wybaczam.oficjalnie skins.army
"['Survival Knife', 'USP-S']",USP-S,76561199826895670,Printstream,38,76561199826895670,RME | Пацан
"['Shadow Daggers', 'Glock-18']",Glock-18,76561198002613044,Off World,38,76561198002613044,frees.tyler
['knife_t'],knife_t,76561198274174345,Slaughter,38,76561198274174345,zig
"['knife', 'USP-S']",USP-S,76561199433997570,Printstream,38,76561199433997570,Simple Dimple skins.army
[],,,,38,76561199557907229,shawty#)$@
"['knife_t', 'Glock-18', 'AWP', 'Smoke Grenade']",AWP,76561198049602148,Acheron,38,76561198049602148,Moon
"['knife', 'USP-S']",USP-S,76561199068251294,Alpine Camo,38,76561199068251294,prosto bo$$
"['knife_t', 'Glock-18', 'AWP']",knife_t,76561198171814417,Slaughter,38,76561198171814417,Faat
"['Shadow Daggers', 'Glock-18', 'AK-47']",AK-47,76561199052717313,Ice Coaled,38,76561199052717313,Worfy
"['knife', 'USP-S']",USP-S,76561199256543526,Printstream,39,76561199256543526,Wybaczam.oficjalnie skins.army
"['Survival Knife', 'USP-S']",USP-S,76561199826895670,Printstream,39,76561199826895670,RME | Пацан
"['Shadow Daggers', 'Glock-18']",Glock-18,76561198002613044,Off World,39,76561198002613044,frees.tyler
['knife_t'],knife_t,76561198274174345,Slaughter,39,76561198274174345,zig
"['knife', 'USP-S']",USP-S,76561199433997570,Printstream,39,76561199433997570,Simple Dimple skins.army
[],,,,39,76561199557907229,shawty#)$@
"['knife_t', 'Glock-18', 'AWP', 'Smoke Grenade']",AWP,76561198049602148,Acheron,39,76561198049602148,Moon
['knife'],knife,76561199068251294,Slaughter,39,76561199068251294,prosto bo$$
"['knife_t', 'Glock-18', 'AWP']",knife_t,76561198171814417,Slaughter,39,76561198171814417,Faat
"['Shadow Daggers', 'Glock-18', 'AK-47']",AK-47,76561199052717313,Ice Coaled,39,76561199052717313,Worfy
"['knife', 'USP-S']",USP-S,76561199256543526,Printstream,40,76561199256543526,Wybaczam.oficjalnie skins.army
"['Survival Knife', 'USP-S']",USP-S,76561199826895670,Printstream,40,76561199826895670,RME | Пацан
"['Shadow Daggers', 'Glock-18']",Glock-18,76561198002613044,Off World,40,76561198002613044,frees.tyler
['knife_t'],knife_t,76561198274174345,Slaughter,40,76561198274174345,zig
"['knife', 'USP-S']",USP-S,76561199433997570,Printstream,40,76561199433997570,Simple Dimple skins.army
[],,,,40,76561199557907229,shawty#)$@
"['knife_t', 'Glock-18', 'AWP', 'Smoke Grenade']",AWP,76561198049602148,Acheron,40,76561198049602148,Moon
['knife'],knife,76561199068251294,Slaughter,40,76561199068251294,prosto bo$$
"['knife_t', 'Glock-18', 'AWP']",knife_t,76561198171814417,Slaughter,40,76561198171814417,Faat
"['Shadow Daggers', 'Glock-18', 'AK-47']",AK-47,76561199052717313,Ice Coaled,40,76561199052717313,Worfy
"['knife', 'USP-S']",USP-S,76561199256543526,Printstream,41,76561199256543526,Wybaczam.oficjalnie skins.army
"['Survival Knife', 'USP-S']",USP-S,76561199826895670,Printstream,41,76561199826895670,RME | Пацан
"['Shadow Daggers', 'Glock-18']",Glock-18,76561198002613044,Off World,41,76561198002613044,frees.tyler
['knife_t'],knife_t,76561198274174345,Slaughter,41,76561198274174345,zig
"['knife', 'USP-S']",USP-S,76561199433997570,Printstream,41,76561199433997570,Simple Dimple skins.army
[],,,,41,76561199557907229,shawty#)$@
"['knife_t', 'Glock-18', 'AWP', 'Smoke Grenade']",AWP,76561198049602148,Acheron,41,76561198049602148,Moon
['knife'],knife,76561199068251294,Slaughter,41,76561199068251294,prosto bo$$
"['knife_t', 'Glock-18', 'AWP']",knife_t,76561198171814417,Slaughter,41,76561198171814417,Faat
"['Shadow Daggers', 'Glock-18', 'AK-47']",AK-47,76561199052717313,Ice Coaled,41,76561199052717313,Worfy
"['knife', 'USP-S']",USP-S,76561199256543526,Printstream,42,76561199256543526,Wybaczam.oficjalnie skins.army
"['Survival Knife', 'USP-S']",USP-S,76561199826895670,Printstream,42,76561199826895670,RME | Пацан
"['Shadow Daggers', 'Glock-18']",Glock-18,76561198002613044,Off World,42,76561198002613044,frees.tyler
['knife_t'],knife_t,76561198274174345,Slaughter,42,76561198274174345,zig
"['knife', 'USP-S']",USP-S,76561199433997570,Printstream,42,76561199433997570,Simple Dimple skins.army
[],,,,42,76561199557907229,shawty#)$@
"['knife_t', 'Glock-18', 'AWP', 'Smoke Grenade']",AWP,76561198049602148,Acheron,42,76561198049602148,Moon
['knife'],knife,76561199068251294,Slaughter,42,76561199068251294,prosto bo$$
"['knife_t', 'Glock-18', 'AWP']",knife_t,76561198171814417,Slaughter,42,76561198171814417,Faat
"['Shadow Daggers', 'Glock-18', 'AK-47']",AK-47,76561199052717313,Ice Coaled,42,76561199052717313,Worfy
"['knife', 'USP-S']",USP-S,76561199256543526,Printstream,43,76561199256543526,Wybaczam.oficjalnie skins.army
"['Survival Knife', 'USP-S']",USP-S,76561199826895670,Printstream,43,76561199826895670,RME | Пацан
"['Shadow Daggers', 'Glock-18']",Glock-18,76561198002613044,Off World,43,76561198002613044,frees.tyler
['knife_t'],knife_t,76561198274174345,Slaughter,43,76561198274174345,zig
"['knife', 'USP-S']",USP-S,76561199433997570,Printstream,43,76561199433997570,Simple Dimple skins.army
[],,,,43,76561199557907229,shawty#)$@
"['knife_t', 'Glock-18', 'AWP', 'Smoke Grenade']",AWP,76561198049602148,Acheron,43,76561198049602148,Moon
['knife'],knife,76561199068251294,Slaughter,43,76561199068251294,prosto bo$$
"['knife_t', 'Glock-18', 'AWP']",knife_t,76561198171814417,Slaughter,43,76561198171814417,Faat
"['Shadow Daggers', 'Glock-18', 'AK-47']",AK-47,76561199052717313,Ice Coaled,43,76561199052717313,Worfy
"['knife', 'USP-S']",USP-S,76561199256543526,Printstream,44,76561199256543526,Wybaczam.oficjalnie skins.army
"['Survival Knife', 'USP-S']",USP-S,76561199826895670,Printstream,44,76561199826895670,RME | Пацан
"['Shadow Daggers', 'Glock-18']",Glock-18,76561198002613044,Off World,44,76561198002613044,frees.tyler
['knife_t'],knife_t,76561198274174345,Slaughter,44,76561198274174345,zig
"['knife', 'USP-S']",USP-S,76561199433997570,Printstream,44,76561199433997570,Simple Dimple skins.army
[],,,,44,76561199557907229,shawty#)$@
"['knife_t', 'Glock-18', 'AWP', 'Smoke Grenade']",AWP,76561198049602148,Acheron,44,76561198049602148,Moon
['knife'],knife,76561199068251294,Slaughter,44,76561199068251294,prosto bo$$
"['knife_t', 'Glock-18', 'AWP']",knife_t,76561198171814417,Slaughter,44,76561198171814417,Faat
"['Shadow Daggers', 'Glock-18', 'AK-47']",AK-47,76561199052717313,Ice Coaled,44,76561199052717313,Worfy
"['knife', 'USP-S']",USP-S,76561199256543526,Printstream,45,76561199256543526,Wybaczam.oficjalnie skins.army
"['Survival Knife', 'USP-S']",USP-S,76561199826895670,Printstream,45,76561199826895670,RME | Пацан
"['Shadow Daggers', 'Glock-18']",Glock-18,76561198002613044,Off World,45,76561198002613044,frees.tyler
['knife_t'],knife_t,76561198274174345,Slaughter,45,76561198274174345,zig
"['knife', 'USP-S']",USP-S,76561199433997570,Printstream,45,76561199433997570,Simple Dimple skins.army
[],,,,45,76561199557907229,shawty#)$@
"['knife_t', 'Glock-18', 'AWP', 'Smoke Grenade']",AWP,76561198049602148,Acheron,45,76561198049602148,Moon
['knife'],knife,76561199068251294,Slaughter,45,76561199068251294,prosto bo$$
"['knife_t', 'Glock-18', 'AWP']",knife_t,76561198171814417,Slaughter,45,76561198171814417,Faat
"['Shadow Daggers', 'Glock-18', 'AK-47']",AK-47,76561199052717313,Ice Coaled,45,76561199052717313,Worfy
"['knife', 'USP-S']",USP-S,76561199256543526,Printstream,46,76561199256543526,Wybaczam.oficjalnie skins.army
"['Survival Knife', 'USP-S']",USP-S,76561199826895670,Printstream,46,76561199826895670,RME | Пацан
"['Shadow Daggers', 'Glock-18']",Glock-18,76561198002613044,Off World,46,76561198002613044,frees.tyler
['knife_t'],knife_t,76561198274174345,Slaughter,46,76561198274174345,zig
"['knife', 'USP-S']",USP-S,76561199433997570,Printstream,46,76561199433997570,Simple Dimple skins.army
[],,,,46,76561199557907229,shawty#)$@
"['knife_t', 'Glock-18', 'AWP', 'Smoke Grenade']",AWP,76561198049602148,Acheron,46,76561198049602148,Moon
['knife'],knife,76561199068251294,Slaughter,46,76561199068251294,prosto bo$$
"['knife_t', 'Glock-18', 'AWP']",knife_t,76561198171814417,Slaughter,46,76561198171814417,Faat
"['Shadow Daggers', 'Glock-18', 'AK-47']",AK-47,76561199052717313,Ice Coaled,46,76561199052717313,Worfy
"['knife', 'USP-S']",USP-S,76561199256543526,Printstream,47,76561199256543526,Wybaczam.oficjalnie skins.army
"['Survival Knife', 'USP-S']",USP-S,76561199826895670,Printstream,47,76561199826895670,RME | Пацан
"['Shadow Daggers', 'Glock-18']",Glock-18,76561198002613044,Off World,47,76561198002613044,frees.tyler
['knife_t'],knife_t,76561198274174345,Slaughter,47,76561198274174345,zig
"['knife', 'USP-S']",USP-S,76561199433997570,Printstream,47,76561199433997570,Simple Dimple skins.army
[],,,,47,76561199557907229,shawty#)$@
"['knife_t', 'Glock-18', 'AWP', 'Smoke Grenade']",AWP,76561198049602148,Acheron,47,76561198049602148,Moon
['knife'],knife,76561199068251294,Slaughter,47,76561199068251294,prosto bo$$
"['knife_t', 'Glock-18', 'AWP']",knife_t,76561198171814417,Slaughter,47,76561198171814417,Faat
"['Shadow Daggers', 'Glock-18', 'AK-47']",AK-47,76561199052717313,Ice Coaled,47,76561199052717313,Worfy
"['knife', 'USP-S']",USP-S,76561199256543526,Printstream,48,76561199256543526,Wybaczam.oficjalnie skins.army
"['Survival Knife', 'USP-S']",USP-S,76561199826895670,Printstream,48,76561199826895670,RME | Пацан
"['Shadow Daggers', 'Glock-18']",Glock-18,76561198002613044,Off World,48,76561198002613044,frees.tyler
['knife_t'],knife_t,76561198274174345,Slaughter,48,76561198274174345,zig
"['knife', 'USP-S']",USP-S,76561199433997570,Printstream,48,76561199433997570,Simple Dimple skins.army
[],,,,48,76561199557907229,shawty#)$@
"['knife_t', 'Glock-18', 'AWP', 'Smoke Grenade']",AWP,76561198049602148,Acheron,48,76561198049602148,Moon
['knife'],knife,76561199068251294,Slaughter,48,76561199068251294,prosto bo$$
"['knife_t', 'Glock-18', 'AWP']",knife_t,76561198171814417,Slaughter,48,76561198171814417,Faat
"['Shadow Daggers', 'Glock-18', 'AK-47']",AK-47,76561199052717313,Ice Coaled,48,76561199052717313,Worfy
"['knife', 'USP-S']",USP-S,76561199256543526,Printstream,49,76561199256543526,Wybaczam.oficjalnie skins.army
"['Survival Knife', 'USP-S']",USP-S,76561199826895670,Printstream,49,76561199826895670,RME | Пацан
"['Shadow Daggers', 'Glock-18']",Glock-18,76561198002613044,Off World,49,76561198002613044,frees.tyler
['knife_t'],knife_t,76561198274174345,Slaughter,49,76561198274174345,zig
"['knife', 'USP-S']",USP-S,76561199433997570,Printstream,49,76561199433997570,Simple Dimple skins.army
[],,,,49,76561199557907229,shawty#)$@
"['knife_t', 'Glock-18', 'AWP', 'Smoke Grenade']",AWP,76561198049602148,Acheron,49,76561198049602148,Moon
['knife'],knife,76561199068251294,Slaughter,49,76561199068251294,prosto bo$$
"['knife_t', 'Glock-18', 'AWP']",knife_t,76561198171814417,Slaughter,49,76561198171814417,Faat
"['Shadow Daggers', 'Glock-18', 'AK-47']",AK-47,76561199052717313,Ice Coaled,49,76561199052717313,Worfy
"['knife', 'USP-S']",USP-S,76561199256543526,Printstream,50,76561199256543526,Wybaczam.oficjalnie skins.army
"['Survival Knife', 'USP-S']",USP-S,76561199826895670,Printstream,50,76561199826895670,RME | Пацан
"['Shadow Daggers', 'Glock-18']",Glock-18,76561198002613044,Off World,50,76561198002613044,frees.tyler
['knife_t'],knife_t,76561198274174345,Slaughter,50,76561198274174345,zig
"['knife', 'USP-S']",USP-S,76561199433997570,Printstream,50,76561199433997570,Simple Dimple skins.army
[],,,,50,76561199557907229,shawty#)$@
"['knife_t', 'Glock-18', 'AWP', 'Smoke Grenade']",AWP,76561198049602148,Acheron,50,76561198049602148,Moon
['knife'],knife,76561199068251294,Slaughter,50,76561199068251294,prosto bo$$
"['knife_t', 'Glock-18', 'AWP']",knife_t,76561198171814417,Slaughter,50,76561198171814417,Faat
"['Shadow Daggers', 'Glock-18', 'AK-47']",AK-47,76561199052717313,Ice Coaled,50,76561199052717313,Worfy
"['knife', 'USP-S']",USP-S,76561199256543526,Printstream,51,76561199256543526,Wybaczam.oficjalnie skins.army
"['Survival Knife', 'USP-S']",USP-S,76561199826895670,Printstream,51,76561199826895670,RME | Пацан
"['Shadow Daggers', 'Glock-18']",Glock-18,76561198002613044,Off World,51,76561198002613044,frees.tyler
['knife_t'],knife_t,76561198274174345,Slaughter,51,76561198274174345,zig
"['knife', 'USP-S']",USP-S,76561199433997570,Printstream,51,76561199433997570,Simple Dimple skins.army
[],,,,51,76561199557907229,shawty#)$@
"['knife_t', 'Glock-18', 'AWP', 'Smoke Grenade']",AWP,76561198049602148,Acheron,51,76561198049602148,Moon
['knife'],knife,76561199068251294,Slaughter,51,76561199068251294,prosto bo$$
"['knife_t', 'Glock-18', 'AWP']",knife_t,76561198171814417,Slaughter,51,76561198171814417,Faat
"['Shadow Daggers', 'Glock-18', 'AK-47']",AK-47,76561199052717313,Ice Coaled,51,76561199052717313,Worfy
"['knife', 'USP-S']",USP-S,76561199256543526,Printstream,52,76561199256543526,Wybaczam.oficjalnie skins.army
"['Survival Knife', 'USP-S']",USP-S,76561199826895670,Printstream,52,76561199826895670,RME | Пацан
"['Shadow Daggers', 'Glock-18']",Glock-18,76561198002613044,Off World,52,76561198002613044,frees.tyler
['knife_t'],knife_t,76561198274174345,Slaughter,52,76561198274174345,zig
"['knife', 'USP-S']",USP-S,76561199433997570,Printstream,52,76561199433997570,Simple Dimple skins.army
[],,,,52,76561199557907229,shawty#)$@
"['knife_t', 'Glock-18', 'AWP', 'Smoke Grenade']",AWP,76561198049602148,Acheron,52,76561198049602148,Moon
['knife'],knife,76561199068251294,Slaughter,52,76561199068251294,prosto bo$$
"['knife_t', 'Glock-18', 'AWP']",knife_t,76561198171814417,Slaughter,52,76561198171814417,Faat
"['Shadow Daggers', 'Glock-18', 'AK-47']",AK-47,76561199052717313,Ice Coaled,52,76561199052717313,Worfy
"['knife', 'USP-S']",USP-S,76561199256543526,Printstream,53,76561199256543526,Wybaczam.oficjalnie skins.army
"['Survival Knife', 'USP-S']",USP-S,76561199826895670,Printstream,53,76561199826895670,RME | Пацан
"['Shadow Daggers', 'Glock-18']",Glock-18,76561198002613044,Off World,53,76561198002613044,frees.tyler
['knife_t'],knife_t,76561198274174345,Slaughter,53,76561198274174345,zig
"['knife', 'USP-S']",USP-S,76561199433997570,Printstream,53,76561199433997570,Simple Dimple skins.army
[],,,,53,76561199557907229,shawty#)$@
"['knife_t', 'Glock-18', 'AWP', 'Smoke Grenade']",AWP,76561198049602148,Acheron,53,76561198049602148,Moon
['knife'],knife,76561199068251294,Slaughter,53,76561199068251294,prosto bo$$
"['knife_t', 'Glock-18', 'AWP']",knife_t,76561198171814417,Slaughter,53,76561198171814417,Faat
"['Shadow Daggers', 'Glock-18', 'AK-47']",AK-47,76561199052717313,Ice Coaled,53,76561199052717313,Worfy
"['knife', 'USP-S']",USP-S,76561199256543526,Printstream,54,76561199256543526,Wybaczam.oficjalnie skins.army
"['Survival Knife', 'USP-S']",USP-S,76561199826895670,Printstream,54,76561199826895670,RME | Пацан
"['Shadow Daggers', 'Glock-18']",Glock-18,76561198002613044,Off World,54,76561198002613044,frees.tyler
['knife_t'],knife_t,76561198274174345,Slaughter,54,76561198274174345,zig
"['knife', 'USP-S']",USP-S,76561199433997570,Printstream,54,76561199433997570,Simple Dimple skins.army
[],,,,54,76561199557907229,shawty#)$@
"['knife_t', 'Glock-18', 'AWP', 'Smoke Grenade']",AWP,76561198049602148,Acheron,54,76561198049602148,Moon
['knife'],knife,76561199068251294,Slaughter,54,76561199068251294,prosto bo$$
"['knife_t', 'Glock-18', 'AWP']",knife_t,76561198171814417,Slaughter,54,76561198171814417,Faat
"['Shadow Daggers', 'Glock-18', 'AK-47']",Shadow Daggers,76561199052717313,Autotronic,54,76561199052717313,Worfy
"['knife', 'USP-S']",USP-S,76561199256543526,Printstream,55,76561199256543526,Wybaczam.oficjalnie skins.army
"['Survival Knife', 'USP-S']",USP-S,76561199826895670,Printstream,55,76561199826895670,RME | Пацан
"['Shadow Daggers', 'Glock-18']",Glock-18,76561198002613044,Off World,55,76561198002613044,frees.tyler
['knife_t'],knife_t,76561198274174345,Slaughter,55,76561198274174345,zig
"['knife', 'USP-S']",USP-S,76561199433997570,Printstream,55,76561199433997570,Simple Dimple skins.army
[],,,,55,76561199557907229,shawty#)$@
"['knife_t', 'Glock-18', 'AWP', 'Smoke Grenade']",AWP,76561198049602148,Acheron,55,76561198049602148,Moon
['knife'],knife,76561199068251294,Slaughter,55,76561199068251294,prosto bo$$
"['knife_t', 'Glock-18', 'AWP']",knife_t,76561198171814417,Slaughter,55,76561198171814417,Faat
"['Shadow Daggers', 'Glock-18', 'AK-47']",Shadow Daggers,76561199052717313,Autotronic,55,76561199052717313,Worfy
"['knife', 'USP-S']",USP-S,76561199256543526,Printstream,56,76561199256543526,Wybaczam.oficjalnie skins.army
"['Survival Knife', 'USP-S']",USP-S,76561199826895670,Printstream,56,76561199826895670,RME | Пацан
"['Shadow Daggers', 'Glock-18']",Glock-18,76561198002613044,Off World,56,76561198002613044,frees.tyler
['knife_t'],knife_t,76561198274174345,Slaughter,56,76561198274174345,zig
"['knife', 'USP-S']",USP-S,76561199433997570,Printstream,56,76561199433997570,Simple Dimple skins.army
[],,,,56,76561199557907229,shawty#)$@
"['knife_t', 'Glock-18', 'AWP', 'Smoke Grenade']",AWP,76561198049602148,Acheron,56,76561198049602148,Moon
['knife'],knife,76561199068251294,Slaughter,56,76561199068251294,prosto bo$$
"['knife_t', 'Glock-18', 'AWP']",knife_t,76561198171814417,Slaughter,56,76561198171814417,Faat
"['Shadow Daggers', 'Glock-18', 'AK-47']",Shadow Daggers,76561199052717313,Autotronic,56,76561199052717313,Worfy
"['knife', 'USP-S']",USP-S,76561199256543526,Printstream,57,76561199256543526,Wybaczam.oficjalnie skins.army
"['Survival Knife', 'USP-S']",USP-S,76561199826895670,Printstream,57,76561199826895670,RME | Пацан
"['Shadow Daggers', 'Glock-18']",Glock-18,76561198002613044,Off World,57,76561198002613044,frees.tyler
['knife_t'],knife_t,76561198274174345,Slaughter,57,76561198274174345,zig
"['knife', 'USP-S']",USP-S,76561199433997570,Printstream,57,76561199433997570,Simple Dimple skins.army
[],,,,57,76561199557907229,shawty#)$@
"['knife_t', 'Glock-18', 'AWP', 'Smoke Grenade']",AWP,76561198049602148,Acheron,57,76561198049602148,Moon
['knife'],knife,76561199068251294,Slaughter,57,76561199068251294,prosto bo$$
"['knife_t', 'Glock-18', 'AWP']",knife_t,76561198171814417,Slaughter,57,76561198171814417,Faat
"['Shadow Daggers', 'Glock-18', 'AK-47']",Shadow Daggers,76561199052717313,Autotronic,57,76561199052717313,Worfy
"['knife', 'USP-S']",USP-S,76561199256543526,Printstream,58,76561199256543526,Wybaczam.oficjalnie skins.army
"['Survival Knife', 'USP-S']",USP-S,76561199826895670,Printstream,58,76561199826895670,RME | Пацан
"['Shadow Daggers', 'Glock-18']",Glock-18,76561198002613044,Off World,58,76561198002613044,frees.tyler
['knife_t'],knife_t,76561198274174345,Slaughter,58,76561198274174345,zig
"['knife', 'USP-S']",USP-S,76561199433997570,Printstream,58,76561199433997570,Simple Dimple skins.army
[],,,,58,76561199557907229,shawty#)$@
"['knife_t', 'Glock-18', 'AWP', 'Smoke Grenade']",AWP,76561198049602148,Acheron,58,76561198049602148,Moon
['knife'],knife,76561199068251294,Slaughter,58,76561199068251294,prosto bo$$
"['knife_t', 'Glock-18', 'AWP']",knife_t,76561198171814417,Slaughter,58,76561198171814417,Faat
"['Shadow Daggers', 'Glock-18', 'AK-47']",Shadow Daggers,76561199052717313,Autotronic,58,76561199052717313,Worfy
"['knife', 'USP-S']",USP-S,76561199256543526,Printstream,59,76561199256543526,Wybaczam.oficjalnie skins.army
"['Survival Knife', 'USP-S']",USP-S,76561199826895670,Printstream,59,76561199826895670,RME | Пацан
"['Shadow Daggers', 'Glock-18']",Glock-18,76561198002613044,Off World,59,76561198002613044,frees.tyler
['knife_t'],knife_t,76561198274174345,Slaughter,59,76561198274174345,zig
"['knife', 'USP-S']",USP-S,76561199433997570,Printstream,59,76561199433997570,Simple Dimple skins.army
[],,,,59,76561199557907229,shawty#)$@
"['knife_t', 'Glock-18', 'Smoke Grenade']",Glock-18,76561198049602148,Grinder,59,76561198049602148,Moon
['knife'],knife,76561199068251294,Slaughter,59,76561199068251294,prosto bo$$
"['knife_t', 'Glock-18', 'AWP']",knife_t,76561198171814417,Slaughter,59,76561198171814417,Faat
"['Shadow Daggers', 'Glock-18', 'AK-47']",Shadow Daggers,76561199052717313,Autotronic,59,76561199052717313,Worfy
"['knife', 'USP-S']",USP-S,76561199256543526,Printstream,60,76561199256543526,Wybaczam.oficjalnie skins.army
"['Survival Knife', 'USP-S']",USP-S,76561199826895670,Printstream,60,76561199826895670,RME | Пацан
"['Shadow Daggers', 'Glock-18']",Glock-18,76561198002613044,Off World,60,76561198002613044,frees.tyler
['knife_t'],knife_t,76561198274174345,Slaughter,60,76561198274174345,zig
"['knife', 'USP-S']",USP-S,76561199433997570,Printstream,60,76561199433997570,Simple Dimple skins.army
[],,,,60,76561199557907229,shawty#)$@
"['knife_t', 'Glock-18', 'Smoke Grenade']",Glock-18,76561198049602148,Grinder,60,76561198049602148,Moon
['knife'],knife,76561199068251294,Slaughter,60,76561199068251294,prosto bo$$
"['knife_t', 'Glock-18', 'AWP']",knife_t,76561198171814417,Slaughter,60,76561198171814417,Faat
"['Shadow Daggers', 'Glock-18', 'AK-47']",Shadow Daggers,76561199052717313,Autotronic,60,76561199052717313,Worfy
"['knife', 'USP-S']",USP-S,76561199256543526,Printstream,61,76561199256543526,Wybaczam.oficjalnie skins.army
"['Survival Knife', 'USP-S']",USP-S,76561199826895670,Printstream,61,76561199826895670,RME | Пацан
"['Shadow Daggers', 'Glock-18']",Glock-18,76561198002613044,Off World,61,76561198002613044,frees.tyler
['knife_t'],knife_t,76561198274174345,Slaughter,61,76561198274174345,zig
"['knife', 'USP-S']",USP-S,76561199433997570,Printstream,61,76561199433997570,Simple Dimple skins.army
[],,,,61,76561199557907229,shawty#)$@
"['knife_t', 'Glock-18', 'Smoke Grenade']",Glock-18,76561198049602148,Grinder,61,76561198049602148,Moon
['knife'],knife,76561199068251294,Slaughter,61,76561199068251294,prosto bo$$
"['knife_t', 'Glock-18', 'AWP']",knife_t,76561198171814417,Slaughter,61,76561198171814417,Faat
"['Shadow Daggers', 'Glock-18', 'AK-47']",Shadow Daggers,76561199052717313,Autotronic,61,76561199052717313,Worfy
"['knife', 'USP-S']",USP-S,76561199256543526,Printstream,62,76561199256543526,Wybaczam.oficjalnie skins.army
"['Survival Knife', 'USP-S']",USP-S,76561199826895670,Printstream,62,76561199826895670,RME | Пацан
"['Shadow Daggers', 'Glock-18']",Glock-18,76561198002613044,Off World,62,76561198002613044,frees.tyler
['knife_t'],knife_t,76561198274174345,Slaughter,62,76561198274174345,zig
"['knife', 'USP-S']",USP-S,76561199433997570,Printstream,62,76561199433997570,Simple Dimple skins.army
[],,,,62,76561199557907229,shawty#)$@
"['knife_t', 'Glock-18', 'Smoke Grenade']",Glock-18,76561198049602148,Grinder,62,76561198049602148,Moon
['knife'],knife,76561199068251294,Slaughter,62,76561199068251294,prosto bo$$
"['knife_t', 'Glock-18', 'AWP']",knife_t,76561198171814417,Slaughter,62,76561198171814417,Faat
"['Shadow Daggers', 'Glock-18', 'AK-47']",Shadow Daggers,76561199052717313,Autotronic,62,76561199052717313,Worfy
"['knife', 'USP-S']",USP-S,76561199256543526,Printstream,63,76561199256543526,Wybaczam.oficjalnie skins.army
"['Survival Knife', 'USP-S']",USP-S,76561199826895670,Printstream,63,76561199826895670,RME | Пацан
"['Shadow Daggers', 'Glock-18']",Glock-18,76561198002613044,Off World,63,76561198002613044,frees.tyler
['knife_t'],knife_t,76561198274174345,Slaughter,63,76561198274174345,zig
"['knife', 'USP-S']",USP-S,76561199433997570,Printstream,63,76561199433997570,Simple Dimple skins.army
[],,,,63,76561199557907229,shawty#)$@
"['knife_t', 'Glock-18', 'Smoke Grenade']",Glock-18,76561198049602148,Grinder,63,76561198049602148,Moon
['knife'],knife,76561199068251294,Slaughter,63,76561199068251294,prosto bo$$
"['knife_t', 'Glock-18', 'AWP']",knife_t,76561198171814417,Slaughter,63,76561198171814417,Faat
"['Shadow Daggers', 'Glock-18', 'AK-47']",Shadow Daggers,76561199052717313,Autotronic,63,76561199052717313,Worfy
"['knife', 'USP-S']",USP-S,76561199256543526,Printstream,64,76561199256543526,Wybaczam.oficjalnie skins.army
"['Survival Knife', 'USP-S']",USP-S,76561199826895670,Printstream,64,76561199826895670,RME | Пацан
"['Shadow Daggers', 'Glock-18']",Glock-18,76561198002613044,Off World,64,76561198002613044,frees.tyler
['knife_t'],knife_t,76561198274174345,Slaughter,64,76561198274174345,zig
"['knife', 'USP-S']",USP-S,76561199433997570,Printstream,64,76561199433997570,Simple Dimple skins.army
[],,,,64,76561199557907229,shawty#)$@
"['knife_t', 'Glock-18', 'Smoke Grenade']",Glock-18,76561198049602148,Grinder,64,76561198049602148,Moon
['knife'],knife,76561199068251294,Slaughter,64,76561199068251294,prosto bo$$
"['knife_t', 'Glock-18', 'AWP']",knife_t,76561198171814417,Slaughter,64,76561198171814417,Faat
"['Shadow Daggers', 'Glock-18', 'AK-47']",Shadow Daggers,76561199052717313,Autotronic,64,76561199052717313,Worfy
"['knife', 'USP-S']",USP-S,76561199256543526,Printstream,65,76561199256543526,Wybaczam.oficjalnie skins.army
"['Survival Knife', 'USP-S']",USP-S,76561199826895670,Printstream,65,76561199826895670,RME | Пацан
"['Shadow Daggers', 'Glock-18']",Glock-18,76561198002613044,Off World,65,76561198002613044,frees.tyler
"['knife_t', 'Glock-18']",Glock-18,76561198274174345,Umbral Rabbit,65,76561198274174345,zig
"['knife', 'USP-S']",USP-S,76561199433997570,Printstream,65,76561199433997570,Simple Dimple skins.army
"['knife', 'USP-S']",USP-S,76561199557907229,Desert Tactical,65,76561199557907229,shawty#)$@
"['knife_t', 'Glock-18']",Glock-18,76561198049602148,Grinder,65,76561198049602148,Moon
"['knife', 'USP-S']",USP-S,76561199068251294,Alpine Camo,65,76561199068251294,prosto bo$$
"['knife_t', 'Glock-18', 'C4 Explosive']",C4 Explosive,76561198171814417,,65,76561198171814417,Faat
"['Shadow Daggers', 'Glock-18']",Glock-18,76561199052717313,Clear Polymer,65,76561199052717313,Worfy
"['knife', 'USP-S']",USP-S,76561199256543526,Printstream,67,76561199256543526,Wybaczam.oficjalnie skins.army
"['Survival Knife', 'USP-S']",USP-S,76561199826895670,Printstream,67,76561199826895670,RME | Пацан
"['Shadow Daggers', 'Glock-18']",Glock-18,76561198002613044,Off World,67,76561198002613044,frees.tyler
"['knife_t', 'Glock-18']",Glock-18,76561198274174345,Umbral Rabbit,67,76561198274174345,zig
"['knife', 'USP-S']",USP-S,76561199433997570,Printstream,67,76561199433997570,Simple Dimple skins.army
"['knife', 'USP-S']",USP-S,76561199557907229,Desert Tactical,67,76561199557907229,shawty#)$@
"['knife_t', 'Glock-18']",Glock-18,76561198049602148,Grinder,67,76561198049602148,Moon
"['knife', 'USP-S']",USP-S,76561199068251294,Alpine Camo,67,76561199068251294,prosto bo$$
"['knife_t', 'Glock-18', 'C4 Explosive']",C4 Explosive,76561198171814417,,67,76561198171814417,Faat
"['Shadow Daggers', 'Glock-18']",Glock-18,76561199052717313,Clear Polymer,67,76561199052717313,Worfy
"['knife', 'USP-S']",USP-S,76561199256543526,Printstream,68,76561199256543526,Wybaczam.oficjalnie skins.army
"['Survival Knife', 'USP-S']",USP-S,76561199826895670,Printstream,68,76561199826895670,RME | Пацан
"['Shadow Daggers', 'Glock-18']",Glock-18,76561198002613044,Off World,68,76561198002613044,frees.tyler
"['knife_t', 'Glock-18']",Glock-18,76561198274174345,Umbral Rabbit,68,76561198274174345,zig
"['knife', 'USP-S']",USP-S,76561199433997570,Printstream,68,76561199433997570,Simple Dimple skins.army
"['knife', 'USP-S']",USP-S,76561199557907229,Desert Tactical,68,76561199557907229,shawty#)$@
"['knife_t', 'Glock-18']",Glock-18,76561198049602148,Grinder,68,76561198049602148,Moon
"['knife', 'USP-S']",USP-S,76561199068251294,Alpine Camo,68,76561199068251294,prosto bo$$
"['knife_t', 'Glock-18', 'C4 Explosive']",C4 Explosive,76561198171814417,,68,76561198171814417,Faat
"['Shadow Daggers', 'Glock-18']",Glock-18,76561199052717313,Clear Polymer,68,76561199052717313,Worfy
"['knife', 'USP-S']",USP-S,76561199256543526,Printstream,69,76561199256543526,Wybaczam.oficjalnie skins.army
"['Survival Knife', 'USP-S']",USP-S,76561199826895670,Printstream,69,76561199826895670,RME | Пацан
"['Shadow Daggers', 'Glock-18']",Glock-18,76561198002613044,Off World,69,76561198002613044,frees.tyler
"['knife_t', 'Glock-18']",Glock-18,76561198274174345,Umbral Rabbit,69,76561198274174345,zig
"['knife', 'USP-S']",USP-S,76561199433997570,Printstream,69,76561199433997570,Simple Dimple skins.army
"['knife', 'USP-S']",USP-S,76561199557907229,Desert Tactical,69,76561199557907229,shawty#)$@
"['knife_t', 'Glock-18']",Glock-18,76561198049602148,Grinder,69,76561198049602148,Moon
"['knife', 'USP-S']",USP-S,76561199068251294,Alpine Camo,69,76561199068251294,prosto bo$$
"['knife_t', 'Glock-18', 'C4 Explosive']",C4 Explosive,76561198171814417,,69,76561198171814417,Faat
"['Shadow Daggers', 'Glock-18']",Glock-18,76561199052717313,Clear Polymer,69,76561199052717313,Worfy
"['knife', 'USP-S']",USP-S,76561199256543526,Printstream,70,76561199256543526,Wybaczam.oficjalnie skins.army
"['Survival Knife', 'USP-S']",USP-S,76561199826895670,Printstream,70,76561199826895670,RME | Пацан
"['Shadow Daggers', 'Glock-18']",Glock-18,76561198002613044,Off World,70,76561198002613044,frees.tyler
"['knife_t', 'Glock-18']",Glock-18,76561198274174345,Umbral Rabbit,70,76561198274174345,zig
"['knife', 'USP-S']",USP-S,76561199433997570,Printstream,70,76561199433997570,Simple Dimple skins.army
"['knife', 'USP-S']",USP-S,76561199557907229,Desert Tactical,70,76561199557907229,shawty#)$@
"['knife_t', 'Glock-18']",Glock-18,76561198049602148,Grinder,70,76561198049602148,Moon
"['knife', 'USP-S']",USP-S,76561199068251294,Alpine Camo,70,76561199068251294,prosto bo$$
"['knife_t', 'Glock-18', 'C4 Explosive']",C4 Explosive,76561198171814417,,70,76561198171814417,Faat
"['Shadow Daggers', 'Glock-18']",Glock-18,76561199052717313,Clear Polymer,70,76561199052717313,Worfy
"['knife', 'USP-S']",USP-S,76561199256543526,Printstream,71,76561199256543526,Wybaczam.oficjalnie skins.army
"['Survival Knife', 'USP-S']",USP-S,76561199826895670,Printstream,71,76561199826895670,RME | Пацан
"['Shadow Daggers', 'Glock-18']",Glock-18,76561198002613044,Off World,71,76561198002613044,frees.tyler
"['knife_t', 'Glock-18']",Glock-18,76561198274174345,Umbral Rabbit,71,76561198274174345,zig
"['knife', 'USP-S']",USP-S,76561199433997570,Printstream,71,76561199433997570,Simple Dimple skins.army
"['knife', 'USP-S']",USP-S,76561199557907229,Desert Tactical,71,76561199557907229,shawty#)$@
"['knife_t', 'Glock-18']",Glock-18,76561198049602148,Grinder,71,76561198049602148,Moon
"['knife', 'USP-S']",USP-S,76561199068251294,Alpine Camo,71,76561199068251294,prosto bo$$
"['knife_t', 'Glock-18', 'C4 Explosive']",C4 Explosive,76561198171814417,,71,76561198171814417,Faat
"['Shadow Daggers', 'Glock-18']",Glock-18,76561199052717313,Clear Polymer,71,76561199052717313,Worfy
"['knife', 'USP-S']",USP-S,76561199256543526,Printstream,72,76561199256543526,Wybaczam.oficjalnie skins.army
"['Survival Knife', 'USP-S']",USP-S,76561199826895670,Printstream,72,76561199826895670,RME | Пацан
"['Shadow Daggers', 'Glock-18']",Glock-18,76561198002613044,Off World,72,76561198002613044,frees.tyler
"['knife_t', 'Glock-18']",Glock-18,76561198274174345,Umbral Rabbit,72,76561198274174345,zig
"['knife', 'USP-S']",USP-S,76561199433997570,Printstream,72,76561199433997570,Simple Dimple skins.army
"['knife', 'USP-S']",USP-S,76561199557907229,Desert Tactical,72,76561199557907229,shawty#)$@
"['knife_t', 'Glock-18']",Glock-18,76561198049602148,Grinder,72,76561198049602148,Moon
"['knife', 'USP-S']",USP-S,76561199068251294,Alpine Camo,72,76561199068251294,prosto bo$$
"['knife_t', 'Glock-18', 'C4 Explosive']",C4 Explosive,76561198171814417,,72,76561198171814417,Faat
"['Shadow Daggers', 'Glock-18']",Glock-18,76561199052717313,Clear Polymer,72,76561199052717313,Worfy
"['knife', 'USP-S']",USP-S,76561199256543526,Printstream,73,76561199256543526,Wybaczam.oficjalnie skins.army
"['Survival Knife', 'USP-S']",USP-S,76561199826895670,Printstream,73,76561199826895670,RME | Пацан
"['Shadow Daggers', 'Glock-18']",Glock-18,76561198002613044,Off World,73,76561198002613044,frees.tyler
"['knife_t', 'Glock-18']",Glock-18,76561198274174345,Umbral Rabbit,73,76561198274174345,zig
"['knife', 'USP-S']",USP-S,76561199433997570,Printstream,73,76561199433997570,Simple Dimple skins.army
"['knife', 'USP-S']",USP-S,76561199557907229,Desert Tactical,73,76561199557907229,shawty#)$@
"['knife_t', 'Glock-18']",Glock-18,76561198049602148,Grinder,73,76561198049602148,Moon
"['knife', 'USP-S']",USP-S,76561199068251294,Alpine Camo,73,76561199068251294,prosto bo$$
"['knife_t', 'Glock-18', 'C4 Explosive']",C4 Explosive,76561198171814417,,73,76561198171814417,Faat
"['Shadow Daggers', 'Glock-18']",Glock-18,76561199052717313,Clear Polymer,73,76561199052717313,Worfy
"['knife', 'USP-S']",USP-S,76561199256543526,Printstream,74,76561199256543526,Wybaczam.oficjalnie skins.army
"['Survival Knife', 'USP-S']",USP-S,76561199826895670,Printstream,74,76561199826895670,RME | Пацан
"['Shadow Daggers', 'Glock-18']",Glock-18,76561198002613044,Off World,74,76561198002613044,frees.tyler
"['knife_t', 'Glock-18']",Glock-18,76561198274174345,Umbral Rabbit,74,76561198274174345,zig
"['knife', 'USP-S']",USP-S,76561199433997570,Printstream,74,76561199433997570,Simple Dimple skins.army
"['knife', 'USP-S']",USP-S,76561199557907229,Desert Tactical,74,76561199557907229,shawty#)$@
"['knife_t', 'Glock-18']",Glock-18,76561198049602148,Grinder,74,76561198049602148,Moon
"['knife', 'USP-S']",USP-S,76561199068251294,Alpine Camo,74,76561199068251294,prosto bo$$
"['knife_t', 'Glock-18', 'C4 Explosive']",C4 Explosive,76561198171814417,,74,76561198171814417,Faat
"['Shadow Daggers', 'Glock-18']",Glock-18,76561199052717313,Clear Polymer,74,76561199052717313,Worfy
"['knife', 'USP-S']",USP-S,76561199256543526,Printstream,75,76561199256543526,Wybaczam.oficjalnie skins.army
"['Survival Knife', 'USP-S']",USP-S,76561199826895670,Printstream,75,76561199826895670,RME | Пацан
"['Shadow Daggers', 'Glock-18']",Glock-18,76561198002613044,Off World,75,76561198002613044,frees.tyler
"['knife_t', 'Glock-18']",Glock-18,76561198274174345,Umbral Rabbit,75,76561198274174345,zig
"['knife', 'USP-S']",USP-S,76561199433997570,Printstream,75,76561199433997570,Simple Dimple skins.army
"['knife', 'USP-S']",USP-S,76561199557907229,Desert Tactical,75,76561199557907229,shawty#)$@
"['knife_t', 'Glock-18']",Glock-18,76561198049602148,Grinder,75,76561198049602148,Moon
"['knife', 'USP-S']",USP-S,76561199068251294,Alpine Camo,75,76561199068251294,prosto bo$$
"['knife_t', 'Glock-18', 'C4 Explosive']",C4 Explosive,76561198171814417,,75,76561198171814417,Faat
"['Shadow Daggers', 'Glock-18']",Glock-18,76561199052717313,Clear Polymer,75,76561199052717313,Worfy
"['knife', 'USP-S']",USP-S,76561199256543526,Printstream,76,76561199256543526,Wybaczam.oficjalnie skins.army
"['Survival Knife', 'USP-S']",USP-S,76561199826895670,Printstream,76,76561199826895670,RME | Пацан
"['Shadow Daggers', 'Glock-18']",Glock-18,76561198002613044,Off World,76,76561198002613044,frees.tyler
"['knife_t', 'Glock-18']",Glock-18,76561198274174345,Umbral Rabbit,76,76561198274174345,zig
"['knife', 'USP-S']",USP-S,76561199433997570,Printstream,76,76561199433997570,Simple Dimple skins.army
"['knife', 'USP-S']",USP-S,76561199557907229,Desert Tactical,76,76561199557907229,shawty#)$@
"['knife_t', 'Glock-18']",Glock-18,76561198049602148,Grinder,76,76561198049602148,Moon
"['knife', 'USP-S']",USP-S,76561199068251294,Alpine Camo,76,76561199068251294,prosto bo$$
"['knife_t', 'Glock-18', 'C4 Explosive']",C4 Explosive,76561198171814417,,76,76561198171814417,Faat
"['Shadow Daggers', 'Glock-18']",Glock-18,76561199052717313,Clear Polymer,76,76561199052717313,Worfy
"['knife', 'USP-S']",USP-S,76561199256543526,Printstream,77,76561199256543526,Wybaczam.oficjalnie skins.army
"['Survival Knife', 'USP-S']",USP-S,76561199826895670,Printstream,77,76561199826895670,RME | Пацан
"['Shadow Daggers', 'Glock-18']",Glock-18,76561198002613044,Off World,77,76561198002613044,frees.tyler
"['knife_t', 'Glock-18']",Glock-18,76561198274174345,Umbral Rabbit,77,76561198274174345,zig
"['knife', 'USP-S']",USP-S,76561199433997570,Printstream,77,76561199433997570,Simple Dimple skins.army
"['knife', 'USP-S']",USP-S,76561199557907229,Desert Tactical,77,76561199557907229,shawty#)$@
"['knife_t', 'Glock-18']",Glock-18,76561198049602148,Grinder,77,76561198049602148,Moon
"['knife', 'USP-S']",USP-S,76561199068251294,Alpine Camo,77,76561199068251294,prosto bo$$
"['knife_t', 'Glock-18', 'C4 Explosive']",C4 Explosive,76561198171814417,,77,76561198171814417,Faat
"['Shadow Daggers', 'Glock-18']",Glock-18,76561199052717313,Clear Polymer,77,76561199052717313,Worfy
"['knife', 'USP-S']",USP-S,76561199256543526,Printstream,78,76561199256543526,Wybaczam.oficjalnie skins.army
"['Survival Knife', 'USP-S']",USP-S,76561199826895670,Printstream,78,76561199826895670,RME | Пацан
"['Shadow Daggers', 'Glock-18']",Glock-18,76561198002613044,Off World,78,76561198002613044,frees.tyler
"['knife_t', 'Glock-18']",Glock-18,76561198274174345,Umbral Rabbit,78,76561198274174345,zig
"['knife', 'USP-S']",USP-S,76561199433997570,Printstream,78,76561199433997570,Simple Dimple skins.army
"['knife', 'USP-S']",USP-S,76561199557907229,Desert Tactical,78,76561199557907229,shawty#)$@
"['knife_t', 'Glock-18']",Glock-18,76561198049602148,Grinder,78,76561198049602148,Moon
"['knife', 'USP-S']",USP-S,76561199068251294,Alpine Camo,78,76561199068251294,prosto bo$$
"['knife_t', 'Glock-18', 'C4 Explosive']",C4 Explosive,76561198171814417,,78,76561198171814417,Faat
"['Shadow Daggers', 'Glock-18']",Glock-18,76561199052717313,Clear Polymer,78,76561199052717313,Worfy
"['knife', 'USP-S']",USP-S,76561199256543526,Printstream,79,76561199256543526,Wybaczam.oficjalnie skins.army
"['Survival Knife', 'USP-S']",USP-S,76561199826895670,Printstream,79,76561199826895670,RME | Пацан
"['Shadow Daggers', 'Glock-18']",Glock-18,76561198002613044,Off World,79,76561198002613044,frees.tyler
"['knife_t', 'Glock-18']",Glock-18,76561198274174345,Umbral Rabbit,79,76561198274174345,zig
"['knife', 'USP-S']",USP-S,76561199433997570,Printstream,79,76561199433997570,Simple Dimple skins.army
"['knife', 'USP-S']",USP-S,76561199557907229,Desert Tactical,79,76561199557907229,shawty#)$@
"['knife_t', 'Glock-18']",Glock-18,76561198049602148,Grinder,79,76561198049602148,Moon
"['knife', 'USP-S']",USP-S,76561199068251294,Alpine Camo,79,76561199068251294,prosto bo$$
"['knife_t', 'Glock-18', 'C4 Explosive']",C4 Explosive,76561198171814417,,79,76561198171814417,Faat
"['Shadow Daggers', 'Glock-18']",Glock-18,76561199052717313,Clear Polymer,79,76561199052717313,Worfy
"['knife', 'USP-S']",USP-S,76561199256543526,Printstream,80,76561199256543526,Wybaczam.oficjalnie skins.army
"['Survival Knife', 'USP-S']",USP-S,76561199826895670,Printstream,80,76561199826895670,RME | Пацан
"['Shadow Daggers', 'Glock-18']",Glock-18,76561198002613044,Off World,80,76561198002613044,frees.tyler
"['knife_t', 'Glock-18']",Glock-18,76561198274174345,Umbral Rabbit,80,76561198274174345,zig
"['knife', 'USP-S']",USP-S,76561199433997570,Printstream,80,76561199433997570,Simple Dimple skins.army
"['knife', 'USP-S']",USP-S,76561199557907229,Desert Tactical,80,76561199557907229,shawty#)$@
"['knife_t', 'Glock-18']",Glock-18,76561198049602148,Grinder,80,76561198049602148,Moon
"['knife', 'USP-S']",USP-S,76561199068251294,Alpine Camo,80,76561199068251294,prosto bo$$
"['knife_t', 'Glock-18', 'C4 Explosive']",C4 Explosive,76561198171814417,,80,76561198171814417,Faat
"['Shadow Daggers', 'Glock-18']",Glock-18,76561199052717313,Clear Polymer,80,76561199052717313,Worfy
"['knife', 'USP-S']",USP-S,76561199256543526,Printstream,81,76561199256543526,Wybaczam.oficjalnie skins.army
"['Survival Knife', 'USP-S']",USP-S,76561199826895670,Printstream,81,76561199826895670,RME | Пацан
"['Shadow Daggers', 'Glock-18']",Glock-18,76561198002613044,Off World,81,76561198002613044,frees.tyler
"['knife_t', 'Glock-18']",Glock-18,76561198274174345,Umbral Rabbit,81,76561198274174345,zig
"['knife', 'USP-S']",USP-S,76561199433997570,Printstream,81,76561199433997570,Simple Dimple skins.army
"['knife', 'USP-S']",USP-S,76561199557907229,Desert Tactical,81,76561199557907229,shawty#)$@
"['knife_t', 'Glock-18']",Glock-18,76561198049602148,Grinder,81,76561198049602148,Moon
"['knife', 'USP-S']",USP-S,76561199068251294,Alpine Camo,81,76561199068251294,prosto bo$$
"['knife_t', 'Glock-18', 'C4 Explosive']",C4 Explosive,76561198171814417,,81,76561198171814417,Faat
"['Shadow Daggers', 'Glock-18']",Glock-18,76561199052717313,Clear Polymer,81,76561199052717313,Worfy
"['knife', 'USP-S']",USP-S,76561199256543526,Printstream,82,76561199256543526,Wybaczam.oficjalnie skins.army
"['Survival Knife', 'USP-S']",USP-S,76561199826895670,Printstream,82,76561199826895670,RME | Пацан
"['Shadow Daggers', 'Glock-18']",Glock-18,76561198002613044,Off World,82,76561198002613044,frees.tyler
"['knife_t', 'Glock-18']",Glock-18,76561198274174345,Umbral Rabbit,82,76561198274174345,zig
"['knife', 'USP-S']",USP-S,76561199433997570,Printstream,82,76561199433997570,Simple Dimple skins.army
"['knife', 'USP-S']",USP-S,76561199557907229,Desert Tactical,82,76561199557907229,shawty#)$@
"['knife_t', 'Glock-18']",Glock-18,76561198049602148,Grinder,82,76561198049602148,Moon
"['knife', 'USP-S']",USP-S,76561199068251294,Alpine Camo,82,76561199068251294,prosto bo$$
"['knife_t', 'Glock-18', 'C4 Explosive']",C4 Explosive,76561198171814417,,82,76561198171814417,Faat
"['Shadow Daggers', 'Glock-18']",Glock-18,76561199052717313,Clear Polymer,82,76561199052717313,Worfy
"['knife', 'USP-S']",USP-S,76561199256543526,Printstream,83,76561199256543526,Wybaczam.oficjalnie skins.army
"['Survival Knife', 'USP-S']",USP-S,76561199826895670,Printstream,83,76561199826895670,RME | Пацан
"['Shadow Daggers', 'Glock-18']",Glock-18,76561198002613044,Off World,83,76561198002613044,frees.tyler
"['knife_t', 'Glock-18']",Glock-18,76561198274174345,Umbral Rabbit,83,76561198274174345,zig
"['knife', 'USP-S']",USP-S,76561199433997570,Printstream,83,76561199433997570,Simple Dimple skins.army
"['knife', 'USP-S']",USP-S,76561199557907229,Desert Tactical,83,76561199557907229,shawty#)$@
"['knife_t', 'Glock-18']",Glock-18,76561198049602148,Grinder,83,76561198049602148,Moon
"['knife', 'USP-S']",USP-S,76561199068251294,Alpine Camo,83,76561199068251294,prosto bo$$
"['knife_t', 'Glock-18', 'C4 Explosive']",C4 Explosive,76561198171814417,,83,76561198171814417,Faat
"['Shadow Daggers', 'Glock-18']",Glock-18,76561199052717313,Clear Polymer,83,76561199052717313,Worfy
"['knife', 'USP-S']",USP-S,76561199256543526,Printstream,84,76561199256543526,Wybaczam.oficjalnie skins.army
"['Survival Knife', 'USP-S']",USP-S,76561199826895670,Printstream,84,76561199826895670,RME | Пацан
"['Shadow Daggers', 'Glock-18']",Glock-18,76561198002613044,Off World,84,76561198002613044,frees.tyler
"['knife_t', 'Glock-18']",Glock-18,76561198274174345,Umbral Rabbit,84,76561198274174345,zig
"['knife', 'USP-S']",USP-S,76561199433997570,Printstream,84,76561199433997570,Simple Dimple skins.army
"['knife', 'USP-S']",USP-S,76561199557907229,Desert Tactical,84,76561199557907229,shawty#)$@
"['knife_t', 'Glock-18']",Glock-18,76561198049602148,Grinder,84,76561198049602148,Moon
"['knife', 'USP-S']",USP-S,76561199068251294,Alpine Camo,84,76561199068251294,prosto bo$$
"['knife_t', 'Glock-18', 'C4 Explosive']",C4 Explosive,76561198171814417,,84,76561198171814417,Faat
"['Shadow Daggers', 'Glock-18']",Glock-18,76561199052717313,Clear Polymer,84,76561199052717313,Worfy
"['knife', 'USP-S']",USP-S,76561199256543526,Printstream,85,76561199256543526,Wybaczam.oficjalnie skins.army
"['Survival Knife', 'USP-S']",USP-S,76561199826895670,Printstream,85,76561199826895670,RME | Пацан
"['Shadow Daggers', 'Glock-18']",Glock-18,76561198002613044,Off World,85,76561198002613044,frees.tyler
"['knife_t', 'Glock-18']",Glock-18,76561198274174345,Umbral Rabbit,85,76561198274174345,zig
"['knife', 'USP-S']",USP-S,76561199433997570,Printstream,85,76561199433997570,Simple Dimple skins.army
"['knife', 'USP-S']",USP-S,76561199557907229,Desert Tactical,85,76561199557907229,shawty#)$@
"['knife_t', 'Glock-18']",Glock-18,76561198049602148,Grinder,85,76561198049602148,Moon
"['knife', 'USP-S']",USP-S,76561199068251294,Alpine Camo,85,76561199068251294,prosto bo$$
"['knife_t', 'Glock-18', 'C4 Explosive']",C4 Explosive,76561198171814417,,85,76561198171814417,Faat
"['Shadow Daggers', 'Glock-18']",Glock-18,76561199052717313,Clear Polymer,85,76561199052717313,Worfy
"['knife', 'USP-S']",USP-S,76561199256543526,Printstream,86,76561199256543526,Wybaczam.oficjalnie skins.army
"['Survival Knife', 'USP-S']",USP-S,76561199826895670,Printstream,86,76561199826895670,RME | Пацан
"['Shadow Daggers', 'Glock-18']",Glock-18,76561198002613044,Off World,86,76561198002613044,frees.tyler
"['knife_t', 'Glock-18']",Glock-18,76561198274174345,Umbral Rabbit,86,76561198274174345,zig
"['knife', 'USP-S']",USP-S,76561199433997570,Printstream,86,76561199433997570,Simple Dimple skins.army
"['knife', 'USP-S']",USP-S,76561199557907229,Desert Tactical,86,76561199557907229,shawty#)$@
"['knife_t', 'Glock-18']",Glock-18,76561198049602148,Grinder,86,76561198049602148,Moon
"['knife', 'USP-S']",USP-S,76561199068251294,Alpine Camo,86,76561199068251294,prosto bo$$
"['knife_t', 'Glock-18', 'C4 Explosive']",C4 Explosive,76561198171814417,,86,76561198171814417,Faat
"['Shadow Daggers', 'Glock-18']",Glock-18,76561199052717313,Clear Polymer,86,76561199052717313,Worfy
"['knife', 'USP-S']",USP-S,76561199256543526,Printstream,87,76561199256543526,Wybaczam.oficjalnie skins.army
"['Survival Knife', 'USP-S']",USP-S,76561199826895670,Printstream,87,76561199826895670,RME | Пацан
"['Shadow Daggers', 'Glock-18']",Glock-18,76561198002613044,Off World,87,76561198002613044,frees.tyler
"['knife_t', 'Glock-18']",Glock-18,76561198274174345,Umbral Rabbit,87,76561198274174345,zig
"['knife', 'USP-S']",USP-S,76561199433997570,Printstream,87,76561199433997570,Simple Dimple skins.army
"['knife', 'USP-S']",USP-S,76561199557907229,Desert Tactical,87,76561199557907229,shawty#)$@
"['knife_t', 'Glock-18']",Glock-18,76561198049602148,Grinder,87,76561198049602148,Moon
"['knife', 'USP-S']",USP-S,76561199068251294,Alpine Camo,87,76561199068251294,prosto bo$$
"['knife_t', 'Glock-18', 'C4 Explosive']",C4 Explosive,76561198171814417,,87,76561198171814417,Faat
"['Shadow Daggers', 'Glock-18']",Glock-18,76561199052717313,Clear Polymer,87,76561199052717313,Worfy
"['knife', 'USP-S']",USP-S,76561199256543526,Printstream,88,76561199256543526,Wybaczam.oficjalnie skins.army
"['Survival Knife', 'USP-S']",USP-S,76561199826895670,Printstream,88,76561199826895670,RME | Пацан
"['Shadow Daggers', 'Glock-18']",Glock-18,76561198002613044,Off World,88,76561198002613044,frees.tyler
"['knife_t', 'Glock-18']",Glock-18,76561198274174345,Umbral Rabbit,88,76561198274174345,zig
"['knife', 'USP-S']",USP-S,76561199433997570,Printstream,88,76561199433997570,Simple Dimple skins.army
"['knife', 'USP-S']",USP-S,76561199557907229,Desert Tactical,88,76561199557907229,shawty#)$@
"['knife_t', 'Glock-18']",Glock-18,76561198049602148,Grinder,88,76561198049602148,Moon
"['knife', 'USP-S']",USP-S,76561199068251294,Alpine Camo,88,76561199068251294,prosto bo$$
"['knife_t', 'Glock-18', 'C4 Explosive']",C4 Explosive,76561198171814417,,88,76561198171814417,Faat
"['Shadow Daggers', 'Glock-18']",Glock-18,76561199052717313,Clear Polymer,88,76561199052717313,Worfy
"['knife', 'USP-S']",USP-S,76561199256543526,Printstream,89,76561199256543526,Wybaczam.oficjalnie skins.army
"['Survival Knife', 'USP-S']",USP-S,76561199826895670,Printstream,89,76561199826895670,RME | Пацан
"['Shadow Daggers', 'Glock-18']",Glock-18,76561198002613044,Off World,89,76561198002613044,frees.tyler
"['knife_t', 'Glock-18']",Glock-18,76561198274174345,Umbral Rabbit,89,76561198274174345,zig
"['knife', 'USP-S']",USP-S,76561199433997570,Printstream,89,76561199433997570,Simple Dimple skins.army
"['knife', 'USP-S']",USP-S,76561199557907229,Desert Tactical,89,76561199557907229,shawty#)$@
"['knife_t', 'Glock-18']",Glock-18,76561198049602148,Grinder,89,76561198049602148,Moon
"['knife', 'USP-S']",USP-S,76561199068251294,Alpine Camo,89,76561199068251294,prosto bo$$
"['knife_t', 'Glock-18', 'C4 Explosive']",C4 Explosive,76561198171814417,,89,76561198171814417,Faat
"['Shadow Daggers', 'Glock-18']",Glock-18,76561199052717313,Clear Polymer,89,76561199052717313,Worfy
"['knife', 'USP-S']",USP-S,76561199256543526,Printstream,90,76561199256543526,Wybaczam.oficjalnie skins.army
"['Survival Knife', 'USP-S']",USP-S,76561199826895670,Printstream,90,76561199826895670,RME | Пацан
"['Shadow Daggers', 'Glock-18']",Glock-18,76561198002613044,Off World,90,76561198002613044,frees.tyler
"['knife_t', 'Glock-18']",Glock-18,76561198274174345,Umbral Rabbit,90,76561198274174345,zig
"['knife', 'USP-S']",USP-S,76561199433997570,Printstream,90,76561199433997570,Simple Dimple skins.army
"['knife', 'USP-S']",USP-S,76561199557907229,Desert Tactical,90,76561199557907229,shawty#)$@
"['knife_t', 'Glock-18']",Glock-18,76561198049602148,Grinder,90,76561198049602148,Moon
"['knife', 'USP-S']",USP-S,76561199068251294,Alpine Camo,90,76561199068251294,prosto bo$$
"['knife_t', 'Glock-18', 'C4 Explosive']",C4 Explosive,76561198171814417,,90,76561198171814417,Faat
"['Shadow Daggers', 'Glock-18']",Glock-18,76561199052717313,Clear Polymer,90,76561199052717313,Worfy
"['knife', 'USP-S']",USP-S,76561199256543526,Printstream,91,76561199256543526,Wybaczam.oficjalnie skins.army
"['Survival Knife', 'USP-S']",USP-S,76561199826895670,Printstream,91,76561199826895670,RME | Пацан
"['Shadow Daggers', 'Glock-18']",Glock-18,76561198002613044,Off World,91,76561198002613044,frees.tyler
"['knife_t', 'Glock-18']",Glock-18,76561198274174345,Umbral Rabbit,91,76561198274174345,zig
"['knife', 'USP-S']",USP-S,76561199433997570,Printstream,91,76561199433997570,Simple Dimple skins.army
"['knife', 'USP-S']",USP-S,76561199557907229,Desert Tactical,91,76561199557907229,shawty#)$@
"['knife_t', 'Glock-18']",Glock-18,76561198049602148,Grinder,91,76561198049602148,Moon
"['knife', 'USP-S']",USP-S,76561199068251294,Alpine Camo,91,76561199068251294,prosto bo$$
"['knife_t', 'Glock-18', 'C4 Explosive']",C4 Explosive,76561198171814417,,91,76561198171814417,Faat
"['Shadow Daggers', 'Glock-18']",Glock-18,76561199052717313,Clear Polymer,91,76561199052717313,Worfy
"['knife', 'USP-S']",USP-S,76561199256543526,Printstream,92,76561199256543526,Wybaczam.oficjalnie skins.army
"['Survival Knife', 'USP-S']",USP-S,76561199826895670,Printstream,92,76561199826895670,RME | Пацан
"['Shadow Daggers', 'Glock-18']",Glock-18,76561198002613044,Off World,92,76561198002613044,frees.tyler
"['knife_t', 'Glock-18']",Glock-18,76561198274174345,Umbral Rabbit,92,76561198274174345,zig
"['knife', 'USP-S']",USP-S,76561199433997570,Printstream,92,76561199433997570,Simple Dimple skins.army
"['knife', 'USP-S']",USP-S,76561199557907229,Desert Tactical,92,76561199557907229,shawty#)$@
"['knife_t', 'Glock-18']",Glock-18,76561198049602148,Grinder,92,76561198049602148,Moon
"['knife', 'USP-S']",USP-S,76561199068251294,Alpine Camo,92,76561199068251294,prosto bo$$
"['knife_t', 'Glock-18', 'C4 Explosive']",C4 Explosive,76561198171814417,,92,76561198171814417,Faat
"['Shadow Daggers', 'Glock-18']",Glock-18,76561199052717313,Clear Polymer,92,76561199052717313,Worfy
"['knife', 'USP-S']",USP-S,76561199256543526,Printstream,93,76561199256543526,Wybaczam.oficjalnie skins.army
"['Survival Knife', 'USP-S']",USP-S,76561199826895670,Printstream,93,76561199826895670,RME | Пацан
"['Shadow Daggers', 'Glock-18']",Glock-18,76561198002613044,Off World,93,76561198002613044,frees.tyler
"['knife_t', 'Glock-18']",Glock-18,76561198274174345,Umbral Rabbit,93,76561198274174345,zig
"['knife', 'USP-S']",USP-S,76561199433997570,Printstream,93,76561199433997570,Simple Dimple skins.army
"['knife', 'USP-S']",USP-S,76561199557907229,Desert Tactical,93,76561199557907229,shawty#)$@
"['knife_t', 'Glock-18']",Glock-18,76561198049602148,Grinder,93,76561198049602148,Moon
"['knife', 'USP-S']",USP-S,76561199068251294,Alpine Camo,93,76561199068251294,prosto bo$$
"['knife_t', 'Glock-18', 'C4 Explosive']",C4 Explosive,76561198171814417,,93,76561198171814417,Faat
"['Shadow Daggers', 'Glock-18']",Glock-18,76561199052717313,Clear Polymer,93,76561199052717313,Worfy
"['knife', 'USP-S']",USP-S,76561199256543526,Printstream,94,76561199256543526,Wybaczam.oficjalnie skins.army
"['Survival Knife', 'USP-S']",USP-S,76561199826895670,Printstream,94,76561199826895670,RME | Пацан
"['Shadow Daggers', 'Glock-18']",Glock-18,76561198002613044,Off World,94,76561198002613044,frees.tyler
"['knife_t', 'Glock-18']",Glock-18,76561198274174345,Umbral Rabbit,94,76561198274174345,zig
"['knife', 'USP-S']",USP-S,76561199433997570,Printstream,94,76561199433997570,Simple Dimple skins.army
"['knife', 'USP-S']",USP-S,76561199557907229,Desert Tactical,94,76561199557907229,shawty#)$@
"['knife_t', 'Glock-18']",Glock-18,76561198049602148,Grinder,94,76561198049602148,Moon
"['knife', 'USP-S']",USP-S,76561199068251294,Alpine Camo,94,76561199068251294,prosto bo$$
"['knife_t', 'Glock-18', 'C4 Explosive']",C4 Explosive,76561198171814417,,94,76561198171814417,Faat
"['Shadow Daggers', 'Glock-18']",Glock-18,76561199052717313,Clear Polymer,94,76561199052717313,Worfy
"['knife', 'USP-S']",USP-S,76561199256543526,Printstream,95,76561199256543526,Wybaczam.oficjalnie skins.army
"['Survival Knife', 'USP-S']",USP-S,76561199826895670,Printstream,95,76561199826895670,RME | Пацан
"['Shadow Daggers', 'Glock-18']",Glock-18,76561198002613044,Off World,95,76561198002613044,frees.tyler
"['knife_t', 'Glock-18']",Glock-18,76561198274174345,Umbral Rabbit,95,76561198274174345,zig
"['knife', 'USP-S']",USP-S,76561199433997570,Printstream,95,76561199433997570,Simple Dimple skins.army
"['knife', 'USP-S']",USP-S,76561199557907229,Desert Tactical,95,76561199557907229,shawty#)$@
"['knife_t', 'Glock-18']",Glock-18,76561198049602148,Grinder,95,76561198049602148,Moon
"['knife', 'USP-S']",USP-S,76561199068251294,Alpine Camo,95,76561199068251294,prosto bo$$
"['knife_t', 'Glock-18', 'C4 Explosive']",C4 Explosive,76561198171814417,,95,76561198171814417,Faat
"['Shadow Daggers', 'Glock-18']",Glock-18,76561199052717313,Clear Polymer,95,76561199052717313,Worfy
"['knife', 'USP-S']",USP-S,76561199256543526,Printstream,96,76561199256543526,Wybaczam.oficjalnie skins.army
"['Survival Knife', 'USP-S']",USP-S,76561199826895670,Printstream,96,76561199826895670,RME | Пацан
"['Shadow Daggers', 'Glock-18']",Glock-18,76561198002613044,Off World,96,76561198002613044,frees.tyler
"['knife_t', 'Glock-18']",Glock-18,76561198274174345,Umbral Rabbit,96,76561198274174345,zig
"['knife', 'USP-S']",USP-S,76561199433997570,Printstream,96,76561199433997570,Simple Dimple skins.army
"['knife', 'USP-S']",USP-S,76561199557907229,Desert Tactical,96,76561199557907229,shawty#)$@
"['knife_t', 'Glock-18']",Glock-18,76561198049602148,Grinder,96,76561198049602148,Moon
"['knife', 'USP-S']",USP-S,76561199068251294,Alpine Camo,96,76561199068251294,prosto bo$$
"['knife_t', 'Glock-18', 'C4 Explosive']",C4 Explosive,76561198171814417,,96,76561198171814417,Faat
"['Shadow Daggers', 'Glock-18']",Glock-18,76561199052717313,Clear Polymer,96,76561199052717313,Worfy
"['knife', 'USP-S']",USP-S,76561199256543526,Printstream,97,76561199256543526,Wybaczam.oficjalnie skins.army
"['Survival Knife', 'USP-S']",USP-S,76561199826895670,Printstream,97,76561199826895670,RME | Пацан
"['Shadow Daggers', 'Glock-18']",Glock-18,76561198002613044,Off World,97,76561198002613044,frees.tyler
"['knife_t', 'Glock-18']",Glock-18,76561198274174345,Umbral Rabbit,97,76561198274174345,zig
"['knife', 'USP-S']",USP-S,76561199433997570,Printstream,97,76561199433997570,Simple Dimple skins.army
"['knife', 'USP-S']",USP-S,76561199557907229,Desert Tactical,97,76561199557907229,shawty#)$@
"['knife_t', 'Glock-18']",Glock-18,76561198049602148,Grinder,97,76561198049602148,Moon
"['knife', 'USP-S']",USP-S,76561199068251294,Alpine Camo,97,76561199068251294,prosto bo$$
"['knife_t', 'Glock-18', 'C4 Explosive']",C4 Explosive,76561198171814417,,97,76561198171814417,Faat
"['Shadow Daggers', 'Glock-18']",Glock-18,76561199052717313,Clear Polymer,97,76561199052717313,Worfy
"['knife', 'USP-S']",USP-S,76561199256543526,Printstream,98,76561199256543526,Wybaczam.oficjalnie skins.army
"['Survival Knife', 'USP-S']",USP-S,76561199826895670,Printstream,98,76561199826895670,RME | Пацан
"['Shadow Daggers', 'Glock-18']",Glock-18,76561198002613044,Off World,98,76561198002613044,frees.tyler
"['knife_t', 'Glock-18']",Glock-18,76561198274174345,Umbral Rabbit,98,76561198274174345,zig
"['knife', 'USP-S']",USP-S,76561199433997570,Printstream,98,76561199433997570,Simple Dimple skins.army
"['knife', 'USP-S']",USP-S,76561199557907229,Desert Tactical,98,76561199557907229,shawty#)$@
"['knife_t', 'Glock-18']",Glock-18,76561198049602148,Grinder,98,76561198049602148,Moon
"['knife', 'USP-S']",USP-S,76561199068251294,Alpine Camo,98,76561199068251294,prosto bo$$
"['knife_t', 'Glock-18', 'C4 Explosive']",C4 Explosive,76561198171814417,,98,76561198171814417,Faat
"['Shadow Daggers', 'Glock-18']",Glock-18,76561199052717313,Clear Polymer,98,76561199052717313,Worfy
"['knife', 'USP-S']",USP-S,76561199256543526,Printstream,99,76561199256543526,Wybaczam.oficjalnie skins.army
"['Survival Knife', 'USP-S']",USP-S,76561199826895670,Printstream,99,76561199826895670,RME | Пацан
"['Shadow Daggers', 'Glock-18']",Glock-18,76561198002613044,Off World,99,76561198002613044,frees.tyler
"['knife_t', 'Glock-18']",Glock-18,76561198274174345,Umbral Rabbit,99,76561198274174345,zig
"['knife', 'USP-S']",USP-S,76561199433997570,Printstream,99,76561199433997570,Simple Dimple skins.army
"['knife', 'USP-S']",USP-S,76561199557907229,Desert Tactical,99,76561199557907229,shawty#)$@
"['knife_t', 'Glock-18']",Glock-18,76561198049602148,Grinder,99,76561198049602148,Moon
"['knife', 'USP-S']",USP-S,76561199068251294,Alpine Camo,99,76561199068251294,prosto bo$$
"['knife_t', 'Glock-18', 'C4 Explosive']",C4 Explosive,76561198171814417,,99,76561198171814417,Faat
"['Shadow Daggers', 'Glock-18']",Glock-18,76561199052717313,Clear Polymer,99,76561199052717313,Worfy
"['knife', 'USP-S']",USP-S,76561199256543526,Printstream,100,76561199256543526,Wybaczam.oficjalnie skins.army
"['Survival Knife', 'USP-S']",USP-S,76561199826895670,Printstream,100,76561199826895670,RME | Пацан
"['Shadow Daggers', 'Glock-18']",Glock-18,76561198002613044,Off World,100,76561198002613044,frees.tyler
"['knife_t', 'Glock-18']",Glock-18,76561198274174345,Umbral Rabbit,100,76561198274174345,zig
"['knife', 'USP-S']",USP-S,76561199433997570,Printstream,100,76561199433997570,Simple Dimple skins.army
"['knife', 'USP-S']",USP-S,76561199557907229,Desert Tactical,100,76561199557907229,shawty#)$@
"['knife_t', 'Glock-18']",Glock-18,76561198049602148,Grinder,100,76561198049602148,Moon
"['knife', 'USP-S']",USP-S,76561199068251294,Alpine Camo,100,76561199068251294,prosto bo$$
"['knife_t', 'Glock-18', 'C4 Explosive']",C4 Explosive,76561198171814417,,100,76561198171814417,Faat
"['Shadow Daggers', 'Glock-18']",Glock-18,76561199052717313,Clear Polymer,100,76561199052717313,Worfy
"['knife', 'USP-S']",USP-S,76561199256543526,Printstream,101,76561199256543526,Wybaczam.oficjalnie skins.army
"['Survival Knife', 'USP-S']",USP-S,76561199826895670,Printstream,101,76561199826895670,RME | Пацан
"['Shadow Daggers', 'Glock-18']",Glock-18,76561198002613044,Off World,101,76561198002613044,frees.tyler
"['knife_t', 'Glock-18']",Glock-18,76561198274174345,Umbral Rabbit,101,76561198274174345,zig
"['knife', 'USP-S']",USP-S,76561199433997570,Printstream,101,76561199433997570,Simple Dimple skins.army
"['knife', 'USP-S']",USP-S,76561199557907229,Desert Tactical,101,76561199557907229,shawty#)$@
"['knife_t', 'Glock-18']",Glock-18,76561198049602148,Grinder,101,76561198049602148,Moon
"['knife', 'USP-S']",USP-S,76561199068251294,Alpine Camo,101,76561199068251294,prosto bo$$
"['knife_t', 'Glock-18', 'C4 Explosive']",C4 Explosive,76561198171814417,,101,76561198171814417,Faat
"['Shadow Daggers', 'Glock-18']",Glock-18,76561199052717313,Clear Polymer,101,76561199052717313,Worfy
