buttons,is_walking,is_scoped,is_defusing,is_grabbing_hostage,tick,steamid,name
0.0,False,False,False,False,144803,76561199256543526,Wybaczam.oficjalnie skins.army
0.0,False,False,False,False,144803,76561199826895670,RME | Пацан
8589934600.0,False,False,False,False,144803,76561198002613044,frees.tyler
0.0,False,False,False,False,144803,76561198274174345,zig
0.0,False,False,False,False,144803,76561199433997570,Simple Dimple skins.army
,,,,,144803,76561199557907229,shawty#)$@
0.0,False,False,False,False,144803,76561198049602148,Moon
0.0,False,True,False,False,144803,76561199068251294,prosto bo$$
0.0,False,False,False,False,144803,76561198171814417,Faat
0.0,False,False,False,False,144803,76561199052717313,Worfy
0.0,False,False,False,False,144804,76561199256543526,Wybaczam.oficjalnie skins.army
0.0,False,False,False,False,144804,76561199826895670,RME | Пацан
8589934600.0,False,False,False,False,144804,76561198002613044,frees.tyler
0.0,False,False,False,False,144804,76561198274174345,zig
0.0,False,False,False,False,144804,76561199433997570,Simple Dimple skins.army
,,,,,144804,76561199557907229,shawty#)$@
0.0,False,False,False,False,144804,76561198049602148,Moon
0.0,False,True,False,False,144804,76561199068251294,prosto bo$$
0.0,False,False,False,False,144804,76561198171814417,Faat
0.0,False,False,False,False,144804,76561199052717313,Worfy
0.0,False,False,False,False,144805,76561199256543526,Wybaczam.oficjalnie skins.army
0.0,False,False,False,False,144805,76561199826895670,RME | Пацан
8589934600.0,False,False,False,False,144805,76561198002613044,frees.tyler
0.0,False,False,False,False,144805,76561198274174345,zig
0.0,False,False,False,False,144805,76561199433997570,Simple Dimple skins.army
,,,,,144805,76561199557907229,shawty#)$@
0.0,False,False,False,False,144805,76561198049602148,Moon
0.0,False,True,False,False,144805,76561199068251294,prosto bo$$
0.0,False,False,False,False,144805,76561198171814417,Faat
0.0,False,False,False,False,144805,76561199052717313,Worfy
0.0,False,False,False,False,144806,76561199256543526,Wybaczam.oficjalnie skins.army
0.0,False,False,False,False,144806,76561199826895670,RME | Пацан
8589934600.0,False,False,False,False,144806,76561198002613044,frees.tyler
0.0,False,False,False,False,144806,76561198274174345,zig
0.0,False,False,False,False,144806,76561199433997570,Simple Dimple skins.army
,,,,,144806,76561199557907229,shawty#)$@
0.0,False,False,False,False,144806,76561198049602148,Moon
0.0,False,True,False,False,144806,76561199068251294,prosto bo$$
0.0,False,False,False,False,144806,76561198171814417,Faat
0.0,False,False,False,False,144806,76561199052717313,Worfy
0.0,False,False,False,False,144807,76561199256543526,Wybaczam.oficjalnie skins.army
0.0,False,False,False,False,144807,76561199826895670,RME | Пацан
8589934600.0,False,False,False,False,144807,76561198002613044,frees.tyler
0.0,False,False,False,False,144807,76561198274174345,zig
0.0,False,False,False,False,144807,76561199433997570,Simple Dimple skins.army
,,,,,144807,76561199557907229,shawty#)$@
0.0,False,False,False,False,144807,76561198049602148,Moon
0.0,False,True,False,False,144807,76561199068251294,prosto bo$$
0.0,False,False,False,False,144807,76561198171814417,Faat
0.0,False,False,False,False,144807,76561199052717313,Worfy
0.0,False,False,False,False,144808,76561199256543526,Wybaczam.oficjalnie skins.army
0.0,False,False,False,False,144808,76561199826895670,RME | Пацан
8589934600.0,False,False,False,False,144808,76561198002613044,frees.tyler
0.0,False,False,False,False,144808,76561198274174345,zig
0.0,False,False,False,False,144808,76561199433997570,Simple Dimple skins.army
,,,,,144808,76561199557907229,shawty#)$@
0.0,False,False,False,False,144808,76561198049602148,Moon
0.0,False,True,False,False,144808,76561199068251294,prosto bo$$
0.0,False,False,False,False,144808,76561198171814417,Faat
0.0,False,False,False,False,144808,76561199052717313,Worfy
0.0,False,False,False,False,144809,76561199256543526,Wybaczam.oficjalnie skins.army
0.0,False,False,False,False,144809,76561199826895670,RME | Пацан
8589934600.0,False,False,False,False,144809,76561198002613044,frees.tyler
0.0,False,False,False,False,144809,76561198274174345,zig
0.0,False,False,False,False,144809,76561199433997570,Simple Dimple skins.army
,,,,,144809,76561199557907229,shawty#)$@
0.0,False,False,False,False,144809,76561198049602148,Moon
0.0,False,True,False,False,144809,76561199068251294,prosto bo$$
0.0,False,False,False,False,144809,76561198171814417,Faat
0.0,False,False,False,False,144809,76561199052717313,Worfy
0.0,False,False,False,False,144810,76561199256543526,Wybaczam.oficjalnie skins.army
0.0,False,False,False,False,144810,76561199826895670,RME | Пацан
8589934600.0,False,False,False,False,144810,76561198002613044,frees.tyler
0.0,False,False,False,False,144810,76561198274174345,zig
0.0,False,False,False,False,144810,76561199433997570,Simple Dimple skins.army
,,,,,144810,76561199557907229,shawty#)$@
0.0,False,False,False,False,144810,76561198049602148,Moon
0.0,False,True,False,False,144810,76561199068251294,prosto bo$$
0.0,False,False,False,False,144810,76561198171814417,Faat
0.0,False,False,False,False,144810,76561199052717313,Worfy
0.0,False,False,False,False,144811,76561199256543526,Wybaczam.oficjalnie skins.army
0.0,False,False,False,False,144811,76561199826895670,RME | Пацан
8589934600.0,False,False,False,False,144811,76561198002613044,frees.tyler
0.0,False,False,False,False,144811,76561198274174345,zig
0.0,False,False,False,False,144811,76561199433997570,Simple Dimple skins.army
,,,,,144811,76561199557907229,shawty#)$@
0.0,False,False,False,False,144811,76561198049602148,Moon
0.0,False,True,False,False,144811,76561199068251294,prosto bo$$
0.0,False,False,False,False,144811,76561198171814417,Faat
0.0,False,False,False,False,144811,76561199052717313,Worfy
0.0,False,False,False,False,144812,76561199256543526,Wybaczam.oficjalnie skins.army
0.0,False,False,False,False,144812,76561199826895670,RME | Пацан
8589934600.0,False,False,False,False,144812,76561198002613044,frees.tyler
0.0,False,False,False,False,144812,76561198274174345,zig
0.0,False,False,False,False,144812,76561199433997570,Simple Dimple skins.army
,,,,,144812,76561199557907229,shawty#)$@
0.0,False,False,False,False,144812,76561198049602148,Moon
0.0,False,True,False,False,144812,76561199068251294,prosto bo$$
0.0,False,False,False,False,144812,76561198171814417,Faat
0.0,False,False,False,False,144812,76561199052717313,Worfy
0.0,False,False,False,False,144813,76561199256543526,Wybaczam.oficjalnie skins.army
0.0,False,False,False,False,144813,76561199826895670,RME | Пацан
8589934600.0,False,False,False,False,144813,76561198002613044,frees.tyler
0.0,False,False,False,False,144813,76561198274174345,zig
0.0,False,False,False,False,144813,76561199433997570,Simple Dimple skins.army
,,,,,144813,76561199557907229,shawty#)$@
0.0,False,False,False,False,144813,76561198049602148,Moon
0.0,False,True,False,False,144813,76561199068251294,prosto bo$$
0.0,False,False,False,False,144813,76561198171814417,Faat
0.0,False,False,False,False,144813,76561199052717313,Worfy
0.0,False,False,False,False,144814,76561199256543526,Wybaczam.oficjalnie skins.army
0.0,False,False,False,False,144814,76561199826895670,RME | Пацан
8589934600.0,False,False,False,False,144814,76561198002613044,frees.tyler
0.0,False,False,False,False,144814,76561198274174345,zig
0.0,False,False,False,False,144814,76561199433997570,Simple Dimple skins.army
,,,,,144814,76561199557907229,shawty#)$@
0.0,False,False,False,False,144814,76561198049602148,Moon
0.0,False,True,False,False,144814,76561199068251294,prosto bo$$
0.0,False,False,False,False,144814,76561198171814417,Faat
0.0,False,False,False,False,144814,76561199052717313,Worfy
0.0,False,False,False,False,144815,76561199256543526,Wybaczam.oficjalnie skins.army
0.0,False,False,False,False,144815,76561199826895670,RME | Пацан
8589934600.0,False,False,False,False,144815,76561198002613044,frees.tyler
0.0,False,False,False,False,144815,76561198274174345,zig
0.0,False,False,False,False,144815,76561199433997570,Simple Dimple skins.army
,,,,,144815,76561199557907229,shawty#)$@
0.0,False,False,False,False,144815,76561198049602148,Moon
0.0,False,True,False,False,144815,76561199068251294,prosto bo$$
0.0,False,False,False,False,144815,76561198171814417,Faat
0.0,False,False,False,False,144815,76561199052717313,Worfy
0.0,False,False,False,False,144816,76561199256543526,Wybaczam.oficjalnie skins.army
0.0,False,False,False,False,144816,76561199826895670,RME | Пацан
8589934600.0,False,False,False,False,144816,76561198002613044,frees.tyler
0.0,False,False,False,False,144816,76561198274174345,zig
0.0,False,False,False,False,144816,76561199433997570,Simple Dimple skins.army
,,,,,144816,76561199557907229,shawty#)$@
0.0,False,False,False,False,144816,76561198049602148,Moon
0.0,False,True,False,False,144816,76561199068251294,prosto bo$$
0.0,False,False,False,False,144816,76561198171814417,Faat
0.0,False,False,False,False,144816,76561199052717313,Worfy
0.0,False,False,False,False,144817,76561199256543526,Wybaczam.oficjalnie skins.army
0.0,False,False,False,False,144817,76561199826895670,RME | Пацан
8589934600.0,False,False,False,False,144817,76561198002613044,frees.tyler
0.0,False,False,False,False,144817,76561198274174345,zig
0.0,False,False,False,False,144817,76561199433997570,Simple Dimple skins.army
,,,,,144817,76561199557907229,shawty#)$@
0.0,False,False,False,False,144817,76561198049602148,Moon
0.0,False,True,False,False,144817,76561199068251294,prosto bo$$
0.0,False,False,False,False,144817,76561198171814417,Faat
0.0,False,False,False,False,144817,76561199052717313,Worfy
0.0,False,False,False,False,144818,76561199256543526,Wybaczam.oficjalnie skins.army
0.0,False,False,False,False,144818,76561199826895670,RME | Пацан
8589934600.0,False,False,False,False,144818,76561198002613044,frees.tyler
0.0,False,False,False,False,144818,76561198274174345,zig
0.0,False,False,False,False,144818,76561199433997570,Simple Dimple skins.army
,,,,,144818,76561199557907229,shawty#)$@
0.0,False,False,False,False,144818,76561198049602148,Moon
0.0,False,True,False,False,144818,76561199068251294,prosto bo$$
0.0,False,False,False,False,144818,76561198171814417,Faat
0.0,False,False,False,False,144818,76561199052717313,Worfy
0.0,False,False,False,False,144819,76561199256543526,Wybaczam.oficjalnie skins.army
0.0,False,False,False,False,144819,76561199826895670,RME | Пацан
8589934600.0,False,False,False,False,144819,76561198002613044,frees.tyler
0.0,False,False,False,False,144819,76561198274174345,zig
0.0,False,False,False,False,144819,76561199433997570,Simple Dimple skins.army
,,,,,144819,76561199557907229,shawty#)$@
0.0,False,False,False,False,144819,76561198049602148,Moon
0.0,False,True,False,False,144819,76561199068251294,prosto bo$$
0.0,False,False,False,False,144819,76561198171814417,Faat
0.0,False,False,False,False,144819,76561199052717313,Worfy
0.0,False,False,False,False,144820,76561199256543526,Wybaczam.oficjalnie skins.army
0.0,False,False,False,False,144820,76561199826895670,RME | Пацан
8589934600.0,False,False,False,False,144820,76561198002613044,frees.tyler
0.0,False,False,False,False,144820,76561198274174345,zig
0.0,False,False,False,False,144820,76561199433997570,Simple Dimple skins.army
,,,,,144820,76561199557907229,shawty#)$@
0.0,False,False,False,False,144820,76561198049602148,Moon
0.0,False,True,False,False,144820,76561199068251294,prosto bo$$
0.0,False,False,False,False,144820,76561198171814417,Faat
0.0,False,False,False,False,144820,76561199052717313,Worfy
0.0,False,False,False,False,144821,76561199256543526,Wybaczam.oficjalnie skins.army
0.0,False,False,False,False,144821,76561199826895670,RME | Пацан
8589934600.0,False,False,False,False,144821,76561198002613044,frees.tyler
0.0,False,False,False,False,144821,76561198274174345,zig
0.0,False,False,False,False,144821,76561199433997570,Simple Dimple skins.army
,,,,,144821,76561199557907229,shawty#)$@
0.0,False,False,False,False,144821,76561198049602148,Moon
0.0,False,True,False,False,144821,76561199068251294,prosto bo$$
0.0,False,False,False,False,144821,76561198171814417,Faat
0.0,False,False,False,False,144821,76561199052717313,Worfy
0.0,False,False,False,False,144822,76561199256543526,Wybaczam.oficjalnie skins.army
0.0,False,False,False,False,144822,76561199826895670,RME | Пацан
8589934600.0,False,False,False,False,144822,76561198002613044,frees.tyler
0.0,False,False,False,False,144822,76561198274174345,zig
0.0,False,False,False,False,144822,76561199433997570,Simple Dimple skins.army
,,,,,144822,76561199557907229,shawty#)$@
0.0,False,False,False,False,144822,76561198049602148,Moon
0.0,False,True,False,False,144822,76561199068251294,prosto bo$$
0.0,False,False,False,False,144822,76561198171814417,Faat
0.0,False,False,False,False,144822,76561199052717313,Worfy
0.0,False,False,False,False,144823,76561199256543526,Wybaczam.oficjalnie skins.army
0.0,False,False,False,False,144823,76561199826895670,RME | Пацан
8589934600.0,False,False,False,False,144823,76561198002613044,frees.tyler
0.0,False,False,False,False,144823,76561198274174345,zig
0.0,False,False,False,False,144823,76561199433997570,Simple Dimple skins.army
,,,,,144823,76561199557907229,shawty#)$@
0.0,False,False,False,False,144823,76561198049602148,Moon
0.0,False,True,False,False,144823,76561199068251294,prosto bo$$
0.0,False,False,False,False,144823,76561198171814417,Faat
0.0,False,False,False,False,144823,76561199052717313,Worfy
0.0,False,False,False,False,144824,76561199256543526,Wybaczam.oficjalnie skins.army
0.0,False,False,False,False,144824,76561199826895670,RME | Пацан
8589934600.0,False,False,False,False,144824,76561198002613044,frees.tyler
0.0,False,False,False,False,144824,76561198274174345,zig
0.0,False,False,False,False,144824,76561199433997570,Simple Dimple skins.army
,,,,,144824,76561199557907229,shawty#)$@
0.0,False,False,False,False,144824,76561198049602148,Moon
0.0,False,True,False,False,144824,76561199068251294,prosto bo$$
0.0,False,False,False,False,144824,76561198171814417,Faat
0.0,False,False,False,False,144824,76561199052717313,Worfy
0.0,False,False,False,False,144825,76561199256543526,Wybaczam.oficjalnie skins.army
0.0,False,False,False,False,144825,76561199826895670,RME | Пацан
8589934600.0,False,False,False,False,144825,76561198002613044,frees.tyler
0.0,False,False,False,False,144825,76561198274174345,zig
0.0,False,False,False,False,144825,76561199433997570,Simple Dimple skins.army
,,,,,144825,76561199557907229,shawty#)$@
0.0,False,False,False,False,144825,76561198049602148,Moon
0.0,False,True,False,False,144825,76561199068251294,prosto bo$$
0.0,False,False,False,False,144825,76561198171814417,Faat
0.0,False,False,False,False,144825,76561199052717313,Worfy
0.0,False,False,False,False,144826,76561199256543526,Wybaczam.oficjalnie skins.army
0.0,False,False,False,False,144826,76561199826895670,RME | Пацан
8589934600.0,False,False,False,False,144826,76561198002613044,frees.tyler
0.0,False,False,False,False,144826,76561198274174345,zig
0.0,False,False,False,False,144826,76561199433997570,Simple Dimple skins.army
,,,,,144826,76561199557907229,shawty#)$@
0.0,False,False,False,False,144826,76561198049602148,Moon
0.0,False,True,False,False,144826,76561199068251294,prosto bo$$
0.0,False,False,False,False,144826,76561198171814417,Faat
0.0,False,False,False,False,144826,76561199052717313,Worfy
0.0,False,False,False,False,144827,76561199256543526,Wybaczam.oficjalnie skins.army
0.0,False,False,False,False,144827,76561199826895670,RME | Пацан
8589934600.0,False,False,False,False,144827,76561198002613044,frees.tyler
0.0,False,False,False,False,144827,76561198274174345,zig
0.0,False,False,False,False,144827,76561199433997570,Simple Dimple skins.army
,,,,,144827,76561199557907229,shawty#)$@
0.0,False,False,False,False,144827,76561198049602148,Moon
0.0,False,True,False,False,144827,76561199068251294,prosto bo$$
0.0,False,False,False,False,144827,76561198171814417,Faat
0.0,False,False,False,False,144827,76561199052717313,Worfy
0.0,False,False,False,False,144828,76561199256543526,Wybaczam.oficjalnie skins.army
0.0,False,False,False,False,144828,76561199826895670,RME | Пацан
8589934600.0,False,False,False,False,144828,76561198002613044,frees.tyler
0.0,False,False,False,False,144828,76561198274174345,zig
0.0,False,False,False,False,144828,76561199433997570,Simple Dimple skins.army
,,,,,144828,76561199557907229,shawty#)$@
0.0,False,False,False,False,144828,76561198049602148,Moon
0.0,False,True,False,False,144828,76561199068251294,prosto bo$$
0.0,False,False,False,False,144828,76561198171814417,Faat
0.0,False,False,False,False,144828,76561199052717313,Worfy
0.0,False,False,False,False,144829,76561199256543526,Wybaczam.oficjalnie skins.army
0.0,False,False,False,False,144829,76561199826895670,RME | Пацан
8589934600.0,False,False,False,False,144829,76561198002613044,frees.tyler
0.0,False,False,False,False,144829,76561198274174345,zig
0.0,False,False,False,False,144829,76561199433997570,Simple Dimple skins.army
,,,,,144829,76561199557907229,shawty#)$@
0.0,False,False,False,False,144829,76561198049602148,Moon
0.0,False,True,False,False,144829,76561199068251294,prosto bo$$
0.0,False,False,False,False,144829,76561198171814417,Faat
0.0,False,False,False,False,144829,76561199052717313,Worfy
0.0,False,False,False,False,144830,76561199256543526,Wybaczam.oficjalnie skins.army
0.0,False,False,False,False,144830,76561199826895670,RME | Пацан
8589934600.0,False,False,False,False,144830,76561198002613044,frees.tyler
0.0,False,False,False,False,144830,76561198274174345,zig
0.0,False,False,False,False,144830,76561199433997570,Simple Dimple skins.army
,,,,,144830,76561199557907229,shawty#)$@
0.0,False,False,False,False,144830,76561198049602148,Moon
0.0,False,True,False,False,144830,76561199068251294,prosto bo$$
0.0,False,False,False,False,144830,76561198171814417,Faat
0.0,False,False,False,False,144830,76561199052717313,Worfy
0.0,False,False,False,False,144831,76561199256543526,Wybaczam.oficjalnie skins.army
0.0,False,False,False,False,144831,76561199826895670,RME | Пацан
8589934600.0,False,False,False,False,144831,76561198002613044,frees.tyler
0.0,False,False,False,False,144831,76561198274174345,zig
0.0,False,False,False,False,144831,76561199433997570,Simple Dimple skins.army
,,,,,144831,76561199557907229,shawty#)$@
0.0,False,False,False,False,144831,76561198049602148,Moon
0.0,False,True,False,False,144831,76561199068251294,prosto bo$$
0.0,False,False,False,False,144831,76561198171814417,Faat
0.0,False,False,False,False,144831,76561199052717313,Worfy
0.0,False,False,False,False,144832,76561199256543526,Wybaczam.oficjalnie skins.army
0.0,False,False,False,False,144832,76561199826895670,RME | Пацан
8589934600.0,False,False,False,False,144832,76561198002613044,frees.tyler
0.0,False,False,False,False,144832,76561198274174345,zig
0.0,False,False,False,False,144832,76561199433997570,Simple Dimple skins.army
,,,,,144832,76561199557907229,shawty#)$@
0.0,False,False,False,False,144832,76561198049602148,Moon
0.0,False,True,False,False,144832,76561199068251294,prosto bo$$
0.0,False,False,False,False,144832,76561198171814417,Faat
0.0,False,False,False,False,144832,76561199052717313,Worfy
0.0,False,False,False,False,144833,76561199256543526,Wybaczam.oficjalnie skins.army
0.0,False,False,False,False,144833,76561199826895670,RME | Пацан
8589934600.0,False,False,False,False,144833,76561198002613044,frees.tyler
0.0,False,False,False,False,144833,76561198274174345,zig
0.0,False,False,False,False,144833,76561199433997570,Simple Dimple skins.army
,,,,,144833,76561199557907229,shawty#)$@
0.0,False,False,False,False,144833,76561198049602148,Moon
0.0,False,True,False,False,144833,76561199068251294,prosto bo$$
0.0,False,False,False,False,144833,76561198171814417,Faat
0.0,False,False,False,False,144833,76561199052717313,Worfy
0.0,False,False,False,False,144834,76561199256543526,Wybaczam.oficjalnie skins.army
0.0,False,False,False,False,144834,76561199826895670,RME | Пацан
8589934600.0,False,False,False,False,144834,76561198002613044,frees.tyler
0.0,False,False,False,False,144834,76561198274174345,zig
0.0,False,False,False,False,144834,76561199433997570,Simple Dimple skins.army
,,,,,144834,76561199557907229,shawty#)$@
0.0,False,False,False,False,144834,76561198049602148,Moon
0.0,False,True,False,False,144834,76561199068251294,prosto bo$$
0.0,False,False,False,False,144834,76561198171814417,Faat
0.0,False,False,False,False,144834,76561199052717313,Worfy
0.0,False,False,False,False,144835,76561199256543526,Wybaczam.oficjalnie skins.army
0.0,False,False,False,False,144835,76561199826895670,RME | Пацан
8589934600.0,False,False,False,False,144835,76561198002613044,frees.tyler
0.0,False,False,False,False,144835,76561198274174345,zig
0.0,False,False,False,False,144835,76561199433997570,Simple Dimple skins.army
,,,,,144835,76561199557907229,shawty#)$@
0.0,False,False,False,False,144835,76561198049602148,Moon
0.0,False,True,False,False,144835,76561199068251294,prosto bo$$
0.0,False,False,False,False,144835,76561198171814417,Faat
0.0,False,False,False,False,144835,76561199052717313,Worfy
0.0,False,False,False,False,144836,76561199256543526,Wybaczam.oficjalnie skins.army
0.0,False,False,False,False,144836,76561199826895670,RME | Пацан
8589934600.0,False,False,False,False,144836,76561198002613044,frees.tyler
0.0,False,False,False,False,144836,76561198274174345,zig
0.0,False,False,False,False,144836,76561199433997570,Simple Dimple skins.army
,,,,,144836,76561199557907229,shawty#)$@
0.0,False,False,False,False,144836,76561198049602148,Moon
0.0,False,True,False,False,144836,76561199068251294,prosto bo$$
0.0,False,False,False,False,144836,76561198171814417,Faat
0.0,False,False,False,False,144836,76561199052717313,Worfy
0.0,False,False,False,False,144837,76561199256543526,Wybaczam.oficjalnie skins.army
0.0,False,False,False,False,144837,76561199826895670,RME | Пацан
8589934600.0,False,False,False,False,144837,76561198002613044,frees.tyler
0.0,False,False,False,False,144837,76561198274174345,zig
0.0,False,False,False,False,144837,76561199433997570,Simple Dimple skins.army
,,,,,144837,76561199557907229,shawty#)$@
0.0,False,False,False,False,144837,76561198049602148,Moon
0.0,False,True,False,False,144837,76561199068251294,prosto bo$$
0.0,False,False,False,False,144837,76561198171814417,Faat
0.0,False,False,False,False,144837,76561199052717313,Worfy
0.0,False,False,False,False,144838,76561199256543526,Wybaczam.oficjalnie skins.army
0.0,False,False,False,False,144838,76561199826895670,RME | Пацан
8589934600.0,False,False,False,False,144838,76561198002613044,frees.tyler
0.0,False,False,False,False,144838,76561198274174345,zig
0.0,False,False,False,False,144838,76561199433997570,Simple Dimple skins.army
,,,,,144838,76561199557907229,shawty#)$@
0.0,False,False,False,False,144838,76561198049602148,Moon
0.0,False,True,False,False,144838,76561199068251294,prosto bo$$
0.0,False,False,False,False,144838,76561198171814417,Faat
0.0,False,False,False,False,144838,76561199052717313,Worfy
0.0,False,False,False,False,144839,76561199256543526,Wybaczam.oficjalnie skins.army
0.0,False,False,False,False,144839,76561199826895670,RME | Пацан
8589934600.0,False,False,False,False,144839,76561198002613044,frees.tyler
0.0,False,False,False,False,144839,76561198274174345,zig
0.0,False,False,False,False,144839,76561199433997570,Simple Dimple skins.army
,,,,,144839,76561199557907229,shawty#)$@
0.0,False,False,False,False,144839,76561198049602148,Moon
0.0,False,True,False,False,144839,76561199068251294,prosto bo$$
0.0,False,False,False,False,144839,76561198171814417,Faat
0.0,False,False,False,False,144839,76561199052717313,Worfy
0.0,False,False,False,False,144840,76561199256543526,Wybaczam.oficjalnie skins.army
0.0,False,False,False,False,144840,76561199826895670,RME | Пацан
8589934600.0,False,False,False,False,144840,76561198002613044,frees.tyler
0.0,False,False,False,False,144840,76561198274174345,zig
0.0,False,False,False,False,144840,76561199433997570,Simple Dimple skins.army
,,,,,144840,76561199557907229,shawty#)$@
0.0,False,False,False,False,144840,76561198049602148,Moon
0.0,False,True,False,False,144840,76561199068251294,prosto bo$$
0.0,False,False,False,False,144840,76561198171814417,Faat
0.0,False,False,False,False,144840,76561199052717313,Worfy
0.0,False,False,False,False,144841,76561199256543526,Wybaczam.oficjalnie skins.army
0.0,False,False,False,False,144841,76561199826895670,RME | Пацан
8589934600.0,False,False,False,False,144841,76561198002613044,frees.tyler
0.0,False,False,False,False,144841,76561198274174345,zig
0.0,False,False,False,False,144841,76561199433997570,Simple Dimple skins.army
,,,,,144841,76561199557907229,shawty#)$@
0.0,False,False,False,False,144841,76561198049602148,Moon
0.0,False,True,False,False,144841,76561199068251294,prosto bo$$
0.0,False,False,False,False,144841,76561198171814417,Faat
0.0,False,False,False,False,144841,76561199052717313,Worfy
0.0,False,False,False,False,144842,76561199256543526,Wybaczam.oficjalnie skins.army
0.0,False,False,False,False,144842,76561199826895670,RME | Пацан
8589934600.0,False,False,False,False,144842,76561198002613044,frees.tyler
0.0,False,False,False,False,144842,76561198274174345,zig
0.0,False,False,False,False,144842,76561199433997570,Simple Dimple skins.army
,,,,,144842,76561199557907229,shawty#)$@
0.0,False,False,False,False,144842,76561198049602148,Moon
0.0,False,True,False,False,144842,76561199068251294,prosto bo$$
0.0,False,False,False,False,144842,76561198171814417,Faat
0.0,False,False,False,False,144842,76561199052717313,Worfy
0.0,False,False,False,False,144843,76561199256543526,Wybaczam.oficjalnie skins.army
0.0,False,False,False,False,144843,76561199826895670,RME | Пацан
8589934600.0,False,False,False,False,144843,76561198002613044,frees.tyler
0.0,False,False,False,False,144843,76561198274174345,zig
0.0,False,False,False,False,144843,76561199433997570,Simple Dimple skins.army
,,,,,144843,76561199557907229,shawty#)$@
0.0,False,False,False,False,144843,76561198049602148,Moon
0.0,False,True,False,False,144843,76561199068251294,prosto bo$$
0.0,False,False,False,False,144843,76561198171814417,Faat
0.0,False,False,False,False,144843,76561199052717313,Worfy
0.0,False,False,False,False,144844,76561199256543526,Wybaczam.oficjalnie skins.army
0.0,False,False,False,False,144844,76561199826895670,RME | Пацан
8589934600.0,False,False,False,False,144844,76561198002613044,frees.tyler
0.0,False,False,False,False,144844,76561198274174345,zig
0.0,False,False,False,False,144844,76561199433997570,Simple Dimple skins.army
,,,,,144844,76561199557907229,shawty#)$@
0.0,False,False,False,False,144844,76561198049602148,Moon
0.0,False,True,False,False,144844,76561199068251294,prosto bo$$
0.0,False,False,False,False,144844,76561198171814417,Faat
0.0,False,False,False,False,144844,76561199052717313,Worfy
0.0,False,False,False,False,144845,76561199256543526,Wybaczam.oficjalnie skins.army
0.0,False,False,False,False,144845,76561199826895670,RME | Пацан
8589934600.0,False,False,False,False,144845,76561198002613044,frees.tyler
0.0,False,False,False,False,144845,76561198274174345,zig
0.0,False,False,False,False,144845,76561199433997570,Simple Dimple skins.army
,,,,,144845,76561199557907229,shawty#)$@
0.0,False,False,False,False,144845,76561198049602148,Moon
0.0,False,True,False,False,144845,76561199068251294,prosto bo$$
0.0,False,False,False,False,144845,76561198171814417,Faat
0.0,False,False,False,False,144845,76561199052717313,Worfy
0.0,False,False,False,False,144846,76561199256543526,Wybaczam.oficjalnie skins.army
0.0,False,False,False,False,144846,76561199826895670,RME | Пацан
8589934600.0,False,False,False,False,144846,76561198002613044,frees.tyler
0.0,False,False,False,False,144846,76561198274174345,zig
0.0,False,False,False,False,144846,76561199433997570,Simple Dimple skins.army
,,,,,144846,76561199557907229,shawty#)$@
0.0,False,False,False,False,144846,76561198049602148,Moon
0.0,False,True,False,False,144846,76561199068251294,prosto bo$$
0.0,False,False,False,False,144846,76561198171814417,Faat
0.0,False,False,False,False,144846,76561199052717313,Worfy
0.0,False,False,False,False,144847,76561199256543526,Wybaczam.oficjalnie skins.army
0.0,False,False,False,False,144847,76561199826895670,RME | Пацан
8589934600.0,False,False,False,False,144847,76561198002613044,frees.tyler
0.0,False,False,False,False,144847,76561198274174345,zig
0.0,False,False,False,False,144847,76561199433997570,Simple Dimple skins.army
,,,,,144847,76561199557907229,shawty#)$@
0.0,False,False,False,False,144847,76561198049602148,Moon
0.0,False,True,False,False,144847,76561199068251294,prosto bo$$
0.0,False,False,False,False,144847,76561198171814417,Faat
0.0,False,False,False,False,144847,76561199052717313,Worfy
0.0,False,False,False,False,144848,76561199256543526,Wybaczam.oficjalnie skins.army
0.0,False,False,False,False,144848,76561199826895670,RME | Пацан
8589934600.0,False,False,False,False,144848,76561198002613044,frees.tyler
0.0,False,False,False,False,144848,76561198274174345,zig
0.0,False,False,False,False,144848,76561199433997570,Simple Dimple skins.army
,,,,,144848,76561199557907229,shawty#)$@
0.0,False,False,False,False,144848,76561198049602148,Moon
0.0,False,True,False,False,144848,76561199068251294,prosto bo$$
0.0,False,False,False,False,144848,76561198171814417,Faat
0.0,False,False,False,False,144848,76561199052717313,Worfy
0.0,False,False,False,False,144849,76561199256543526,Wybaczam.oficjalnie skins.army
0.0,False,False,False,False,144849,76561199826895670,RME | Пацан
8589934600.0,False,False,False,False,144849,76561198002613044,frees.tyler
0.0,False,False,False,False,144849,76561198274174345,zig
0.0,False,False,False,False,144849,76561199433997570,Simple Dimple skins.army
,,,,,144849,76561199557907229,shawty#)$@
0.0,False,False,False,False,144849,76561198049602148,Moon
0.0,False,True,False,False,144849,76561199068251294,prosto bo$$
0.0,False,False,False,False,144849,76561198171814417,Faat
0.0,False,False,False,False,144849,76561199052717313,Worfy
0.0,False,False,False,False,144850,76561199256543526,Wybaczam.oficjalnie skins.army
0.0,False,False,False,False,144850,76561199826895670,RME | Пацан
8589934600.0,False,False,False,False,144850,76561198002613044,frees.tyler
0.0,False,False,False,False,144850,76561198274174345,zig
0.0,False,False,False,False,144850,76561199433997570,Simple Dimple skins.army
,,,,,144850,76561199557907229,shawty#)$@
0.0,False,False,False,False,144850,76561198049602148,Moon
0.0,False,True,False,False,144850,76561199068251294,prosto bo$$
0.0,False,False,False,False,144850,76561198171814417,Faat
0.0,False,False,False,False,144850,76561199052717313,Worfy
0.0,False,False,False,False,144851,76561199256543526,Wybaczam.oficjalnie skins.army
0.0,False,False,False,False,144851,76561199826895670,RME | Пацан
8589934600.0,False,False,False,False,144851,76561198002613044,frees.tyler
0.0,False,False,False,False,144851,76561198274174345,zig
0.0,False,False,False,False,144851,76561199433997570,Simple Dimple skins.army
,,,,,144851,76561199557907229,shawty#)$@
0.0,False,False,False,False,144851,76561198049602148,Moon
0.0,False,True,False,False,144851,76561199068251294,prosto bo$$
0.0,False,False,False,False,144851,76561198171814417,Faat
0.0,False,False,False,False,144851,76561199052717313,Worfy
0.0,False,False,False,False,144852,76561199256543526,Wybaczam.oficjalnie skins.army
0.0,False,False,False,False,144852,76561199826895670,RME | Пацан
8589934600.0,False,False,False,False,144852,76561198002613044,frees.tyler
0.0,False,False,False,False,144852,76561198274174345,zig
0.0,False,False,False,False,144852,76561199433997570,Simple Dimple skins.army
,,,,,144852,76561199557907229,shawty#)$@
0.0,False,False,False,False,144852,76561198049602148,Moon
0.0,False,True,False,False,144852,76561199068251294,prosto bo$$
0.0,False,False,False,False,144852,76561198171814417,Faat
0.0,False,False,False,False,144852,76561199052717313,Worfy
0.0,False,False,False,False,144853,76561199256543526,Wybaczam.oficjalnie skins.army
0.0,False,False,False,False,144853,76561199826895670,RME | Пацан
8589934600.0,False,False,False,False,144853,76561198002613044,frees.tyler
0.0,False,False,False,False,144853,76561198274174345,zig
0.0,False,False,False,False,144853,76561199433997570,Simple Dimple skins.army
,,,,,144853,76561199557907229,shawty#)$@
0.0,False,False,False,False,144853,76561198049602148,Moon
0.0,False,True,False,False,144853,76561199068251294,prosto bo$$
0.0,False,False,False,False,144853,76561198171814417,Faat
0.0,False,False,False,False,144853,76561199052717313,Worfy
0.0,False,False,False,False,144854,76561199256543526,Wybaczam.oficjalnie skins.army
0.0,False,False,False,False,144854,76561199826895670,RME | Пацан
8589934600.0,False,False,False,False,144854,76561198002613044,frees.tyler
0.0,False,False,False,False,144854,76561198274174345,zig
0.0,False,False,False,False,144854,76561199433997570,Simple Dimple skins.army
,,,,,144854,76561199557907229,shawty#)$@
0.0,False,False,False,False,144854,76561198049602148,Moon
0.0,False,True,False,False,144854,76561199068251294,prosto bo$$
0.0,False,False,False,False,144854,76561198171814417,Faat
0.0,False,False,False,False,144854,76561199052717313,Worfy
0.0,False,False,False,False,144855,76561199256543526,Wybaczam.oficjalnie skins.army
0.0,False,False,False,False,144855,76561199826895670,RME | Пацан
8589934600.0,False,False,False,False,144855,76561198002613044,frees.tyler
0.0,False,False,False,False,144855,76561198274174345,zig
0.0,False,False,False,False,144855,76561199433997570,Simple Dimple skins.army
,,,,,144855,76561199557907229,shawty#)$@
0.0,False,False,False,False,144855,76561198049602148,Moon
0.0,False,True,False,False,144855,76561199068251294,prosto bo$$
0.0,False,False,False,False,144855,76561198171814417,Faat
0.0,False,False,False,False,144855,76561199052717313,Worfy
0.0,False,False,False,False,144856,76561199256543526,Wybaczam.oficjalnie skins.army
0.0,False,False,False,False,144856,76561199826895670,RME | Пацан
8589934600.0,False,False,False,False,144856,76561198002613044,frees.tyler
0.0,False,False,False,False,144856,76561198274174345,zig
0.0,False,False,False,False,144856,76561199433997570,Simple Dimple skins.army
,,,,,144856,76561199557907229,shawty#)$@
0.0,False,False,False,False,144856,76561198049602148,Moon
0.0,False,True,False,False,144856,76561199068251294,prosto bo$$
0.0,False,False,False,False,144856,76561198171814417,Faat
0.0,False,False,False,False,144856,76561199052717313,Worfy
0.0,False,False,False,False,144857,76561199256543526,Wybaczam.oficjalnie skins.army
0.0,False,False,False,False,144857,76561199826895670,RME | Пацан
8589934600.0,False,False,False,False,144857,76561198002613044,frees.tyler
0.0,False,False,False,False,144857,76561198274174345,zig
0.0,False,False,False,False,144857,76561199433997570,Simple Dimple skins.army
,,,,,144857,76561199557907229,shawty#)$@
0.0,False,False,False,False,144857,76561198049602148,Moon
0.0,False,True,False,False,144857,76561199068251294,prosto bo$$
0.0,False,False,False,False,144857,76561198171814417,Faat
0.0,False,False,False,False,144857,76561199052717313,Worfy
0.0,False,False,False,False,144858,76561199256543526,Wybaczam.oficjalnie skins.army
0.0,False,False,False,False,144858,76561199826895670,RME | Пацан
8589934600.0,False,False,False,False,144858,76561198002613044,frees.tyler
0.0,False,False,False,False,144858,76561198274174345,zig
0.0,False,False,False,False,144858,76561199433997570,Simple Dimple skins.army
,,,,,144858,76561199557907229,shawty#)$@
0.0,False,False,False,False,144858,76561198049602148,Moon
0.0,False,True,False,False,144858,76561199068251294,prosto bo$$
0.0,False,False,False,False,144858,76561198171814417,Faat
0.0,False,False,False,False,144858,76561199052717313,Worfy
0.0,False,False,False,False,144859,76561199256543526,Wybaczam.oficjalnie skins.army
0.0,False,False,False,False,144859,76561199826895670,RME | Пацан
8589934600.0,False,False,False,False,144859,76561198002613044,frees.tyler
0.0,False,False,False,False,144859,76561198274174345,zig
0.0,False,False,False,False,144859,76561199433997570,Simple Dimple skins.army
,,,,,144859,76561199557907229,shawty#)$@
0.0,False,False,False,False,144859,76561198049602148,Moon
0.0,False,True,False,False,144859,76561199068251294,prosto bo$$
0.0,False,False,False,False,144859,76561198171814417,Faat
0.0,False,False,False,False,144859,76561199052717313,Worfy
0.0,False,False,False,False,144860,76561199256543526,Wybaczam.oficjalnie skins.army
0.0,False,False,False,False,144860,76561199826895670,RME | Пацан
8589934600.0,False,False,False,False,144860,76561198002613044,frees.tyler
0.0,False,False,False,False,144860,76561198274174345,zig
0.0,False,False,False,False,144860,76561199433997570,Simple Dimple skins.army
,,,,,144860,76561199557907229,shawty#)$@
0.0,False,False,False,False,144860,76561198049602148,Moon
0.0,False,True,False,False,144860,76561199068251294,prosto bo$$
0.0,False,False,False,False,144860,76561198171814417,Faat
0.0,False,False,False,False,144860,76561199052717313,Worfy
0.0,False,False,False,False,144861,76561199256543526,Wybaczam.oficjalnie skins.army
0.0,False,False,False,False,144861,76561199826895670,RME | Пацан
8589934600.0,False,False,False,False,144861,76561198002613044,frees.tyler
0.0,False,False,False,False,144861,76561198274174345,zig
0.0,False,False,False,False,144861,76561199433997570,Simple Dimple skins.army
,,,,,144861,76561199557907229,shawty#)$@
0.0,False,False,False,False,144861,76561198049602148,Moon
0.0,False,True,False,False,144861,76561199068251294,prosto bo$$
0.0,False,False,False,False,144861,76561198171814417,Faat
0.0,False,False,False,False,144861,76561199052717313,Worfy
0.0,False,False,False,False,144862,76561199256543526,Wybaczam.oficjalnie skins.army
0.0,False,False,False,False,144862,76561199826895670,RME | Пацан
8589934600.0,False,False,False,False,144862,76561198002613044,frees.tyler
0.0,False,False,False,False,144862,76561198274174345,zig
0.0,False,False,False,False,144862,76561199433997570,Simple Dimple skins.army
,,,,,144862,76561199557907229,shawty#)$@
0.0,False,False,False,False,144862,76561198049602148,Moon
0.0,False,True,False,False,144862,76561199068251294,prosto bo$$
0.0,False,False,False,False,144862,76561198171814417,Faat
0.0,False,False,False,False,144862,76561199052717313,Worfy
0.0,False,False,False,False,144863,76561199256543526,Wybaczam.oficjalnie skins.army
0.0,False,False,False,False,144863,76561199826895670,RME | Пацан
8589934600.0,False,False,False,False,144863,76561198002613044,frees.tyler
0.0,False,False,False,False,144863,76561198274174345,zig
0.0,False,False,False,False,144863,76561199433997570,Simple Dimple skins.army
,,,,,144863,76561199557907229,shawty#)$@
0.0,False,False,False,False,144863,76561198049602148,Moon
0.0,False,True,False,False,144863,76561199068251294,prosto bo$$
0.0,False,False,False,False,144863,76561198171814417,Faat
0.0,False,False,False,False,144863,76561199052717313,Worfy
0.0,False,False,False,False,144864,76561199256543526,Wybaczam.oficjalnie skins.army
0.0,False,False,False,False,144864,76561199826895670,RME | Пацан
8589934600.0,False,False,False,False,144864,76561198002613044,frees.tyler
0.0,False,False,False,False,144864,76561198274174345,zig
0.0,False,False,False,False,144864,76561199433997570,Simple Dimple skins.army
,,,,,144864,76561199557907229,shawty#)$@
0.0,False,False,False,False,144864,76561198049602148,Moon
0.0,False,True,False,False,144864,76561199068251294,prosto bo$$
0.0,False,False,False,False,144864,76561198171814417,Faat
0.0,False,False,False,False,144864,76561199052717313,Worfy
0.0,False,False,False,False,144865,76561199256543526,Wybaczam.oficjalnie skins.army
0.0,False,False,False,False,144865,76561199826895670,RME | Пацан
8589934600.0,False,False,False,False,144865,76561198002613044,frees.tyler
0.0,False,False,False,False,144865,76561198274174345,zig
0.0,False,False,False,False,144865,76561199433997570,Simple Dimple skins.army
,,,,,144865,76561199557907229,shawty#)$@
0.0,False,False,False,False,144865,76561198049602148,Moon
0.0,False,True,False,False,144865,76561199068251294,prosto bo$$
0.0,False,False,False,False,144865,76561198171814417,Faat
0.0,False,False,False,False,144865,76561199052717313,Worfy
0.0,False,False,False,False,144866,76561199256543526,Wybaczam.oficjalnie skins.army
0.0,False,False,False,False,144866,76561199826895670,RME | Пацан
8589934600.0,False,False,False,False,144866,76561198002613044,frees.tyler
0.0,False,False,False,False,144866,76561198274174345,zig
0.0,False,False,False,False,144866,76561199433997570,Simple Dimple skins.army
,,,,,144866,76561199557907229,shawty#)$@
0.0,False,False,False,False,144866,76561198049602148,Moon
0.0,False,True,False,False,144866,76561199068251294,prosto bo$$
0.0,False,False,False,False,144866,76561198171814417,Faat
0.0,False,False,False,False,144866,76561199052717313,Worfy
0.0,False,False,False,False,144867,76561199256543526,Wybaczam.oficjalnie skins.army
0.0,False,False,False,False,144867,76561199826895670,RME | Пацан
8589934600.0,False,False,False,False,144867,76561198002613044,frees.tyler
0.0,False,False,False,False,144867,76561198274174345,zig
0.0,False,False,False,False,144867,76561199433997570,Simple Dimple skins.army
,,,,,144867,76561199557907229,shawty#)$@
0.0,False,False,False,False,144867,76561198049602148,Moon
0.0,False,True,False,False,144867,76561199068251294,prosto bo$$
0.0,False,False,False,False,144867,76561198171814417,Faat
0.0,False,False,False,False,144867,76561199052717313,Worfy
0.0,False,False,False,False,144868,76561199256543526,Wybaczam.oficjalnie skins.army
0.0,False,False,False,False,144868,76561199826895670,RME | Пацан
8589934600.0,False,False,False,False,144868,76561198002613044,frees.tyler
0.0,False,False,False,False,144868,76561198274174345,zig
0.0,False,False,False,False,144868,76561199433997570,Simple Dimple skins.army
,,,,,144868,76561199557907229,shawty#)$@
0.0,False,False,False,False,144868,76561198049602148,Moon
0.0,False,True,False,False,144868,76561199068251294,prosto bo$$
0.0,False,False,False,False,144868,76561198171814417,Faat
0.0,False,False,False,False,144868,76561199052717313,Worfy
0.0,False,False,False,False,144869,76561199256543526,Wybaczam.oficjalnie skins.army
0.0,False,False,False,False,144869,76561199826895670,RME | Пацан
8589934600.0,False,False,False,False,144869,76561198002613044,frees.tyler
0.0,False,False,False,False,144869,76561198274174345,zig
0.0,False,False,False,False,144869,76561199433997570,Simple Dimple skins.army
,,,,,144869,76561199557907229,shawty#)$@
0.0,False,False,False,False,144869,76561198049602148,Moon
0.0,False,True,False,False,144869,76561199068251294,prosto bo$$
0.0,False,False,False,False,144869,76561198171814417,Faat
0.0,False,False,False,False,144869,76561199052717313,Worfy
0.0,False,False,False,False,144870,76561199256543526,Wybaczam.oficjalnie skins.army
0.0,False,False,False,False,144870,76561199826895670,RME | Пацан
8589934600.0,False,False,False,False,144870,76561198002613044,frees.tyler
0.0,False,False,False,False,144870,76561198274174345,zig
0.0,False,False,False,False,144870,76561199433997570,Simple Dimple skins.army
,,,,,144870,76561199557907229,shawty#)$@
0.0,False,False,False,False,144870,76561198049602148,Moon
0.0,False,True,False,False,144870,76561199068251294,prosto bo$$
0.0,False,False,False,False,144870,76561198171814417,Faat
0.0,False,False,False,False,144870,76561199052717313,Worfy
0.0,False,False,False,False,144871,76561199256543526,Wybaczam.oficjalnie skins.army
0.0,False,False,False,False,144871,76561199826895670,RME | Пацан
8589934600.0,False,False,False,False,144871,76561198002613044,frees.tyler
0.0,False,False,False,False,144871,76561198274174345,zig
0.0,False,False,False,False,144871,76561199433997570,Simple Dimple skins.army
,,,,,144871,76561199557907229,shawty#)$@
0.0,False,False,False,False,144871,76561198049602148,Moon
0.0,False,True,False,False,144871,76561199068251294,prosto bo$$
0.0,False,False,False,False,144871,76561198171814417,Faat
0.0,False,False,False,False,144871,76561199052717313,Worfy
0.0,False,False,False,False,144872,76561199256543526,Wybaczam.oficjalnie skins.army
0.0,False,False,False,False,144872,76561199826895670,RME | Пацан
8589934600.0,False,False,False,False,144872,76561198002613044,frees.tyler
0.0,False,False,False,False,144872,76561198274174345,zig
0.0,False,False,False,False,144872,76561199433997570,Simple Dimple skins.army
,,,,,144872,76561199557907229,shawty#)$@
0.0,False,False,False,False,144872,76561198049602148,Moon
0.0,False,True,False,False,144872,76561199068251294,prosto bo$$
0.0,False,False,False,False,144872,76561198171814417,Faat
0.0,False,False,False,False,144872,76561199052717313,Worfy
0.0,False,False,False,False,144873,76561199256543526,Wybaczam.oficjalnie skins.army
0.0,False,False,False,False,144873,76561199826895670,RME | Пацан
8589934600.0,False,False,False,False,144873,76561198002613044,frees.tyler
0.0,False,False,False,False,144873,76561198274174345,zig
0.0,False,False,False,False,144873,76561199433997570,Simple Dimple skins.army
,,,,,144873,76561199557907229,shawty#)$@
0.0,False,False,False,False,144873,76561198049602148,Moon
0.0,False,True,False,False,144873,76561199068251294,prosto bo$$
0.0,False,False,False,False,144873,76561198171814417,Faat
0.0,False,False,False,False,144873,76561199052717313,Worfy
0.0,False,False,False,False,144874,76561199256543526,Wybaczam.oficjalnie skins.army
0.0,False,False,False,False,144874,76561199826895670,RME | Пацан
8589934600.0,False,False,False,False,144874,76561198002613044,frees.tyler
0.0,False,False,False,False,144874,76561198274174345,zig
0.0,False,False,False,False,144874,76561199433997570,Simple Dimple skins.army
,,,,,144874,76561199557907229,shawty#)$@
0.0,False,False,False,False,144874,76561198049602148,Moon
0.0,False,True,False,False,144874,76561199068251294,prosto bo$$
0.0,False,False,False,False,144874,76561198171814417,Faat
0.0,False,False,False,False,144874,76561199052717313,Worfy
0.0,False,False,False,False,144875,76561199256543526,Wybaczam.oficjalnie skins.army
0.0,False,False,False,False,144875,76561199826895670,RME | Пацан
8589934600.0,False,False,False,False,144875,76561198002613044,frees.tyler
0.0,False,False,False,False,144875,76561198274174345,zig
0.0,False,False,False,False,144875,76561199433997570,Simple Dimple skins.army
,,,,,144875,76561199557907229,shawty#)$@
0.0,False,False,False,False,144875,76561198049602148,Moon
0.0,False,True,False,False,144875,76561199068251294,prosto bo$$
0.0,False,False,False,False,144875,76561198171814417,Faat
0.0,False,False,False,False,144875,76561199052717313,Worfy
0.0,False,False,False,False,144876,76561199256543526,Wybaczam.oficjalnie skins.army
0.0,False,False,False,False,144876,76561199826895670,RME | Пацан
8589934600.0,False,False,False,False,144876,76561198002613044,frees.tyler
0.0,False,False,False,False,144876,76561198274174345,zig
0.0,False,False,False,False,144876,76561199433997570,Simple Dimple skins.army
,,,,,144876,76561199557907229,shawty#)$@
0.0,False,False,False,False,144876,76561198049602148,Moon
0.0,False,True,False,False,144876,76561199068251294,prosto bo$$
0.0,False,False,False,False,144876,76561198171814417,Faat
0.0,False,False,False,False,144876,76561199052717313,Worfy
0.0,False,False,False,False,144877,76561199256543526,Wybaczam.oficjalnie skins.army
0.0,False,False,False,False,144877,76561199826895670,RME | Пацан
8589934600.0,False,False,False,False,144877,76561198002613044,frees.tyler
0.0,False,False,False,False,144877,76561198274174345,zig
0.0,False,False,False,False,144877,76561199433997570,Simple Dimple skins.army
,,,,,144877,76561199557907229,shawty#)$@
0.0,False,False,False,False,144877,76561198049602148,Moon
0.0,False,True,False,False,144877,76561199068251294,prosto bo$$
0.0,False,False,False,False,144877,76561198171814417,Faat
0.0,False,False,False,False,144877,76561199052717313,Worfy
0.0,False,False,False,False,144878,76561199256543526,Wybaczam.oficjalnie skins.army
0.0,False,False,False,False,144878,76561199826895670,RME | Пацан
8589934600.0,False,False,False,False,144878,76561198002613044,frees.tyler
0.0,False,False,False,False,144878,76561198274174345,zig
0.0,False,False,False,False,144878,76561199433997570,Simple Dimple skins.army
,,,,,144878,76561199557907229,shawty#)$@
0.0,False,False,False,False,144878,76561198049602148,Moon
0.0,False,True,False,False,144878,76561199068251294,prosto bo$$
0.0,False,False,False,False,144878,76561198171814417,Faat
0.0,False,False,False,False,144878,76561199052717313,Worfy
0.0,False,False,False,False,144879,76561199256543526,Wybaczam.oficjalnie skins.army
0.0,False,False,False,False,144879,76561199826895670,RME | Пацан
8589934600.0,False,False,False,False,144879,76561198002613044,frees.tyler
0.0,False,False,False,False,144879,76561198274174345,zig
0.0,False,False,False,False,144879,76561199433997570,Simple Dimple skins.army
,,,,,144879,76561199557907229,shawty#)$@
0.0,False,False,False,False,144879,76561198049602148,Moon
0.0,False,True,False,False,144879,76561199068251294,prosto bo$$
0.0,False,False,False,False,144879,76561198171814417,Faat
0.0,False,False,False,False,144879,76561199052717313,Worfy
0.0,False,False,False,False,144880,76561199256543526,Wybaczam.oficjalnie skins.army
0.0,False,False,False,False,144880,76561199826895670,RME | Пацан
8589934600.0,False,False,False,False,144880,76561198002613044,frees.tyler
0.0,False,False,False,False,144880,76561198274174345,zig
0.0,False,False,False,False,144880,76561199433997570,Simple Dimple skins.army
,,,,,144880,76561199557907229,shawty#)$@
0.0,False,False,False,False,144880,76561198049602148,Moon
0.0,False,True,False,False,144880,76561199068251294,prosto bo$$
0.0,False,False,False,False,144880,76561198171814417,Faat
0.0,False,False,False,False,144880,76561199052717313,Worfy
0.0,False,False,False,False,144881,76561199256543526,Wybaczam.oficjalnie skins.army
0.0,False,False,False,False,144881,76561199826895670,RME | Пацан
8589934600.0,False,False,False,False,144881,76561198002613044,frees.tyler
0.0,False,False,False,False,144881,76561198274174345,zig
0.0,False,False,False,False,144881,76561199433997570,Simple Dimple skins.army
,,,,,144881,76561199557907229,shawty#)$@
0.0,False,False,False,False,144881,76561198049602148,Moon
0.0,False,True,False,False,144881,76561199068251294,prosto bo$$
0.0,False,False,False,False,144881,76561198171814417,Faat
0.0,False,False,False,False,144881,76561199052717313,Worfy
0.0,False,False,False,False,144882,76561199256543526,Wybaczam.oficjalnie skins.army
0.0,False,False,False,False,144882,76561199826895670,RME | Пацан
8589934600.0,False,False,False,False,144882,76561198002613044,frees.tyler
0.0,False,False,False,False,144882,76561198274174345,zig
0.0,False,False,False,False,144882,76561199433997570,Simple Dimple skins.army
,,,,,144882,76561199557907229,shawty#)$@
0.0,False,False,False,False,144882,76561198049602148,Moon
0.0,False,True,False,False,144882,76561199068251294,prosto bo$$
0.0,False,False,False,False,144882,76561198171814417,Faat
0.0,False,False,False,False,144882,76561199052717313,Worfy
0.0,False,False,False,False,144883,76561199256543526,Wybaczam.oficjalnie skins.army
0.0,False,False,False,False,144883,76561199826895670,RME | Пацан
8589934600.0,False,False,False,False,144883,76561198002613044,frees.tyler
0.0,False,False,False,False,144883,76561198274174345,zig
0.0,False,False,False,False,144883,76561199433997570,Simple Dimple skins.army
,,,,,144883,76561199557907229,shawty#)$@
0.0,False,False,False,False,144883,76561198049602148,Moon
0.0,False,True,False,False,144883,76561199068251294,prosto bo$$
0.0,False,False,False,False,144883,76561198171814417,Faat
0.0,False,False,False,False,144883,76561199052717313,Worfy
0.0,False,False,False,False,144884,76561199256543526,Wybaczam.oficjalnie skins.army
0.0,False,False,False,False,144884,76561199826895670,RME | Пацан
8589934600.0,False,False,False,False,144884,76561198002613044,frees.tyler
0.0,False,False,False,False,144884,76561198274174345,zig
0.0,False,False,False,False,144884,76561199433997570,Simple Dimple skins.army
,,,,,144884,76561199557907229,shawty#)$@
0.0,False,False,False,False,144884,76561198049602148,Moon
0.0,False,True,False,False,144884,76561199068251294,prosto bo$$
0.0,False,False,False,False,144884,76561198171814417,Faat
0.0,False,False,False,False,144884,76561199052717313,Worfy
0.0,False,False,False,False,144885,76561199256543526,Wybaczam.oficjalnie skins.army
0.0,False,False,False,False,144885,76561199826895670,RME | Пацан
8589934600.0,False,False,False,False,144885,76561198002613044,frees.tyler
0.0,False,False,False,False,144885,76561198274174345,zig
0.0,False,False,False,False,144885,76561199433997570,Simple Dimple skins.army
,,,,,144885,76561199557907229,shawty#)$@
0.0,False,False,False,False,144885,76561198049602148,Moon
0.0,False,True,False,False,144885,76561199068251294,prosto bo$$
0.0,False,False,False,False,144885,76561198171814417,Faat
0.0,False,False,False,False,144885,76561199052717313,Worfy
0.0,False,False,False,False,144886,76561199256543526,Wybaczam.oficjalnie skins.army
0.0,False,False,False,False,144886,76561199826895670,RME | Пацан
8589934600.0,False,False,False,False,144886,76561198002613044,frees.tyler
0.0,False,False,False,False,144886,76561198274174345,zig
0.0,False,False,False,False,144886,76561199433997570,Simple Dimple skins.army
,,,,,144886,76561199557907229,shawty#)$@
0.0,False,False,False,False,144886,76561198049602148,Moon
0.0,False,True,False,False,144886,76561199068251294,prosto bo$$
0.0,False,False,False,False,144886,76561198171814417,Faat
0.0,False,False,False,False,144886,76561199052717313,Worfy
0.0,False,False,False,False,144887,76561199256543526,Wybaczam.oficjalnie skins.army
0.0,False,False,False,False,144887,76561199826895670,RME | Пацан
8589934600.0,False,False,False,False,144887,76561198002613044,frees.tyler
0.0,False,False,False,False,144887,76561198274174345,zig
0.0,False,False,False,False,144887,76561199433997570,Simple Dimple skins.army
,,,,,144887,76561199557907229,shawty#)$@
0.0,False,False,False,False,144887,76561198049602148,Moon
0.0,False,True,False,False,144887,76561199068251294,prosto bo$$
0.0,False,False,False,False,144887,76561198171814417,Faat
0.0,False,False,False,False,144887,76561199052717313,Worfy
0.0,False,False,False,False,144888,76561199256543526,Wybaczam.oficjalnie skins.army
0.0,False,False,False,False,144888,76561199826895670,RME | Пацан
8589934600.0,False,False,False,False,144888,76561198002613044,frees.tyler
0.0,False,False,False,False,144888,76561198274174345,zig
0.0,False,False,False,False,144888,76561199433997570,Simple Dimple skins.army
,,,,,144888,76561199557907229,shawty#)$@
0.0,False,False,False,False,144888,76561198049602148,Moon
0.0,False,True,False,False,144888,76561199068251294,prosto bo$$
0.0,False,False,False,False,144888,76561198171814417,Faat
0.0,False,False,False,False,144888,76561199052717313,Worfy
0.0,False,False,False,False,144889,76561199256543526,Wybaczam.oficjalnie skins.army
0.0,False,False,False,False,144889,76561199826895670,RME | Пацан
8589934600.0,False,False,False,False,144889,76561198002613044,frees.tyler
0.0,False,False,False,False,144889,76561198274174345,zig
0.0,False,False,False,False,144889,76561199433997570,Simple Dimple skins.army
,,,,,144889,76561199557907229,shawty#)$@
0.0,False,False,False,False,144889,76561198049602148,Moon
0.0,False,True,False,False,144889,76561199068251294,prosto bo$$
0.0,False,False,False,False,144889,76561198171814417,Faat
0.0,False,False,False,False,144889,76561199052717313,Worfy
0.0,False,False,False,False,144890,76561199256543526,Wybaczam.oficjalnie skins.army
0.0,False,False,False,False,144890,76561199826895670,RME | Пацан
8589934600.0,False,False,False,False,144890,76561198002613044,frees.tyler
0.0,False,False,False,False,144890,76561198274174345,zig
0.0,False,False,False,False,144890,76561199433997570,Simple Dimple skins.army
,,,,,144890,76561199557907229,shawty#)$@
0.0,False,False,False,False,144890,76561198049602148,Moon
0.0,False,True,False,False,144890,76561199068251294,prosto bo$$
0.0,False,False,False,False,144890,76561198171814417,Faat
0.0,False,False,False,False,144890,76561199052717313,Worfy
0.0,False,False,False,False,144891,76561199256543526,Wybaczam.oficjalnie skins.army
0.0,False,False,False,False,144891,76561199826895670,RME | Пацан
8589934600.0,False,False,False,False,144891,76561198002613044,frees.tyler
0.0,False,False,False,False,144891,76561198274174345,zig
0.0,False,False,False,False,144891,76561199433997570,Simple Dimple skins.army
,,,,,144891,76561199557907229,shawty#)$@
0.0,False,False,False,False,144891,76561198049602148,Moon
0.0,False,True,False,False,144891,76561199068251294,prosto bo$$
0.0,False,False,False,False,144891,76561198171814417,Faat
0.0,False,False,False,False,144891,76561199052717313,Worfy
0.0,False,False,False,False,144892,76561199256543526,Wybaczam.oficjalnie skins.army
0.0,False,False,False,False,144892,76561199826895670,RME | Пацан
8589934600.0,False,False,False,False,144892,76561198002613044,frees.tyler
0.0,False,False,False,False,144892,76561198274174345,zig
0.0,False,False,False,False,144892,76561199433997570,Simple Dimple skins.army
,,,,,144892,76561199557907229,shawty#)$@
0.0,False,False,False,False,144892,76561198049602148,Moon
0.0,False,True,False,False,144892,76561199068251294,prosto bo$$
0.0,False,False,False,False,144892,76561198171814417,Faat
0.0,False,False,False,False,144892,76561199052717313,Worfy
0.0,False,False,False,False,144893,76561199256543526,Wybaczam.oficjalnie skins.army
0.0,False,False,False,False,144893,76561199826895670,RME | Пацан
8589934600.0,False,False,False,False,144893,76561198002613044,frees.tyler
0.0,False,False,False,False,144893,76561198274174345,zig
0.0,False,False,False,False,144893,76561199433997570,Simple Dimple skins.army
,,,,,144893,76561199557907229,shawty#)$@
0.0,False,False,False,False,144893,76561198049602148,Moon
0.0,False,True,False,False,144893,76561199068251294,prosto bo$$
0.0,False,False,False,False,144893,76561198171814417,Faat
0.0,False,False,False,False,144893,76561199052717313,Worfy
0.0,False,False,False,False,144894,76561199256543526,Wybaczam.oficjalnie skins.army
0.0,False,False,False,False,144894,76561199826895670,RME | Пацан
8589934600.0,False,False,False,False,144894,76561198002613044,frees.tyler
0.0,False,False,False,False,144894,76561198274174345,zig
0.0,False,False,False,False,144894,76561199433997570,Simple Dimple skins.army
,,,,,144894,76561199557907229,shawty#)$@
0.0,False,False,False,False,144894,76561198049602148,Moon
0.0,False,True,False,False,144894,76561199068251294,prosto bo$$
0.0,False,False,False,False,144894,76561198171814417,Faat
0.0,False,False,False,False,144894,76561199052717313,Worfy
0.0,False,False,False,False,144895,76561199256543526,Wybaczam.oficjalnie skins.army
0.0,False,False,False,False,144895,76561199826895670,RME | Пацан
8589934600.0,False,False,False,False,144895,76561198002613044,frees.tyler
0.0,False,False,False,False,144895,76561198274174345,zig
0.0,False,False,False,False,144895,76561199433997570,Simple Dimple skins.army
,,,,,144895,76561199557907229,shawty#)$@
0.0,False,False,False,False,144895,76561198049602148,Moon
0.0,False,True,False,False,144895,76561199068251294,prosto bo$$
0.0,False,False,False,False,144895,76561198171814417,Faat
0.0,False,False,False,False,144895,76561199052717313,Worfy
0.0,False,False,False,False,144896,76561199256543526,Wybaczam.oficjalnie skins.army
0.0,False,False,False,False,144896,76561199826895670,RME | Пацан
8589934600.0,False,False,False,False,144896,76561198002613044,frees.tyler
0.0,False,False,False,False,144896,76561198274174345,zig
0.0,False,False,False,False,144896,76561199433997570,Simple Dimple skins.army
,,,,,144896,76561199557907229,shawty#)$@
0.0,False,False,False,False,144896,76561198049602148,Moon
0.0,False,True,False,False,144896,76561199068251294,prosto bo$$
0.0,False,False,False,False,144896,76561198171814417,Faat
0.0,False,False,False,False,144896,76561199052717313,Worfy
0.0,False,False,False,False,144897,76561199256543526,Wybaczam.oficjalnie skins.army
0.0,False,False,False,False,144897,76561199826895670,RME | Пацан
8589934600.0,False,False,False,False,144897,76561198002613044,frees.tyler
0.0,False,False,False,False,144897,76561198274174345,zig
0.0,False,False,False,False,144897,76561199433997570,Simple Dimple skins.army
,,,,,144897,76561199557907229,shawty#)$@
0.0,False,False,False,False,144897,76561198049602148,Moon
0.0,False,True,False,False,144897,76561199068251294,prosto bo$$
0.0,False,False,False,False,144897,76561198171814417,Faat
0.0,False,False,False,False,144897,76561199052717313,Worfy
0.0,False,False,False,False,144898,76561199256543526,Wybaczam.oficjalnie skins.army
0.0,False,False,False,False,144898,76561199826895670,RME | Пацан
8589934600.0,False,False,False,False,144898,76561198002613044,frees.tyler
0.0,False,False,False,False,144898,76561198274174345,zig
0.0,False,False,False,False,144898,76561199433997570,Simple Dimple skins.army
,,,,,144898,76561199557907229,shawty#)$@
0.0,False,False,False,False,144898,76561198049602148,Moon
0.0,False,True,False,False,144898,76561199068251294,prosto bo$$
0.0,False,False,False,False,144898,76561198171814417,Faat
0.0,False,False,False,False,144898,76561199052717313,Worfy
0.0,False,False,False,False,144899,76561199256543526,Wybaczam.oficjalnie skins.army
0.0,False,False,False,False,144899,76561199826895670,RME | Пацан
8589934600.0,False,False,False,False,144899,76561198002613044,frees.tyler
0.0,False,False,False,False,144899,76561198274174345,zig
0.0,False,False,False,False,144899,76561199433997570,Simple Dimple skins.army
,,,,,144899,76561199557907229,shawty#)$@
0.0,False,False,False,False,144899,76561198049602148,Moon
0.0,False,True,False,False,144899,76561199068251294,prosto bo$$
0.0,False,False,False,False,144899,76561198171814417,Faat
0.0,False,False,False,False,144899,76561199052717313,Worfy
0.0,False,False,False,False,144900,76561199256543526,Wybaczam.oficjalnie skins.army
0.0,False,False,False,False,144900,76561199826895670,RME | Пацан
8589934600.0,False,False,False,False,144900,76561198002613044,frees.tyler
0.0,False,False,False,False,144900,76561198274174345,zig
0.0,False,False,False,False,144900,76561199433997570,Simple Dimple skins.army
,,,,,144900,76561199557907229,shawty#)$@
0.0,False,False,False,False,144900,76561198049602148,Moon
0.0,False,True,False,False,144900,76561199068251294,prosto bo$$
0.0,False,False,False,False,144900,76561198171814417,Faat
0.0,False,False,False,False,144900,76561199052717313,Worfy
0.0,False,False,False,False,144901,76561199256543526,Wybaczam.oficjalnie skins.army
0.0,False,False,False,False,144901,76561199826895670,RME | Пацан
8589934600.0,False,False,False,False,144901,76561198002613044,frees.tyler
0.0,False,False,False,False,144901,76561198274174345,zig
0.0,False,False,False,False,144901,76561199433997570,Simple Dimple skins.army
,,,,,144901,76561199557907229,shawty#)$@
0.0,False,False,False,False,144901,76561198049602148,Moon
0.0,False,True,False,False,144901,76561199068251294,prosto bo$$
0.0,False,False,False,False,144901,76561198171814417,Faat
0.0,False,False,False,False,144901,76561199052717313,Worfy
0.0,False,False,False,False,144902,76561199256543526,Wybaczam.oficjalnie skins.army
0.0,False,False,False,False,144902,76561199826895670,RME | Пацан
8589934600.0,False,False,False,False,144902,76561198002613044,frees.tyler
0.0,False,False,False,False,144902,76561198274174345,zig
0.0,False,False,False,False,144902,76561199433997570,Simple Dimple skins.army
,,,,,144902,76561199557907229,shawty#)$@
0.0,False,False,False,False,144902,76561198049602148,Moon
0.0,False,True,False,False,144902,76561199068251294,prosto bo$$
0.0,False,False,False,False,144902,76561198171814417,Faat
0.0,False,False,False,False,144902,76561199052717313,Worfy
