is_freeze_period,is_warmup_period,is_terrorist_timeout,is_ct_timeout,is_technical_timeout,is_waiting_for_resume,round_start_time,game_time,tick,steamid,name
False,True,False,False,False,False,3.15625,38.625,1,76561199256543526,Wybaczam.oficjalnie skins.army
False,True,False,False,False,False,3.15625,38.625,1,76561199826895670,RME | Пацан
False,True,False,False,False,False,3.15625,38.625,1,76561198002613044,frees.tyler
False,True,False,False,False,False,3.15625,38.625,1,76561198274174345,zig
False,True,False,False,False,False,3.15625,38.625,1,76561199433997570,Simple Dimple skins.army
False,True,False,False,False,False,3.15625,38.625,1,76561199557907229,shawty#)$@
False,True,False,False,False,False,3.15625,38.625,1,76561198049602148,Moon
False,True,False,False,False,False,3.15625,38.625,1,76561199068251294,prosto bo$$
False,True,False,False,False,False,3.15625,38.625,1,76561198171814417,Faat
False,True,False,False,False,False,3.15625,38.625,1,76561199052717313,Worfy
False,True,False,False,False,False,3.15625,38.640625,2,76561199256543526,Wybaczam.oficjalnie skins.army
False,True,False,False,False,False,3.15625,38.640625,2,76561199826895670,RME | Пацан
False,True,False,False,False,False,3.15625,38.640625,2,76561198002613044,frees.tyler
False,True,False,False,False,False,3.15625,38.640625,2,76561198274174345,zig
False,True,False,False,False,False,3.15625,38.640625,2,76561199433997570,Simple Dimple skins.army
False,True,False,False,False,False,3.15625,38.640625,2,76561199557907229,shawty#)$@
False,True,False,False,False,False,3.15625,38.640625,2,76561198049602148,Moon
False,True,False,False,False,False,3.15625,38.640625,2,76561199068251294,prosto bo$$
False,True,False,False,False,False,3.15625,38.640625,2,76561198171814417,Faat
False,True,False,False,False,False,3.15625,38.640625,2,76561199052717313,Worfy
False,True,False,False,False,False,3.15625,38.65625,3,76561199256543526,Wybaczam.oficjalnie skins.army
False,True,False,False,False,False,3.15625,38.65625,3,76561199826895670,RME | Пацан
False,True,False,False,False,False,3.15625,38.65625,3,76561198002613044,frees.tyler
False,True,False,False,False,False,3.15625,38.65625,3,76561198274174345,zig
False,True,False,False,False,False,3.15625,38.65625,3,76561199433997570,Simple Dimple skins.army
False,True,False,False,False,False,3.15625,38.65625,3,76561199557907229,shawty#)$@
False,True,False,False,False,False,3.15625,38.65625,3,76561198049602148,Moon
False,True,False,False,False,False,3.15625,38.65625,3,76561199068251294,prosto bo$$
False,True,False,False,False,False,3.15625,38.65625,3,76561198171814417,Faat
False,True,False,False,False,False,3.15625,38.65625,3,76561199052717313,Worfy
False,True,False,False,False,False,3.15625,38.671875,4,76561199256543526,Wybaczam.oficjalnie skins.army
False,True,False,False,False,False,3.15625,38.671875,4,76561199826895670,RME | Пацан
False,True,False,False,False,False,3.15625,38.671875,4,76561198002613044,frees.tyler
False,True,False,False,False,False,3.15625,38.671875,4,76561198274174345,zig
False,True,False,False,False,False,3.15625,38.671875,4,76561199433997570,Simple Dimple skins.army
False,True,False,False,False,False,3.15625,38.671875,4,76561199557907229,shawty#)$@
False,True,False,False,False,False,3.15625,38.671875,4,76561198049602148,Moon
False,True,False,False,False,False,3.15625,38.671875,4,76561199068251294,prosto bo$$
False,True,False,False,False,False,3.15625,38.671875,4,76561198171814417,Faat
False,True,False,False,False,False,3.15625,38.671875,4,76561199052717313,Worfy
False,True,False,False,False,False,3.15625,38.6875,5,76561199256543526,Wybaczam.oficjalnie skins.army
False,True,False,False,False,False,3.15625,38.6875,5,76561199826895670,RME | Пацан
False,True,False,False,False,False,3.15625,38.6875,5,76561198002613044,frees.tyler
False,True,False,False,False,False,3.15625,38.6875,5,76561198274174345,zig
False,True,False,False,False,False,3.15625,38.6875,5,76561199433997570,Simple Dimple skins.army
False,True,False,False,False,False,3.15625,38.6875,5,76561199557907229,shawty#)$@
False,True,False,False,False,False,3.15625,38.6875,5,76561198049602148,Moon
False,True,False,False,False,False,3.15625,38.6875,5,76561199068251294,prosto bo$$
False,True,False,False,False,False,3.15625,38.6875,5,76561198171814417,Faat
False,True,False,False,False,False,3.15625,38.6875,5,76561199052717313,Worfy
False,True,False,False,False,False,3.15625,38.703125,6,76561199256543526,Wybaczam.oficjalnie skins.army
False,True,False,False,False,False,3.15625,38.703125,6,76561199826895670,RME | Пацан
False,True,False,False,False,False,3.15625,38.703125,6,76561198002613044,frees.tyler
False,True,False,False,False,False,3.15625,38.703125,6,76561198274174345,zig
False,True,False,False,False,False,3.15625,38.703125,6,76561199433997570,Simple Dimple skins.army
False,True,False,False,False,False,3.15625,38.703125,6,76561199557907229,shawty#)$@
False,True,False,False,False,False,3.15625,38.703125,6,76561198049602148,Moon
False,True,False,False,False,False,3.15625,38.703125,6,76561199068251294,prosto bo$$
False,True,False,False,False,False,3.15625,38.703125,6,76561198171814417,Faat
False,True,False,False,False,False,3.15625,38.703125,6,76561199052717313,Worfy
False,True,False,False,False,False,3.15625,38.71875,7,76561199256543526,Wybaczam.oficjalnie skins.army
False,True,False,False,False,False,3.15625,38.71875,7,76561199826895670,RME | Пацан
False,True,False,False,False,False,3.15625,38.71875,7,76561198002613044,frees.tyler
False,True,False,False,False,False,3.15625,38.71875,7,76561198274174345,zig
False,True,False,False,False,False,3.15625,38.71875,7,76561199433997570,Simple Dimple skins.army
False,True,False,False,False,False,3.15625,38.71875,7,76561199557907229,shawty#)$@
False,True,False,False,False,False,3.15625,38.71875,7,76561198049602148,Moon
False,True,False,False,False,False,3.15625,38.71875,7,76561199068251294,prosto bo$$
False,True,False,False,False,False,3.15625,38.71875,7,76561198171814417,Faat
False,True,False,False,False,False,3.15625,38.71875,7,76561199052717313,Worfy
False,True,False,False,False,False,3.15625,38.734375,8,76561199256543526,Wybaczam.oficjalnie skins.army
False,True,False,False,False,False,3.15625,38.734375,8,76561199826895670,RME | Пацан
False,True,False,False,False,False,3.15625,38.734375,8,76561198002613044,frees.tyler
False,True,False,False,False,False,3.15625,38.734375,8,76561198274174345,zig
False,True,False,False,False,False,3.15625,38.734375,8,76561199433997570,Simple Dimple skins.army
False,True,False,False,False,False,3.15625,38.734375,8,76561199557907229,shawty#)$@
False,True,False,False,False,False,3.15625,38.734375,8,76561198049602148,Moon
False,True,False,False,False,False,3.15625,38.734375,8,76561199068251294,prosto bo$$
False,True,False,False,False,False,3.15625,38.734375,8,76561198171814417,Faat
False,True,False,False,False,False,3.15625,38.734375,8,76561199052717313,Worfy
False,True,False,False,False,False,3.15625,38.75,9,76561199256543526,Wybaczam.oficjalnie skins.army
False,True,False,False,False,False,3.15625,38.75,9,76561199826895670,RME | Пацан
False,True,False,False,False,False,3.15625,38.75,9,76561198002613044,frees.tyler
False,True,False,False,False,False,3.15625,38.75,9,76561198274174345,zig
False,True,False,False,False,False,3.15625,38.75,9,76561199433997570,Simple Dimple skins.army
False,True,False,False,False,False,3.15625,38.75,9,76561199557907229,shawty#)$@
False,True,False,False,False,False,3.15625,38.75,9,76561198049602148,Moon
False,True,False,False,False,False,3.15625,38.75,9,76561199068251294,prosto bo$$
False,True,False,False,False,False,3.15625,38.75,9,76561198171814417,Faat
False,True,False,False,False,False,3.15625,38.75,9,76561199052717313,Worfy
False,True,False,False,False,False,3.15625,38.765625,10,76561199256543526,Wybaczam.oficjalnie skins.army
False,True,False,False,False,False,3.15625,38.765625,10,76561199826895670,RME | Пацан
False,True,False,False,False,False,3.15625,38.765625,10,76561198002613044,frees.tyler
False,True,False,False,False,False,3.15625,38.765625,10,76561198274174345,zig
False,True,False,False,False,False,3.15625,38.765625,10,76561199433997570,Simple Dimple skins.army
False,True,False,False,False,False,3.15625,38.765625,10,76561199557907229,shawty#)$@
False,True,False,False,False,False,3.15625,38.765625,10,76561198049602148,Moon
False,True,False,False,False,False,3.15625,38.765625,10,76561199068251294,prosto bo$$
False,True,False,False,False,False,3.15625,38.765625,10,76561198171814417,Faat
False,True,False,False,False,False,3.15625,38.765625,10,76561199052717313,Worfy
False,True,False,False,False,False,3.15625,38.78125,11,76561199256543526,Wybaczam.oficjalnie skins.army
False,True,False,False,False,False,3.15625,38.78125,11,76561199826895670,RME | Пацан
False,True,False,False,False,False,3.15625,38.78125,11,76561198002613044,frees.tyler
False,True,False,False,False,False,3.15625,38.78125,11,76561198274174345,zig
False,True,False,False,False,False,3.15625,38.78125,11,76561199433997570,Simple Dimple skins.army
False,True,False,False,False,False,3.15625,38.78125,11,76561199557907229,shawty#)$@
False,True,False,False,False,False,3.15625,38.78125,11,76561198049602148,Moon
False,True,False,False,False,False,3.15625,38.78125,11,76561199068251294,prosto bo$$
False,True,False,False,False,False,3.15625,38.78125,11,76561198171814417,Faat
False,True,False,False,False,False,3.15625,38.78125,11,76561199052717313,Worfy
False,True,False,False,False,False,3.15625,38.796875,12,76561199256543526,Wybaczam.oficjalnie skins.army
False,True,False,False,False,False,3.15625,38.796875,12,76561199826895670,RME | Пацан
False,True,False,False,False,False,3.15625,38.796875,12,76561198002613044,frees.tyler
False,True,False,False,False,False,3.15625,38.796875,12,76561198274174345,zig
False,True,False,False,False,False,3.15625,38.796875,12,76561199433997570,Simple Dimple skins.army
False,True,False,False,False,False,3.15625,38.796875,12,76561199557907229,shawty#)$@
False,True,False,False,False,False,3.15625,38.796875,12,76561198049602148,Moon
False,True,False,False,False,False,3.15625,38.796875,12,76561199068251294,prosto bo$$
False,True,False,False,False,False,3.15625,38.796875,12,76561198171814417,Faat
False,True,False,False,False,False,3.15625,38.796875,12,76561199052717313,Worfy
False,True,False,False,False,False,3.15625,38.8125,13,76561199256543526,Wybaczam.oficjalnie skins.army
False,True,False,False,False,False,3.15625,38.8125,13,76561199826895670,RME | Пацан
False,True,False,False,False,False,3.15625,38.8125,13,76561198002613044,frees.tyler
False,True,False,False,False,False,3.15625,38.8125,13,76561198274174345,zig
False,True,False,False,False,False,3.15625,38.8125,13,76561199433997570,Simple Dimple skins.army
False,True,False,False,False,False,3.15625,38.8125,13,76561199557907229,shawty#)$@
False,True,False,False,False,False,3.15625,38.8125,13,76561198049602148,Moon
False,True,False,False,False,False,3.15625,38.8125,13,76561199068251294,prosto bo$$
False,True,False,False,False,False,3.15625,38.8125,13,76561198171814417,Faat
False,True,False,False,False,False,3.15625,38.8125,13,76561199052717313,Worfy
False,True,False,False,False,False,3.15625,38.828125,14,76561199256543526,Wybaczam.oficjalnie skins.army
False,True,False,False,False,False,3.15625,38.828125,14,76561199826895670,RME | Пацан
False,True,False,False,False,False,3.15625,38.828125,14,76561198002613044,frees.tyler
False,True,False,False,False,False,3.15625,38.828125,14,76561198274174345,zig
False,True,False,False,False,False,3.15625,38.828125,14,76561199433997570,Simple Dimple skins.army
False,True,False,False,False,False,3.15625,38.828125,14,76561199557907229,shawty#)$@
False,True,False,False,False,False,3.15625,38.828125,14,76561198049602148,Moon
False,True,False,False,False,False,3.15625,38.828125,14,76561199068251294,prosto bo$$
False,True,False,False,False,False,3.15625,38.828125,14,76561198171814417,Faat
False,True,False,False,False,False,3.15625,38.828125,14,76561199052717313,Worfy
False,True,False,False,False,False,3.15625,38.84375,15,76561199256543526,Wybaczam.oficjalnie skins.army
False,True,False,False,False,False,3.15625,38.84375,15,76561199826895670,RME | Пацан
False,True,False,False,False,False,3.15625,38.84375,15,76561198002613044,frees.tyler
False,True,False,False,False,False,3.15625,38.84375,15,76561198274174345,zig
False,True,False,False,False,False,3.15625,38.84375,15,76561199433997570,Simple Dimple skins.army
False,True,False,False,False,False,3.15625,38.84375,15,76561199557907229,shawty#)$@
False,True,False,False,False,False,3.15625,38.84375,15,76561198049602148,Moon
False,True,False,False,False,False,3.15625,38.84375,15,76561199068251294,prosto bo$$
False,True,False,False,False,False,3.15625,38.84375,15,76561198171814417,Faat
False,True,False,False,False,False,3.15625,38.84375,15,76561199052717313,Worfy
False,True,False,False,False,False,3.15625,38.859375,16,76561199256543526,Wybaczam.oficjalnie skins.army
False,True,False,False,False,False,3.15625,38.859375,16,76561199826895670,RME | Пацан
False,True,False,False,False,False,3.15625,38.859375,16,76561198002613044,frees.tyler
False,True,False,False,False,False,3.15625,38.859375,16,76561198274174345,zig
False,True,False,False,False,False,3.15625,38.859375,16,76561199433997570,Simple Dimple skins.army
False,True,False,False,False,False,3.15625,38.859375,16,76561199557907229,shawty#)$@
False,True,False,False,False,False,3.15625,38.859375,16,76561198049602148,Moon
False,True,False,False,False,False,3.15625,38.859375,16,76561199068251294,prosto bo$$
False,True,False,False,False,False,3.15625,38.859375,16,76561198171814417,Faat
False,True,False,False,False,False,3.15625,38.859375,16,76561199052717313,Worfy
False,True,False,False,False,False,3.15625,38.875,17,76561199256543526,Wybaczam.oficjalnie skins.army
False,True,False,False,False,False,3.15625,38.875,17,76561199826895670,RME | Пацан
False,True,False,False,False,False,3.15625,38.875,17,76561198002613044,frees.tyler
False,True,False,False,False,False,3.15625,38.875,17,76561198274174345,zig
False,True,False,False,False,False,3.15625,38.875,17,76561199433997570,Simple Dimple skins.army
False,True,False,False,False,False,3.15625,38.875,17,76561199557907229,shawty#)$@
False,True,False,False,False,False,3.15625,38.875,17,76561198049602148,Moon
False,True,False,False,False,False,3.15625,38.875,17,76561199068251294,prosto bo$$
False,True,False,False,False,False,3.15625,38.875,17,76561198171814417,Faat
False,True,False,False,False,False,3.15625,38.875,17,76561199052717313,Worfy
False,True,False,False,False,False,3.15625,38.890625,18,76561199256543526,Wybaczam.oficjalnie skins.army
False,True,False,False,False,False,3.15625,38.890625,18,76561199826895670,RME | Пацан
False,True,False,False,False,False,3.15625,38.890625,18,76561198002613044,frees.tyler
False,True,False,False,False,False,3.15625,38.890625,18,76561198274174345,zig
False,True,False,False,False,False,3.15625,38.890625,18,76561199433997570,Simple Dimple skins.army
False,True,False,False,False,False,3.15625,38.890625,18,76561199557907229,shawty#)$@
False,True,False,False,False,False,3.15625,38.890625,18,76561198049602148,Moon
False,True,False,False,False,False,3.15625,38.890625,18,76561199068251294,prosto bo$$
False,True,False,False,False,False,3.15625,38.890625,18,76561198171814417,Faat
False,True,False,False,False,False,3.15625,38.890625,18,76561199052717313,Worfy
False,True,False,False,False,False,3.15625,38.90625,19,76561199256543526,Wybaczam.oficjalnie skins.army
False,True,False,False,False,False,3.15625,38.90625,19,76561199826895670,RME | Пацан
False,True,False,False,False,False,3.15625,38.90625,19,76561198002613044,frees.tyler
False,True,False,False,False,False,3.15625,38.90625,19,76561198274174345,zig
False,True,False,False,False,False,3.15625,38.90625,19,76561199433997570,Simple Dimple skins.army
False,True,False,False,False,False,3.15625,38.90625,19,76561199557907229,shawty#)$@
False,True,False,False,False,False,3.15625,38.90625,19,76561198049602148,Moon
False,True,False,False,False,False,3.15625,38.90625,19,76561199068251294,prosto bo$$
False,True,False,False,False,False,3.15625,38.90625,19,76561198171814417,Faat
False,True,False,False,False,False,3.15625,38.90625,19,76561199052717313,Worfy
False,True,False,False,False,False,3.15625,38.921875,20,76561199256543526,Wybaczam.oficjalnie skins.army
False,True,False,False,False,False,3.15625,38.921875,20,76561199826895670,RME | Пацан
False,True,False,False,False,False,3.15625,38.921875,20,76561198002613044,frees.tyler
False,True,False,False,False,False,3.15625,38.921875,20,76561198274174345,zig
False,True,False,False,False,False,3.15625,38.921875,20,76561199433997570,Simple Dimple skins.army
False,True,False,False,False,False,3.15625,38.921875,20,76561199557907229,shawty#)$@
False,True,False,False,False,False,3.15625,38.921875,20,76561198049602148,Moon
False,True,False,False,False,False,3.15625,38.921875,20,76561199068251294,prosto bo$$
False,True,False,False,False,False,3.15625,38.921875,20,76561198171814417,Faat
False,True,False,False,False,False,3.15625,38.921875,20,76561199052717313,Worfy
False,True,False,False,False,False,3.15625,38.9375,21,76561199256543526,Wybaczam.oficjalnie skins.army
False,True,False,False,False,False,3.15625,38.9375,21,76561199826895670,RME | Пацан
False,True,False,False,False,False,3.15625,38.9375,21,76561198002613044,frees.tyler
False,True,False,False,False,False,3.15625,38.9375,21,76561198274174345,zig
False,True,False,False,False,False,3.15625,38.9375,21,76561199433997570,Simple Dimple skins.army
False,True,False,False,False,False,3.15625,38.9375,21,76561199557907229,shawty#)$@
False,True,False,False,False,False,3.15625,38.9375,21,76561198049602148,Moon
False,True,False,False,False,False,3.15625,38.9375,21,76561199068251294,prosto bo$$
False,True,False,False,False,False,3.15625,38.9375,21,76561198171814417,Faat
False,True,False,False,False,False,3.15625,38.9375,21,76561199052717313,Worfy
False,True,False,False,False,False,3.15625,38.953125,22,76561199256543526,Wybaczam.oficjalnie skins.army
False,True,False,False,False,False,3.15625,38.953125,22,76561199826895670,RME | Пацан
False,True,False,False,False,False,3.15625,38.953125,22,76561198002613044,frees.tyler
False,True,False,False,False,False,3.15625,38.953125,22,76561198274174345,zig
False,True,False,False,False,False,3.15625,38.953125,22,76561199433997570,Simple Dimple skins.army
False,True,False,False,False,False,3.15625,38.953125,22,76561199557907229,shawty#)$@
False,True,False,False,False,False,3.15625,38.953125,22,76561198049602148,Moon
False,True,False,False,False,False,3.15625,38.953125,22,76561199068251294,prosto bo$$
False,True,False,False,False,False,3.15625,38.953125,22,76561198171814417,Faat
False,True,False,False,False,False,3.15625,38.953125,22,76561199052717313,Worfy
False,True,False,False,False,False,3.15625,38.96875,23,76561199256543526,Wybaczam.oficjalnie skins.army
False,True,False,False,False,False,3.15625,38.96875,23,76561199826895670,RME | Пацан
False,True,False,False,False,False,3.15625,38.96875,23,76561198002613044,frees.tyler
False,True,False,False,False,False,3.15625,38.96875,23,76561198274174345,zig
False,True,False,False,False,False,3.15625,38.96875,23,76561199433997570,Simple Dimple skins.army
False,True,False,False,False,False,3.15625,38.96875,23,76561199557907229,shawty#)$@
False,True,False,False,False,False,3.15625,38.96875,23,76561198049602148,Moon
False,True,False,False,False,False,3.15625,38.96875,23,76561199068251294,prosto bo$$
False,True,False,False,False,False,3.15625,38.96875,23,76561198171814417,Faat
False,True,False,False,False,False,3.15625,38.96875,23,76561199052717313,Worfy
False,True,False,False,False,False,3.15625,38.984375,24,76561199256543526,Wybaczam.oficjalnie skins.army
False,True,False,False,False,False,3.15625,38.984375,24,76561199826895670,RME | Пацан
False,True,False,False,False,False,3.15625,38.984375,24,76561198002613044,frees.tyler
False,True,False,False,False,False,3.15625,38.984375,24,76561198274174345,zig
False,True,False,False,False,False,3.15625,38.984375,24,76561199433997570,Simple Dimple skins.army
False,True,False,False,False,False,3.15625,38.984375,24,76561199557907229,shawty#)$@
False,True,False,False,False,False,3.15625,38.984375,24,76561198049602148,Moon
False,True,False,False,False,False,3.15625,38.984375,24,76561199068251294,prosto bo$$
False,True,False,False,False,False,3.15625,38.984375,24,76561198171814417,Faat
False,True,False,False,False,False,3.15625,38.984375,24,76561199052717313,Worfy
False,True,False,False,False,False,3.15625,39.0,25,76561199256543526,Wybaczam.oficjalnie skins.army
False,True,False,False,False,False,3.15625,39.0,25,76561199826895670,RME | Пацан
False,True,False,False,False,False,3.15625,39.0,25,76561198002613044,frees.tyler
False,True,False,False,False,False,3.15625,39.0,25,76561198274174345,zig
False,True,False,False,False,False,3.15625,39.0,25,76561199433997570,Simple Dimple skins.army
False,True,False,False,False,False,3.15625,39.0,25,76561199557907229,shawty#)$@
False,True,False,False,False,False,3.15625,39.0,25,76561198049602148,Moon
False,True,False,False,False,False,3.15625,39.0,25,76561199068251294,prosto bo$$
False,True,False,False,False,False,3.15625,39.0,25,76561198171814417,Faat
False,True,False,False,False,False,3.15625,39.0,25,76561199052717313,Worfy
False,True,False,False,False,False,3.15625,39.015625,26,76561199256543526,Wybaczam.oficjalnie skins.army
False,True,False,False,False,False,3.15625,39.015625,26,76561199826895670,RME | Пацан
False,True,False,False,False,False,3.15625,39.015625,26,76561198002613044,frees.tyler
False,True,False,False,False,False,3.15625,39.015625,26,76561198274174345,zig
False,True,False,False,False,False,3.15625,39.015625,26,76561199433997570,Simple Dimple skins.army
False,True,False,False,False,False,3.15625,39.015625,26,76561199557907229,shawty#)$@
False,True,False,False,False,False,3.15625,39.015625,26,76561198049602148,Moon
False,True,False,False,False,False,3.15625,39.015625,26,76561199068251294,prosto bo$$
False,True,False,False,False,False,3.15625,39.015625,26,76561198171814417,Faat
False,True,False,False,False,False,3.15625,39.015625,26,76561199052717313,Worfy
False,True,False,False,False,False,3.15625,39.03125,27,76561199256543526,Wybaczam.oficjalnie skins.army
False,True,False,False,False,False,3.15625,39.03125,27,76561199826895670,RME | Пацан
False,True,False,False,False,False,3.15625,39.03125,27,76561198002613044,frees.tyler
False,True,False,False,False,False,3.15625,39.03125,27,76561198274174345,zig
False,True,False,False,False,False,3.15625,39.03125,27,76561199433997570,Simple Dimple skins.army
False,True,False,False,False,False,3.15625,39.03125,27,76561199557907229,shawty#)$@
False,True,False,False,False,False,3.15625,39.03125,27,76561198049602148,Moon
False,True,False,False,False,False,3.15625,39.03125,27,76561199068251294,prosto bo$$
False,True,False,False,False,False,3.15625,39.03125,27,76561198171814417,Faat
False,True,False,False,False,False,3.15625,39.03125,27,76561199052717313,Worfy
False,True,False,False,False,False,3.15625,39.046875,28,76561199256543526,Wybaczam.oficjalnie skins.army
False,True,False,False,False,False,3.15625,39.046875,28,76561199826895670,RME | Пацан
False,True,False,False,False,False,3.15625,39.046875,28,76561198002613044,frees.tyler
False,True,False,False,False,False,3.15625,39.046875,28,76561198274174345,zig
False,True,False,False,False,False,3.15625,39.046875,28,76561199433997570,Simple Dimple skins.army
False,True,False,False,False,False,3.15625,39.046875,28,76561199557907229,shawty#)$@
False,True,False,False,False,False,3.15625,39.046875,28,76561198049602148,Moon
False,True,False,False,False,False,3.15625,39.046875,28,76561199068251294,prosto bo$$
False,True,False,False,False,False,3.15625,39.046875,28,76561198171814417,Faat
False,True,False,False,False,False,3.15625,39.046875,28,76561199052717313,Worfy
False,True,False,False,False,False,3.15625,39.0625,29,76561199256543526,Wybaczam.oficjalnie skins.army
False,True,False,False,False,False,3.15625,39.0625,29,76561199826895670,RME | Пацан
False,True,False,False,False,False,3.15625,39.0625,29,76561198002613044,frees.tyler
False,True,False,False,False,False,3.15625,39.0625,29,76561198274174345,zig
False,True,False,False,False,False,3.15625,39.0625,29,76561199433997570,Simple Dimple skins.army
False,True,False,False,False,False,3.15625,39.0625,29,76561199557907229,shawty#)$@
False,True,False,False,False,False,3.15625,39.0625,29,76561198049602148,Moon
False,True,False,False,False,False,3.15625,39.0625,29,76561199068251294,prosto bo$$
False,True,False,False,False,False,3.15625,39.0625,29,76561198171814417,Faat
False,True,False,False,False,False,3.15625,39.0625,29,76561199052717313,Worfy
False,True,False,False,False,False,3.15625,39.078125,30,76561199256543526,Wybaczam.oficjalnie skins.army
False,True,False,False,False,False,3.15625,39.078125,30,76561199826895670,RME | Пацан
False,True,False,False,False,False,3.15625,39.078125,30,76561198002613044,frees.tyler
False,True,False,False,False,False,3.15625,39.078125,30,76561198274174345,zig
False,True,False,False,False,False,3.15625,39.078125,30,76561199433997570,Simple Dimple skins.army
False,True,False,False,False,False,3.15625,39.078125,30,76561199557907229,shawty#)$@
False,True,False,False,False,False,3.15625,39.078125,30,76561198049602148,Moon
False,True,False,False,False,False,3.15625,39.078125,30,76561199068251294,prosto bo$$
False,True,False,False,False,False,3.15625,39.078125,30,76561198171814417,Faat
False,True,False,False,False,False,3.15625,39.078125,30,76561199052717313,Worfy
False,True,False,False,False,False,3.15625,39.09375,31,76561199256543526,Wybaczam.oficjalnie skins.army
False,True,False,False,False,False,3.15625,39.09375,31,76561199826895670,RME | Пацан
False,True,False,False,False,False,3.15625,39.09375,31,76561198002613044,frees.tyler
False,True,False,False,False,False,3.15625,39.09375,31,76561198274174345,zig
False,True,False,False,False,False,3.15625,39.09375,31,76561199433997570,Simple Dimple skins.army
False,True,False,False,False,False,3.15625,39.09375,31,76561199557907229,shawty#)$@
False,True,False,False,False,False,3.15625,39.09375,31,76561198049602148,Moon
False,True,False,False,False,False,3.15625,39.09375,31,76561199068251294,prosto bo$$
False,True,False,False,False,False,3.15625,39.09375,31,76561198171814417,Faat
False,True,False,False,False,False,3.15625,39.09375,31,76561199052717313,Worfy
False,True,False,False,False,False,3.15625,39.109375,32,76561199256543526,Wybaczam.oficjalnie skins.army
False,True,False,False,False,False,3.15625,39.109375,32,76561199826895670,RME | Пацан
False,True,False,False,False,False,3.15625,39.109375,32,76561198002613044,frees.tyler
False,True,False,False,False,False,3.15625,39.109375,32,76561198274174345,zig
False,True,False,False,False,False,3.15625,39.109375,32,76561199433997570,Simple Dimple skins.army
False,True,False,False,False,False,3.15625,39.109375,32,76561199557907229,shawty#)$@
False,True,False,False,False,False,3.15625,39.109375,32,76561198049602148,Moon
False,True,False,False,False,False,3.15625,39.109375,32,76561199068251294,prosto bo$$
False,True,False,False,False,False,3.15625,39.109375,32,76561198171814417,Faat
False,True,False,False,False,False,3.15625,39.109375,32,76561199052717313,Worfy
False,True,False,False,False,False,3.15625,39.125,33,76561199256543526,Wybaczam.oficjalnie skins.army
False,True,False,False,False,False,3.15625,39.125,33,76561199826895670,RME | Пацан
False,True,False,False,False,False,3.15625,39.125,33,76561198002613044,frees.tyler
False,True,False,False,False,False,3.15625,39.125,33,76561198274174345,zig
False,True,False,False,False,False,3.15625,39.125,33,76561199433997570,Simple Dimple skins.army
False,True,False,False,False,False,3.15625,39.125,33,76561199557907229,shawty#)$@
False,True,False,False,False,False,3.15625,39.125,33,76561198049602148,Moon
False,True,False,False,False,False,3.15625,39.125,33,76561199068251294,prosto bo$$
False,True,False,False,False,False,3.15625,39.125,33,76561198171814417,Faat
False,True,False,False,False,False,3.15625,39.125,33,76561199052717313,Worfy
False,True,False,False,False,False,3.15625,39.140625,34,76561199256543526,Wybaczam.oficjalnie skins.army
False,True,False,False,False,False,3.15625,39.140625,34,76561199826895670,RME | Пацан
False,True,False,False,False,False,3.15625,39.140625,34,76561198002613044,frees.tyler
False,True,False,False,False,False,3.15625,39.140625,34,76561198274174345,zig
False,True,False,False,False,False,3.15625,39.140625,34,76561199433997570,Simple Dimple skins.army
False,True,False,False,False,False,3.15625,39.140625,34,76561199557907229,shawty#)$@
False,True,False,False,False,False,3.15625,39.140625,34,76561198049602148,Moon
False,True,False,False,False,False,3.15625,39.140625,34,76561199068251294,prosto bo$$
False,True,False,False,False,False,3.15625,39.140625,34,76561198171814417,Faat
False,True,False,False,False,False,3.15625,39.140625,34,76561199052717313,Worfy
False,True,False,False,False,False,3.15625,39.15625,35,76561199256543526,Wybaczam.oficjalnie skins.army
False,True,False,False,False,False,3.15625,39.15625,35,76561199826895670,RME | Пацан
False,True,False,False,False,False,3.15625,39.15625,35,76561198002613044,frees.tyler
False,True,False,False,False,False,3.15625,39.15625,35,76561198274174345,zig
False,True,False,False,False,False,3.15625,39.15625,35,76561199433997570,Simple Dimple skins.army
False,True,False,False,False,False,3.15625,39.15625,35,76561199557907229,shawty#)$@
False,True,False,False,False,False,3.15625,39.15625,35,76561198049602148,Moon
False,True,False,False,False,False,3.15625,39.15625,35,76561199068251294,prosto bo$$
False,True,False,False,False,False,3.15625,39.15625,35,76561198171814417,Faat
False,True,False,False,False,False,3.15625,39.15625,35,76561199052717313,Worfy
False,True,False,False,False,False,3.15625,39.171875,36,76561199256543526,Wybaczam.oficjalnie skins.army
False,True,False,False,False,False,3.15625,39.171875,36,76561199826895670,RME | Пацан
False,True,False,False,False,False,3.15625,39.171875,36,76561198002613044,frees.tyler
False,True,False,False,False,False,3.15625,39.171875,36,76561198274174345,zig
False,True,False,False,False,False,3.15625,39.171875,36,76561199433997570,Simple Dimple skins.army
False,True,False,False,False,False,3.15625,39.171875,36,76561199557907229,shawty#)$@
False,True,False,False,False,False,3.15625,39.171875,36,76561198049602148,Moon
False,True,False,False,False,False,3.15625,39.171875,36,76561199068251294,prosto bo$$
False,True,False,False,False,False,3.15625,39.171875,36,76561198171814417,Faat
False,True,False,False,False,False,3.15625,39.171875,36,76561199052717313,Worfy
False,True,False,False,False,False,3.15625,39.1875,37,76561199256543526,Wybaczam.oficjalnie skins.army
False,True,False,False,False,False,3.15625,39.1875,37,76561199826895670,RME | Пацан
False,True,False,False,False,False,3.15625,39.1875,37,76561198002613044,frees.tyler
False,True,False,False,False,False,3.15625,39.1875,37,76561198274174345,zig
False,True,False,False,False,False,3.15625,39.1875,37,76561199433997570,Simple Dimple skins.army
False,True,False,False,False,False,3.15625,39.1875,37,76561199557907229,shawty#)$@
False,True,False,False,False,False,3.15625,39.1875,37,76561198049602148,Moon
False,True,False,False,False,False,3.15625,39.1875,37,76561199068251294,prosto bo$$
False,True,False,False,False,False,3.15625,39.1875,37,76561198171814417,Faat
False,True,False,False,False,False,3.15625,39.1875,37,76561199052717313,Worfy
False,True,False,False,False,False,3.15625,39.203125,38,76561199256543526,Wybaczam.oficjalnie skins.army
False,True,False,False,False,False,3.15625,39.203125,38,76561199826895670,RME | Пацан
False,True,False,False,False,False,3.15625,39.203125,38,76561198002613044,frees.tyler
False,True,False,False,False,False,3.15625,39.203125,38,76561198274174345,zig
False,True,False,False,False,False,3.15625,39.203125,38,76561199433997570,Simple Dimple skins.army
False,True,False,False,False,False,3.15625,39.203125,38,76561199557907229,shawty#)$@
False,True,False,False,False,False,3.15625,39.203125,38,76561198049602148,Moon
False,True,False,False,False,False,3.15625,39.203125,38,76561199068251294,prosto bo$$
False,True,False,False,False,False,3.15625,39.203125,38,76561198171814417,Faat
False,True,False,False,False,False,3.15625,39.203125,38,76561199052717313,Worfy
False,True,False,False,False,False,3.15625,39.21875,39,76561199256543526,Wybaczam.oficjalnie skins.army
False,True,False,False,False,False,3.15625,39.21875,39,76561199826895670,RME | Пацан
False,True,False,False,False,False,3.15625,39.21875,39,76561198002613044,frees.tyler
False,True,False,False,False,False,3.15625,39.21875,39,76561198274174345,zig
False,True,False,False,False,False,3.15625,39.21875,39,76561199433997570,Simple Dimple skins.army
False,True,False,False,False,False,3.15625,39.21875,39,76561199557907229,shawty#)$@
False,True,False,False,False,False,3.15625,39.21875,39,76561198049602148,Moon
False,True,False,False,False,False,3.15625,39.21875,39,76561199068251294,prosto bo$$
False,True,False,False,False,False,3.15625,39.21875,39,76561198171814417,Faat
False,True,False,False,False,False,3.15625,39.21875,39,76561199052717313,Worfy
False,True,False,False,False,False,3.15625,39.234375,40,76561199256543526,Wybaczam.oficjalnie skins.army
False,True,False,False,False,False,3.15625,39.234375,40,76561199826895670,RME | Пацан
False,True,False,False,False,False,3.15625,39.234375,40,76561198002613044,frees.tyler
False,True,False,False,False,False,3.15625,39.234375,40,76561198274174345,zig
False,True,False,False,False,False,3.15625,39.234375,40,76561199433997570,Simple Dimple skins.army
False,True,False,False,False,False,3.15625,39.234375,40,76561199557907229,shawty#)$@
False,True,False,False,False,False,3.15625,39.234375,40,76561198049602148,Moon
False,True,False,False,False,False,3.15625,39.234375,40,76561199068251294,prosto bo$$
False,True,False,False,False,False,3.15625,39.234375,40,76561198171814417,Faat
False,True,False,False,False,False,3.15625,39.234375,40,76561199052717313,Worfy
False,True,False,False,False,False,3.15625,39.25,41,76561199256543526,Wybaczam.oficjalnie skins.army
False,True,False,False,False,False,3.15625,39.25,41,76561199826895670,RME | Пацан
False,True,False,False,False,False,3.15625,39.25,41,76561198002613044,frees.tyler
False,True,False,False,False,False,3.15625,39.25,41,76561198274174345,zig
False,True,False,False,False,False,3.15625,39.25,41,76561199433997570,Simple Dimple skins.army
False,True,False,False,False,False,3.15625,39.25,41,76561199557907229,shawty#)$@
False,True,False,False,False,False,3.15625,39.25,41,76561198049602148,Moon
False,True,False,False,False,False,3.15625,39.25,41,76561199068251294,prosto bo$$
False,True,False,False,False,False,3.15625,39.25,41,76561198171814417,Faat
False,True,False,False,False,False,3.15625,39.25,41,76561199052717313,Worfy
False,True,False,False,False,False,3.15625,39.265625,42,76561199256543526,Wybaczam.oficjalnie skins.army
False,True,False,False,False,False,3.15625,39.265625,42,76561199826895670,RME | Пацан
False,True,False,False,False,False,3.15625,39.265625,42,76561198002613044,frees.tyler
False,True,False,False,False,False,3.15625,39.265625,42,76561198274174345,zig
False,True,False,False,False,False,3.15625,39.265625,42,76561199433997570,Simple Dimple skins.army
False,True,False,False,False,False,3.15625,39.265625,42,76561199557907229,shawty#)$@
False,True,False,False,False,False,3.15625,39.265625,42,76561198049602148,Moon
False,True,False,False,False,False,3.15625,39.265625,42,76561199068251294,prosto bo$$
False,True,False,False,False,False,3.15625,39.265625,42,76561198171814417,Faat
False,True,False,False,False,False,3.15625,39.265625,42,76561199052717313,Worfy
False,True,False,False,False,False,3.15625,39.28125,43,76561199256543526,Wybaczam.oficjalnie skins.army
False,True,False,False,False,False,3.15625,39.28125,43,76561199826895670,RME | Пацан
False,True,False,False,False,False,3.15625,39.28125,43,76561198002613044,frees.tyler
False,True,False,False,False,False,3.15625,39.28125,43,76561198274174345,zig
False,True,False,False,False,False,3.15625,39.28125,43,76561199433997570,Simple Dimple skins.army
False,True,False,False,False,False,3.15625,39.28125,43,76561199557907229,shawty#)$@
False,True,False,False,False,False,3.15625,39.28125,43,76561198049602148,Moon
False,True,False,False,False,False,3.15625,39.28125,43,76561199068251294,prosto bo$$
False,True,False,False,False,False,3.15625,39.28125,43,76561198171814417,Faat
False,True,False,False,False,False,3.15625,39.28125,43,76561199052717313,Worfy
False,True,False,False,False,False,3.15625,39.296875,44,76561199256543526,Wybaczam.oficjalnie skins.army
False,True,False,False,False,False,3.15625,39.296875,44,76561199826895670,RME | Пацан
False,True,False,False,False,False,3.15625,39.296875,44,76561198002613044,frees.tyler
False,True,False,False,False,False,3.15625,39.296875,44,76561198274174345,zig
False,True,False,False,False,False,3.15625,39.296875,44,76561199433997570,Simple Dimple skins.army
False,True,False,False,False,False,3.15625,39.296875,44,76561199557907229,shawty#)$@
False,True,False,False,False,False,3.15625,39.296875,44,76561198049602148,Moon
False,True,False,False,False,False,3.15625,39.296875,44,76561199068251294,prosto bo$$
False,True,False,False,False,False,3.15625,39.296875,44,76561198171814417,Faat
False,True,False,False,False,False,3.15625,39.296875,44,76561199052717313,Worfy
False,True,False,False,False,False,3.15625,39.3125,45,76561199256543526,Wybaczam.oficjalnie skins.army
False,True,False,False,False,False,3.15625,39.3125,45,76561199826895670,RME | Пацан
False,True,False,False,False,False,3.15625,39.3125,45,76561198002613044,frees.tyler
False,True,False,False,False,False,3.15625,39.3125,45,76561198274174345,zig
False,True,False,False,False,False,3.15625,39.3125,45,76561199433997570,Simple Dimple skins.army
False,True,False,False,False,False,3.15625,39.3125,45,76561199557907229,shawty#)$@
False,True,False,False,False,False,3.15625,39.3125,45,76561198049602148,Moon
False,True,False,False,False,False,3.15625,39.3125,45,76561199068251294,prosto bo$$
False,True,False,False,False,False,3.15625,39.3125,45,76561198171814417,Faat
False,True,False,False,False,False,3.15625,39.3125,45,76561199052717313,Worfy
False,True,False,False,False,False,3.15625,39.328125,46,76561199256543526,Wybaczam.oficjalnie skins.army
False,True,False,False,False,False,3.15625,39.328125,46,76561199826895670,RME | Пацан
False,True,False,False,False,False,3.15625,39.328125,46,76561198002613044,frees.tyler
False,True,False,False,False,False,3.15625,39.328125,46,76561198274174345,zig
False,True,False,False,False,False,3.15625,39.328125,46,76561199433997570,Simple Dimple skins.army
False,True,False,False,False,False,3.15625,39.328125,46,76561199557907229,shawty#)$@
False,True,False,False,False,False,3.15625,39.328125,46,76561198049602148,Moon
False,True,False,False,False,False,3.15625,39.328125,46,76561199068251294,prosto bo$$
False,True,False,False,False,False,3.15625,39.328125,46,76561198171814417,Faat
False,True,False,False,False,False,3.15625,39.328125,46,76561199052717313,Worfy
False,True,False,False,False,False,3.15625,39.34375,47,76561199256543526,Wybaczam.oficjalnie skins.army
False,True,False,False,False,False,3.15625,39.34375,47,76561199826895670,RME | Пацан
False,True,False,False,False,False,3.15625,39.34375,47,76561198002613044,frees.tyler
False,True,False,False,False,False,3.15625,39.34375,47,76561198274174345,zig
False,True,False,False,False,False,3.15625,39.34375,47,76561199433997570,Simple Dimple skins.army
False,True,False,False,False,False,3.15625,39.34375,47,76561199557907229,shawty#)$@
False,True,False,False,False,False,3.15625,39.34375,47,76561198049602148,Moon
False,True,False,False,False,False,3.15625,39.34375,47,76561199068251294,prosto bo$$
False,True,False,False,False,False,3.15625,39.34375,47,76561198171814417,Faat
False,True,False,False,False,False,3.15625,39.34375,47,76561199052717313,Worfy
False,True,False,False,False,False,3.15625,39.359375,48,76561199256543526,Wybaczam.oficjalnie skins.army
False,True,False,False,False,False,3.15625,39.359375,48,76561199826895670,RME | Пацан
False,True,False,False,False,False,3.15625,39.359375,48,76561198002613044,frees.tyler
False,True,False,False,False,False,3.15625,39.359375,48,76561198274174345,zig
False,True,False,False,False,False,3.15625,39.359375,48,76561199433997570,Simple Dimple skins.army
False,True,False,False,False,False,3.15625,39.359375,48,76561199557907229,shawty#)$@
False,True,False,False,False,False,3.15625,39.359375,48,76561198049602148,Moon
False,True,False,False,False,False,3.15625,39.359375,48,76561199068251294,prosto bo$$
False,True,False,False,False,False,3.15625,39.359375,48,76561198171814417,Faat
False,True,False,False,False,False,3.15625,39.359375,48,76561199052717313,Worfy
False,True,False,False,False,False,3.15625,39.375,49,76561199256543526,Wybaczam.oficjalnie skins.army
False,True,False,False,False,False,3.15625,39.375,49,76561199826895670,RME | Пацан
False,True,False,False,False,False,3.15625,39.375,49,76561198002613044,frees.tyler
False,True,False,False,False,False,3.15625,39.375,49,76561198274174345,zig
False,True,False,False,False,False,3.15625,39.375,49,76561199433997570,Simple Dimple skins.army
False,True,False,False,False,False,3.15625,39.375,49,76561199557907229,shawty#)$@
False,True,False,False,False,False,3.15625,39.375,49,76561198049602148,Moon
False,True,False,False,False,False,3.15625,39.375,49,76561199068251294,prosto bo$$
False,True,False,False,False,False,3.15625,39.375,49,76561198171814417,Faat
False,True,False,False,False,False,3.15625,39.375,49,76561199052717313,Worfy
False,True,False,False,False,False,3.15625,39.390625,50,76561199256543526,Wybaczam.oficjalnie skins.army
False,True,False,False,False,False,3.15625,39.390625,50,76561199826895670,RME | Пацан
False,True,False,False,False,False,3.15625,39.390625,50,76561198002613044,frees.tyler
False,True,False,False,False,False,3.15625,39.390625,50,76561198274174345,zig
False,True,False,False,False,False,3.15625,39.390625,50,76561199433997570,Simple Dimple skins.army
False,True,False,False,False,False,3.15625,39.390625,50,76561199557907229,shawty#)$@
False,True,False,False,False,False,3.15625,39.390625,50,76561198049602148,Moon
False,True,False,False,False,False,3.15625,39.390625,50,76561199068251294,prosto bo$$
False,True,False,False,False,False,3.15625,39.390625,50,76561198171814417,Faat
False,True,False,False,False,False,3.15625,39.390625,50,76561199052717313,Worfy
False,True,False,False,False,False,3.15625,39.40625,51,76561199256543526,Wybaczam.oficjalnie skins.army
False,True,False,False,False,False,3.15625,39.40625,51,76561199826895670,RME | Пацан
False,True,False,False,False,False,3.15625,39.40625,51,76561198002613044,frees.tyler
False,True,False,False,False,False,3.15625,39.40625,51,76561198274174345,zig
False,True,False,False,False,False,3.15625,39.40625,51,76561199433997570,Simple Dimple skins.army
False,True,False,False,False,False,3.15625,39.40625,51,76561199557907229,shawty#)$@
False,True,False,False,False,False,3.15625,39.40625,51,76561198049602148,Moon
False,True,False,False,False,False,3.15625,39.40625,51,76561199068251294,prosto bo$$
False,True,False,False,False,False,3.15625,39.40625,51,76561198171814417,Faat
False,True,False,False,False,False,3.15625,39.40625,51,76561199052717313,Worfy
False,True,False,False,False,False,3.15625,39.421875,52,76561199256543526,Wybaczam.oficjalnie skins.army
False,True,False,False,False,False,3.15625,39.421875,52,76561199826895670,RME | Пацан
False,True,False,False,False,False,3.15625,39.421875,52,76561198002613044,frees.tyler
False,True,False,False,False,False,3.15625,39.421875,52,76561198274174345,zig
False,True,False,False,False,False,3.15625,39.421875,52,76561199433997570,Simple Dimple skins.army
False,True,False,False,False,False,3.15625,39.421875,52,76561199557907229,shawty#)$@
False,True,False,False,False,False,3.15625,39.421875,52,76561198049602148,Moon
False,True,False,False,False,False,3.15625,39.421875,52,76561199068251294,prosto bo$$
False,True,False,False,False,False,3.15625,39.421875,52,76561198171814417,Faat
False,True,False,False,False,False,3.15625,39.421875,52,76561199052717313,Worfy
False,True,False,False,False,False,3.15625,39.4375,53,76561199256543526,Wybaczam.oficjalnie skins.army
False,True,False,False,False,False,3.15625,39.4375,53,76561199826895670,RME | Пацан
False,True,False,False,False,False,3.15625,39.4375,53,76561198002613044,frees.tyler
False,True,False,False,False,False,3.15625,39.4375,53,76561198274174345,zig
False,True,False,False,False,False,3.15625,39.4375,53,76561199433997570,Simple Dimple skins.army
False,True,False,False,False,False,3.15625,39.4375,53,76561199557907229,shawty#)$@
False,True,False,False,False,False,3.15625,39.4375,53,76561198049602148,Moon
False,True,False,False,False,False,3.15625,39.4375,53,76561199068251294,prosto bo$$
False,True,False,False,False,False,3.15625,39.4375,53,76561198171814417,Faat
False,True,False,False,False,False,3.15625,39.4375,53,76561199052717313,Worfy
False,True,False,False,False,False,3.15625,39.453125,54,76561199256543526,Wybaczam.oficjalnie skins.army
False,True,False,False,False,False,3.15625,39.453125,54,76561199826895670,RME | Пацан
False,True,False,False,False,False,3.15625,39.453125,54,76561198002613044,frees.tyler
False,True,False,False,False,False,3.15625,39.453125,54,76561198274174345,zig
False,True,False,False,False,False,3.15625,39.453125,54,76561199433997570,Simple Dimple skins.army
False,True,False,False,False,False,3.15625,39.453125,54,76561199557907229,shawty#)$@
False,True,False,False,False,False,3.15625,39.453125,54,76561198049602148,Moon
False,True,False,False,False,False,3.15625,39.453125,54,76561199068251294,prosto bo$$
False,True,False,False,False,False,3.15625,39.453125,54,76561198171814417,Faat
False,True,False,False,False,False,3.15625,39.453125,54,76561199052717313,Worfy
False,True,False,False,False,False,3.15625,39.46875,55,76561199256543526,Wybaczam.oficjalnie skins.army
False,True,False,False,False,False,3.15625,39.46875,55,76561199826895670,RME | Пацан
False,True,False,False,False,False,3.15625,39.46875,55,76561198002613044,frees.tyler
False,True,False,False,False,False,3.15625,39.46875,55,76561198274174345,zig
False,True,False,False,False,False,3.15625,39.46875,55,76561199433997570,Simple Dimple skins.army
False,True,False,False,False,False,3.15625,39.46875,55,76561199557907229,shawty#)$@
False,True,False,False,False,False,3.15625,39.46875,55,76561198049602148,Moon
False,True,False,False,False,False,3.15625,39.46875,55,76561199068251294,prosto bo$$
False,True,False,False,False,False,3.15625,39.46875,55,76561198171814417,Faat
False,True,False,False,False,False,3.15625,39.46875,55,76561199052717313,Worfy
False,True,False,False,False,False,3.15625,39.484375,56,76561199256543526,Wybaczam.oficjalnie skins.army
False,True,False,False,False,False,3.15625,39.484375,56,76561199826895670,RME | Пацан
False,True,False,False,False,False,3.15625,39.484375,56,76561198002613044,frees.tyler
False,True,False,False,False,False,3.15625,39.484375,56,76561198274174345,zig
False,True,False,False,False,False,3.15625,39.484375,56,76561199433997570,Simple Dimple skins.army
False,True,False,False,False,False,3.15625,39.484375,56,76561199557907229,shawty#)$@
False,True,False,False,False,False,3.15625,39.484375,56,76561198049602148,Moon
False,True,False,False,False,False,3.15625,39.484375,56,76561199068251294,prosto bo$$
False,True,False,False,False,False,3.15625,39.484375,56,76561198171814417,Faat
False,True,False,False,False,False,3.15625,39.484375,56,76561199052717313,Worfy
False,True,False,False,False,False,3.15625,39.5,57,76561199256543526,Wybaczam.oficjalnie skins.army
False,True,False,False,False,False,3.15625,39.5,57,76561199826895670,RME | Пацан
False,True,False,False,False,False,3.15625,39.5,57,76561198002613044,frees.tyler
False,True,False,False,False,False,3.15625,39.5,57,76561198274174345,zig
False,True,False,False,False,False,3.15625,39.5,57,76561199433997570,Simple Dimple skins.army
False,True,False,False,False,False,3.15625,39.5,57,76561199557907229,shawty#)$@
False,True,False,False,False,False,3.15625,39.5,57,76561198049602148,Moon
False,True,False,False,False,False,3.15625,39.5,57,76561199068251294,prosto bo$$
False,True,False,False,False,False,3.15625,39.5,57,76561198171814417,Faat
False,True,False,False,False,False,3.15625,39.5,57,76561199052717313,Worfy
False,True,False,False,False,False,3.15625,39.515625,58,76561199256543526,Wybaczam.oficjalnie skins.army
False,True,False,False,False,False,3.15625,39.515625,58,76561199826895670,RME | Пацан
False,True,False,False,False,False,3.15625,39.515625,58,76561198002613044,frees.tyler
False,True,False,False,False,False,3.15625,39.515625,58,76561198274174345,zig
False,True,False,False,False,False,3.15625,39.515625,58,76561199433997570,Simple Dimple skins.army
False,True,False,False,False,False,3.15625,39.515625,58,76561199557907229,shawty#)$@
False,True,False,False,False,False,3.15625,39.515625,58,76561198049602148,Moon
False,True,False,False,False,False,3.15625,39.515625,58,76561199068251294,prosto bo$$
False,True,False,False,False,False,3.15625,39.515625,58,76561198171814417,Faat
False,True,False,False,False,False,3.15625,39.515625,58,76561199052717313,Worfy
False,True,False,False,False,False,3.15625,39.53125,59,76561199256543526,Wybaczam.oficjalnie skins.army
False,True,False,False,False,False,3.15625,39.53125,59,76561199826895670,RME | Пацан
False,True,False,False,False,False,3.15625,39.53125,59,76561198002613044,frees.tyler
False,True,False,False,False,False,3.15625,39.53125,59,76561198274174345,zig
False,True,False,False,False,False,3.15625,39.53125,59,76561199433997570,Simple Dimple skins.army
False,True,False,False,False,False,3.15625,39.53125,59,76561199557907229,shawty#)$@
False,True,False,False,False,False,3.15625,39.53125,59,76561198049602148,Moon
False,True,False,False,False,False,3.15625,39.53125,59,76561199068251294,prosto bo$$
False,True,False,False,False,False,3.15625,39.53125,59,76561198171814417,Faat
False,True,False,False,False,False,3.15625,39.53125,59,76561199052717313,Worfy
False,True,False,False,False,False,3.15625,39.546875,60,76561199256543526,Wybaczam.oficjalnie skins.army
False,True,False,False,False,False,3.15625,39.546875,60,76561199826895670,RME | Пацан
False,True,False,False,False,False,3.15625,39.546875,60,76561198002613044,frees.tyler
False,True,False,False,False,False,3.15625,39.546875,60,76561198274174345,zig
False,True,False,False,False,False,3.15625,39.546875,60,76561199433997570,Simple Dimple skins.army
False,True,False,False,False,False,3.15625,39.546875,60,76561199557907229,shawty#)$@
False,True,False,False,False,False,3.15625,39.546875,60,76561198049602148,Moon
False,True,False,False,False,False,3.15625,39.546875,60,76561199068251294,prosto bo$$
False,True,False,False,False,False,3.15625,39.546875,60,76561198171814417,Faat
False,True,False,False,False,False,3.15625,39.546875,60,76561199052717313,Worfy
False,True,False,False,False,False,3.15625,39.5625,61,76561199256543526,Wybaczam.oficjalnie skins.army
False,True,False,False,False,False,3.15625,39.5625,61,76561199826895670,RME | Пацан
False,True,False,False,False,False,3.15625,39.5625,61,76561198002613044,frees.tyler
False,True,False,False,False,False,3.15625,39.5625,61,76561198274174345,zig
False,True,False,False,False,False,3.15625,39.5625,61,76561199433997570,Simple Dimple skins.army
False,True,False,False,False,False,3.15625,39.5625,61,76561199557907229,shawty#)$@
False,True,False,False,False,False,3.15625,39.5625,61,76561198049602148,Moon
False,True,False,False,False,False,3.15625,39.5625,61,76561199068251294,prosto bo$$
False,True,False,False,False,False,3.15625,39.5625,61,76561198171814417,Faat
False,True,False,False,False,False,3.15625,39.5625,61,76561199052717313,Worfy
False,True,False,False,False,False,3.15625,39.578125,62,76561199256543526,Wybaczam.oficjalnie skins.army
False,True,False,False,False,False,3.15625,39.578125,62,76561199826895670,RME | Пацан
False,True,False,False,False,False,3.15625,39.578125,62,76561198002613044,frees.tyler
False,True,False,False,False,False,3.15625,39.578125,62,76561198274174345,zig
False,True,False,False,False,False,3.15625,39.578125,62,76561199433997570,Simple Dimple skins.army
False,True,False,False,False,False,3.15625,39.578125,62,76561199557907229,shawty#)$@
False,True,False,False,False,False,3.15625,39.578125,62,76561198049602148,Moon
False,True,False,False,False,False,3.15625,39.578125,62,76561199068251294,prosto bo$$
False,True,False,False,False,False,3.15625,39.578125,62,76561198171814417,Faat
False,True,False,False,False,False,3.15625,39.578125,62,76561199052717313,Worfy
False,True,False,False,False,False,3.15625,39.59375,63,76561199256543526,Wybaczam.oficjalnie skins.army
False,True,False,False,False,False,3.15625,39.59375,63,76561199826895670,RME | Пацан
False,True,False,False,False,False,3.15625,39.59375,63,76561198002613044,frees.tyler
False,True,False,False,False,False,3.15625,39.59375,63,76561198274174345,zig
False,True,False,False,False,False,3.15625,39.59375,63,76561199433997570,Simple Dimple skins.army
False,True,False,False,False,False,3.15625,39.59375,63,76561199557907229,shawty#)$@
False,True,False,False,False,False,3.15625,39.59375,63,76561198049602148,Moon
False,True,False,False,False,False,3.15625,39.59375,63,76561199068251294,prosto bo$$
False,True,False,False,False,False,3.15625,39.59375,63,76561198171814417,Faat
False,True,False,False,False,False,3.15625,39.59375,63,76561199052717313,Worfy
False,True,False,False,False,False,3.15625,39.609375,64,76561199256543526,Wybaczam.oficjalnie skins.army
False,True,False,False,False,False,3.15625,39.609375,64,76561199826895670,RME | Пацан
False,True,False,False,False,False,3.15625,39.609375,64,76561198002613044,frees.tyler
False,True,False,False,False,False,3.15625,39.609375,64,76561198274174345,zig
False,True,False,False,False,False,3.15625,39.609375,64,76561199433997570,Simple Dimple skins.army
False,True,False,False,False,False,3.15625,39.609375,64,76561199557907229,shawty#)$@
False,True,False,False,False,False,3.15625,39.609375,64,76561198049602148,Moon
False,True,False,False,False,False,3.15625,39.609375,64,76561199068251294,prosto bo$$
False,True,False,False,False,False,3.15625,39.609375,64,76561198171814417,Faat
False,True,False,False,False,False,3.15625,39.609375,64,76561199052717313,Worfy
True,False,False,False,False,False,66.125,39.625,65,76561199256543526,Wybaczam.oficjalnie skins.army
True,False,False,False,False,False,66.125,39.625,65,76561199826895670,RME | Пацан
True,False,False,False,False,False,66.125,39.625,65,76561198002613044,frees.tyler
True,False,False,False,False,False,66.125,39.625,65,76561198274174345,zig
True,False,False,False,False,False,66.125,39.625,65,76561199433997570,Simple Dimple skins.army
True,False,False,False,False,False,66.125,39.625,65,76561199557907229,shawty#)$@
True,False,False,False,False,False,66.125,39.625,65,76561198049602148,Moon
True,False,False,False,False,False,66.125,39.625,65,76561199068251294,prosto bo$$
True,False,False,False,False,False,66.125,39.625,65,76561198171814417,Faat
True,False,False,False,False,False,66.125,39.625,65,76561199052717313,Worfy
True,False,False,False,False,False,66.125,39.65625,67,76561199256543526,Wybaczam.oficjalnie skins.army
True,False,False,False,False,False,66.125,39.65625,67,76561199826895670,RME | Пацан
True,False,False,False,False,False,66.125,39.65625,67,76561198002613044,frees.tyler
True,False,False,False,False,False,66.125,39.65625,67,76561198274174345,zig
True,False,False,False,False,False,66.125,39.65625,67,76561199433997570,Simple Dimple skins.army
True,False,False,False,False,False,66.125,39.65625,67,76561199557907229,shawty#)$@
True,False,False,False,False,False,66.125,39.65625,67,76561198049602148,Moon
True,False,False,False,False,False,66.125,39.65625,67,76561199068251294,prosto bo$$
True,False,False,False,False,False,66.125,39.65625,67,76561198171814417,Faat
True,False,False,False,False,False,66.125,39.65625,67,76561199052717313,Worfy
True,False,False,False,False,False,66.125,39.671875,68,76561199256543526,Wybaczam.oficjalnie skins.army
True,False,False,False,False,False,66.125,39.671875,68,76561199826895670,RME | Пацан
True,False,False,False,False,False,66.125,39.671875,68,76561198002613044,frees.tyler
True,False,False,False,False,False,66.125,39.671875,68,76561198274174345,zig
True,False,False,False,False,False,66.125,39.671875,68,76561199433997570,Simple Dimple skins.army
True,False,False,False,False,False,66.125,39.671875,68,76561199557907229,shawty#)$@
True,False,False,False,False,False,66.125,39.671875,68,76561198049602148,Moon
True,False,False,False,False,False,66.125,39.671875,68,76561199068251294,prosto bo$$
True,False,False,False,False,False,66.125,39.671875,68,76561198171814417,Faat
True,False,False,False,False,False,66.125,39.671875,68,76561199052717313,Worfy
True,False,False,False,False,False,66.125,39.6875,69,76561199256543526,Wybaczam.oficjalnie skins.army
True,False,False,False,False,False,66.125,39.6875,69,76561199826895670,RME | Пацан
True,False,False,False,False,False,66.125,39.6875,69,76561198002613044,frees.tyler
True,False,False,False,False,False,66.125,39.6875,69,76561198274174345,zig
True,False,False,False,False,False,66.125,39.6875,69,76561199433997570,Simple Dimple skins.army
True,False,False,False,False,False,66.125,39.6875,69,76561199557907229,shawty#)$@
True,False,False,False,False,False,66.125,39.6875,69,76561198049602148,Moon
True,False,False,False,False,False,66.125,39.6875,69,76561199068251294,prosto bo$$
True,False,False,False,False,False,66.125,39.6875,69,76561198171814417,Faat
True,False,False,False,False,False,66.125,39.6875,69,76561199052717313,Worfy
True,False,False,False,False,False,66.125,39.703125,70,76561199256543526,Wybaczam.oficjalnie skins.army
True,False,False,False,False,False,66.125,39.703125,70,76561199826895670,RME | Пацан
True,False,False,False,False,False,66.125,39.703125,70,76561198002613044,frees.tyler
True,False,False,False,False,False,66.125,39.703125,70,76561198274174345,zig
True,False,False,False,False,False,66.125,39.703125,70,76561199433997570,Simple Dimple skins.army
True,False,False,False,False,False,66.125,39.703125,70,76561199557907229,shawty#)$@
True,False,False,False,False,False,66.125,39.703125,70,76561198049602148,Moon
True,False,False,False,False,False,66.125,39.703125,70,76561199068251294,prosto bo$$
True,False,False,False,False,False,66.125,39.703125,70,76561198171814417,Faat
True,False,False,False,False,False,66.125,39.703125,70,76561199052717313,Worfy
True,False,False,False,False,False,66.125,39.71875,71,76561199256543526,Wybaczam.oficjalnie skins.army
True,False,False,False,False,False,66.125,39.71875,71,76561199826895670,RME | Пацан
True,False,False,False,False,False,66.125,39.71875,71,76561198002613044,frees.tyler
True,False,False,False,False,False,66.125,39.71875,71,76561198274174345,zig
True,False,False,False,False,False,66.125,39.71875,71,76561199433997570,Simple Dimple skins.army
True,False,False,False,False,False,66.125,39.71875,71,76561199557907229,shawty#)$@
True,False,False,False,False,False,66.125,39.71875,71,76561198049602148,Moon
True,False,False,False,False,False,66.125,39.71875,71,76561199068251294,prosto bo$$
True,False,False,False,False,False,66.125,39.71875,71,76561198171814417,Faat
True,False,False,False,False,False,66.125,39.71875,71,76561199052717313,Worfy
True,False,False,False,False,False,66.125,39.734375,72,76561199256543526,Wybaczam.oficjalnie skins.army
True,False,False,False,False,False,66.125,39.734375,72,76561199826895670,RME | Пацан
True,False,False,False,False,False,66.125,39.734375,72,76561198002613044,frees.tyler
True,False,False,False,False,False,66.125,39.734375,72,76561198274174345,zig
True,False,False,False,False,False,66.125,39.734375,72,76561199433997570,Simple Dimple skins.army
True,False,False,False,False,False,66.125,39.734375,72,76561199557907229,shawty#)$@
True,False,False,False,False,False,66.125,39.734375,72,76561198049602148,Moon
True,False,False,False,False,False,66.125,39.734375,72,76561199068251294,prosto bo$$
True,False,False,False,False,False,66.125,39.734375,72,76561198171814417,Faat
True,False,False,False,False,False,66.125,39.734375,72,76561199052717313,Worfy
True,False,False,False,False,False,66.125,39.75,73,76561199256543526,Wybaczam.oficjalnie skins.army
True,False,False,False,False,False,66.125,39.75,73,76561199826895670,RME | Пацан
True,False,False,False,False,False,66.125,39.75,73,76561198002613044,frees.tyler
True,False,False,False,False,False,66.125,39.75,73,76561198274174345,zig
True,False,False,False,False,False,66.125,39.75,73,76561199433997570,Simple Dimple skins.army
True,False,False,False,False,False,66.125,39.75,73,76561199557907229,shawty#)$@
True,False,False,False,False,False,66.125,39.75,73,76561198049602148,Moon
True,False,False,False,False,False,66.125,39.75,73,76561199068251294,prosto bo$$
True,False,False,False,False,False,66.125,39.75,73,76561198171814417,Faat
True,False,False,False,False,False,66.125,39.75,73,76561199052717313,Worfy
True,False,False,False,False,False,66.125,39.765625,74,76561199256543526,Wybaczam.oficjalnie skins.army
True,False,False,False,False,False,66.125,39.765625,74,76561199826895670,RME | Пацан
True,False,False,False,False,False,66.125,39.765625,74,76561198002613044,frees.tyler
True,False,False,False,False,False,66.125,39.765625,74,76561198274174345,zig
True,False,False,False,False,False,66.125,39.765625,74,76561199433997570,Simple Dimple skins.army
True,False,False,False,False,False,66.125,39.765625,74,76561199557907229,shawty#)$@
True,False,False,False,False,False,66.125,39.765625,74,76561198049602148,Moon
True,False,False,False,False,False,66.125,39.765625,74,76561199068251294,prosto bo$$
True,False,False,False,False,False,66.125,39.765625,74,76561198171814417,Faat
True,False,False,False,False,False,66.125,39.765625,74,76561199052717313,Worfy
True,False,False,False,False,False,66.125,39.78125,75,76561199256543526,Wybaczam.oficjalnie skins.army
True,False,False,False,False,False,66.125,39.78125,75,76561199826895670,RME | Пацан
True,False,False,False,False,False,66.125,39.78125,75,76561198002613044,frees.tyler
True,False,False,False,False,False,66.125,39.78125,75,76561198274174345,zig
True,False,False,False,False,False,66.125,39.78125,75,76561199433997570,Simple Dimple skins.army
True,False,False,False,False,False,66.125,39.78125,75,76561199557907229,shawty#)$@
True,False,False,False,False,False,66.125,39.78125,75,76561198049602148,Moon
True,False,False,False,False,False,66.125,39.78125,75,76561199068251294,prosto bo$$
True,False,False,False,False,False,66.125,39.78125,75,76561198171814417,Faat
True,False,False,False,False,False,66.125,39.78125,75,76561199052717313,Worfy
True,False,False,False,False,False,66.125,39.796875,76,76561199256543526,Wybaczam.oficjalnie skins.army
True,False,False,False,False,False,66.125,39.796875,76,76561199826895670,RME | Пацан
True,False,False,False,False,False,66.125,39.796875,76,76561198002613044,frees.tyler
True,False,False,False,False,False,66.125,39.796875,76,76561198274174345,zig
True,False,False,False,False,False,66.125,39.796875,76,76561199433997570,Simple Dimple skins.army
True,False,False,False,False,False,66.125,39.796875,76,76561199557907229,shawty#)$@
True,False,False,False,False,False,66.125,39.796875,76,76561198049602148,Moon
True,False,False,False,False,False,66.125,39.796875,76,76561199068251294,prosto bo$$
True,False,False,False,False,False,66.125,39.796875,76,76561198171814417,Faat
True,False,False,False,False,False,66.125,39.796875,76,76561199052717313,Worfy
True,False,False,False,False,False,66.125,39.8125,77,76561199256543526,Wybaczam.oficjalnie skins.army
True,False,False,False,False,False,66.125,39.8125,77,76561199826895670,RME | Пацан
True,False,False,False,False,False,66.125,39.8125,77,76561198002613044,frees.tyler
True,False,False,False,False,False,66.125,39.8125,77,76561198274174345,zig
True,False,False,False,False,False,66.125,39.8125,77,76561199433997570,Simple Dimple skins.army
True,False,False,False,False,False,66.125,39.8125,77,76561199557907229,shawty#)$@
True,False,False,False,False,False,66.125,39.8125,77,76561198049602148,Moon
True,False,False,False,False,False,66.125,39.8125,77,76561199068251294,prosto bo$$
True,False,False,False,False,False,66.125,39.8125,77,76561198171814417,Faat
True,False,False,False,False,False,66.125,39.8125,77,76561199052717313,Worfy
True,False,False,False,False,False,66.125,39.828125,78,76561199256543526,Wybaczam.oficjalnie skins.army
True,False,False,False,False,False,66.125,39.828125,78,76561199826895670,RME | Пацан
True,False,False,False,False,False,66.125,39.828125,78,76561198002613044,frees.tyler
True,False,False,False,False,False,66.125,39.828125,78,76561198274174345,zig
True,False,False,False,False,False,66.125,39.828125,78,76561199433997570,Simple Dimple skins.army
True,False,False,False,False,False,66.125,39.828125,78,76561199557907229,shawty#)$@
True,False,False,False,False,False,66.125,39.828125,78,76561198049602148,Moon
True,False,False,False,False,False,66.125,39.828125,78,76561199068251294,prosto bo$$
True,False,False,False,False,False,66.125,39.828125,78,76561198171814417,Faat
True,False,False,False,False,False,66.125,39.828125,78,76561199052717313,Worfy
True,False,False,False,False,False,66.125,39.84375,79,76561199256543526,Wybaczam.oficjalnie skins.army
True,False,False,False,False,False,66.125,39.84375,79,76561199826895670,RME | Пацан
True,False,False,False,False,False,66.125,39.84375,79,76561198002613044,frees.tyler
True,False,False,False,False,False,66.125,39.84375,79,76561198274174345,zig
True,False,False,False,False,False,66.125,39.84375,79,76561199433997570,Simple Dimple skins.army
True,False,False,False,False,False,66.125,39.84375,79,76561199557907229,shawty#)$@
True,False,False,False,False,False,66.125,39.84375,79,76561198049602148,Moon
True,False,False,False,False,False,66.125,39.84375,79,76561199068251294,prosto bo$$
True,False,False,False,False,False,66.125,39.84375,79,76561198171814417,Faat
True,False,False,False,False,False,66.125,39.84375,79,76561199052717313,Worfy
True,False,False,False,False,False,66.125,39.859375,80,76561199256543526,Wybaczam.oficjalnie skins.army
True,False,False,False,False,False,66.125,39.859375,80,76561199826895670,RME | Пацан
True,False,False,False,False,False,66.125,39.859375,80,76561198002613044,frees.tyler
True,False,False,False,False,False,66.125,39.859375,80,76561198274174345,zig
True,False,False,False,False,False,66.125,39.859375,80,76561199433997570,Simple Dimple skins.army
True,False,False,False,False,False,66.125,39.859375,80,76561199557907229,shawty#)$@
True,False,False,False,False,False,66.125,39.859375,80,76561198049602148,Moon
True,False,False,False,False,False,66.125,39.859375,80,76561199068251294,prosto bo$$
True,False,False,False,False,False,66.125,39.859375,80,76561198171814417,Faat
True,False,False,False,False,False,66.125,39.859375,80,76561199052717313,Worfy
True,False,False,False,False,False,66.125,39.875,81,76561199256543526,Wybaczam.oficjalnie skins.army
True,False,False,False,False,False,66.125,39.875,81,76561199826895670,RME | Пацан
True,False,False,False,False,False,66.125,39.875,81,76561198002613044,frees.tyler
True,False,False,False,False,False,66.125,39.875,81,76561198274174345,zig
True,False,False,False,False,False,66.125,39.875,81,76561199433997570,Simple Dimple skins.army
True,False,False,False,False,False,66.125,39.875,81,76561199557907229,shawty#)$@
True,False,False,False,False,False,66.125,39.875,81,76561198049602148,Moon
True,False,False,False,False,False,66.125,39.875,81,76561199068251294,prosto bo$$
True,False,False,False,False,False,66.125,39.875,81,76561198171814417,Faat
True,False,False,False,False,False,66.125,39.875,81,76561199052717313,Worfy
True,False,False,False,False,False,66.125,39.890625,82,76561199256543526,Wybaczam.oficjalnie skins.army
True,False,False,False,False,False,66.125,39.890625,82,76561199826895670,RME | Пацан
True,False,False,False,False,False,66.125,39.890625,82,76561198002613044,frees.tyler
True,False,False,False,False,False,66.125,39.890625,82,76561198274174345,zig
True,False,False,False,False,False,66.125,39.890625,82,76561199433997570,Simple Dimple skins.army
True,False,False,False,False,False,66.125,39.890625,82,76561199557907229,shawty#)$@
True,False,False,False,False,False,66.125,39.890625,82,76561198049602148,Moon
True,False,False,False,False,False,66.125,39.890625,82,76561199068251294,prosto bo$$
True,False,False,False,False,False,66.125,39.890625,82,76561198171814417,Faat
True,False,False,False,False,False,66.125,39.890625,82,76561199052717313,Worfy
True,False,False,False,False,False,66.125,39.90625,83,76561199256543526,Wybaczam.oficjalnie skins.army
True,False,False,False,False,False,66.125,39.90625,83,76561199826895670,RME | Пацан
True,False,False,False,False,False,66.125,39.90625,83,76561198002613044,frees.tyler
True,False,False,False,False,False,66.125,39.90625,83,76561198274174345,zig
True,False,False,False,False,False,66.125,39.90625,83,76561199433997570,Simple Dimple skins.army
True,False,False,False,False,False,66.125,39.90625,83,76561199557907229,shawty#)$@
True,False,False,False,False,False,66.125,39.90625,83,76561198049602148,Moon
True,False,False,False,False,False,66.125,39.90625,83,76561199068251294,prosto bo$$
True,False,False,False,False,False,66.125,39.90625,83,76561198171814417,Faat
True,False,False,False,False,False,66.125,39.90625,83,76561199052717313,Worfy
True,False,False,False,False,False,66.125,39.921875,84,76561199256543526,Wybaczam.oficjalnie skins.army
True,False,False,False,False,False,66.125,39.921875,84,76561199826895670,RME | Пацан
True,False,False,False,False,False,66.125,39.921875,84,76561198002613044,frees.tyler
True,False,False,False,False,False,66.125,39.921875,84,76561198274174345,zig
True,False,False,False,False,False,66.125,39.921875,84,76561199433997570,Simple Dimple skins.army
True,False,False,False,False,False,66.125,39.921875,84,76561199557907229,shawty#)$@
True,False,False,False,False,False,66.125,39.921875,84,76561198049602148,Moon
True,False,False,False,False,False,66.125,39.921875,84,76561199068251294,prosto bo$$
True,False,False,False,False,False,66.125,39.921875,84,76561198171814417,Faat
True,False,False,False,False,False,66.125,39.921875,84,76561199052717313,Worfy
True,False,False,False,False,False,66.125,39.9375,85,76561199256543526,Wybaczam.oficjalnie skins.army
True,False,False,False,False,False,66.125,39.9375,85,76561199826895670,RME | Пацан
True,False,False,False,False,False,66.125,39.9375,85,76561198002613044,frees.tyler
True,False,False,False,False,False,66.125,39.9375,85,76561198274174345,zig
True,False,False,False,False,False,66.125,39.9375,85,76561199433997570,Simple Dimple skins.army
True,False,False,False,False,False,66.125,39.9375,85,76561199557907229,shawty#)$@
True,False,False,False,False,False,66.125,39.9375,85,76561198049602148,Moon
True,False,False,False,False,False,66.125,39.9375,85,76561199068251294,prosto bo$$
True,False,False,False,False,False,66.125,39.9375,85,76561198171814417,Faat
True,False,False,False,False,False,66.125,39.9375,85,76561199052717313,Worfy
True,False,False,False,False,False,66.125,39.953125,86,76561199256543526,Wybaczam.oficjalnie skins.army
True,False,False,False,False,False,66.125,39.953125,86,76561199826895670,RME | Пацан
True,False,False,False,False,False,66.125,39.953125,86,76561198002613044,frees.tyler
True,False,False,False,False,False,66.125,39.953125,86,76561198274174345,zig
True,False,False,False,False,False,66.125,39.953125,86,76561199433997570,Simple Dimple skins.army
True,False,False,False,False,False,66.125,39.953125,86,76561199557907229,shawty#)$@
True,False,False,False,False,False,66.125,39.953125,86,76561198049602148,Moon
True,False,False,False,False,False,66.125,39.953125,86,76561199068251294,prosto bo$$
True,False,False,False,False,False,66.125,39.953125,86,76561198171814417,Faat
True,False,False,False,False,False,66.125,39.953125,86,76561199052717313,Worfy
True,False,False,False,False,False,66.125,39.96875,87,76561199256543526,Wybaczam.oficjalnie skins.army
True,False,False,False,False,False,66.125,39.96875,87,76561199826895670,RME | Пацан
True,False,False,False,False,False,66.125,39.96875,87,76561198002613044,frees.tyler
True,False,False,False,False,False,66.125,39.96875,87,76561198274174345,zig
True,False,False,False,False,False,66.125,39.96875,87,76561199433997570,Simple Dimple skins.army
True,False,False,False,False,False,66.125,39.96875,87,76561199557907229,shawty#)$@
True,False,False,False,False,False,66.125,39.96875,87,76561198049602148,Moon
True,False,False,False,False,False,66.125,39.96875,87,76561199068251294,prosto bo$$
True,False,False,False,False,False,66.125,39.96875,87,76561198171814417,Faat
True,False,False,False,False,False,66.125,39.96875,87,76561199052717313,Worfy
True,False,False,False,False,False,66.125,39.984375,88,76561199256543526,Wybaczam.oficjalnie skins.army
True,False,False,False,False,False,66.125,39.984375,88,76561199826895670,RME | Пацан
True,False,False,False,False,False,66.125,39.984375,88,76561198002613044,frees.tyler
True,False,False,False,False,False,66.125,39.984375,88,76561198274174345,zig
True,False,False,False,False,False,66.125,39.984375,88,76561199433997570,Simple Dimple skins.army
True,False,False,False,False,False,66.125,39.984375,88,76561199557907229,shawty#)$@
True,False,False,False,False,False,66.125,39.984375,88,76561198049602148,Moon
True,False,False,False,False,False,66.125,39.984375,88,76561199068251294,prosto bo$$
True,False,False,False,False,False,66.125,39.984375,88,76561198171814417,Faat
True,False,False,False,False,False,66.125,39.984375,88,76561199052717313,Worfy
True,False,False,False,False,False,66.125,40.0,89,76561199256543526,Wybaczam.oficjalnie skins.army
True,False,False,False,False,False,66.125,40.0,89,76561199826895670,RME | Пацан
True,False,False,False,False,False,66.125,40.0,89,76561198002613044,frees.tyler
True,False,False,False,False,False,66.125,40.0,89,76561198274174345,zig
True,False,False,False,False,False,66.125,40.0,89,76561199433997570,Simple Dimple skins.army
True,False,False,False,False,False,66.125,40.0,89,76561199557907229,shawty#)$@
True,False,False,False,False,False,66.125,40.0,89,76561198049602148,Moon
True,False,False,False,False,False,66.125,40.0,89,76561199068251294,prosto bo$$
True,False,False,False,False,False,66.125,40.0,89,76561198171814417,Faat
True,False,False,False,False,False,66.125,40.0,89,76561199052717313,Worfy
True,False,False,False,False,False,66.125,40.015625,90,76561199256543526,Wybaczam.oficjalnie skins.army
True,False,False,False,False,False,66.125,40.015625,90,76561199826895670,RME | Пацан
True,False,False,False,False,False,66.125,40.015625,90,76561198002613044,frees.tyler
True,False,False,False,False,False,66.125,40.015625,90,76561198274174345,zig
True,False,False,False,False,False,66.125,40.015625,90,76561199433997570,Simple Dimple skins.army
True,False,False,False,False,False,66.125,40.015625,90,76561199557907229,shawty#)$@
True,False,False,False,False,False,66.125,40.015625,90,76561198049602148,Moon
True,False,False,False,False,False,66.125,40.015625,90,76561199068251294,prosto bo$$
True,False,False,False,False,False,66.125,40.015625,90,76561198171814417,Faat
True,False,False,False,False,False,66.125,40.015625,90,76561199052717313,Worfy
True,False,False,False,False,False,66.125,40.03125,91,76561199256543526,Wybaczam.oficjalnie skins.army
True,False,False,False,False,False,66.125,40.03125,91,76561199826895670,RME | Пацан
True,False,False,False,False,False,66.125,40.03125,91,76561198002613044,frees.tyler
True,False,False,False,False,False,66.125,40.03125,91,76561198274174345,zig
True,False,False,False,False,False,66.125,40.03125,91,76561199433997570,Simple Dimple skins.army
True,False,False,False,False,False,66.125,40.03125,91,76561199557907229,shawty#)$@
True,False,False,False,False,False,66.125,40.03125,91,76561198049602148,Moon
True,False,False,False,False,False,66.125,40.03125,91,76561199068251294,prosto bo$$
True,False,False,False,False,False,66.125,40.03125,91,76561198171814417,Faat
True,False,False,False,False,False,66.125,40.03125,91,76561199052717313,Worfy
True,False,False,False,False,False,66.125,40.046875,92,76561199256543526,Wybaczam.oficjalnie skins.army
True,False,False,False,False,False,66.125,40.046875,92,76561199826895670,RME | Пацан
True,False,False,False,False,False,66.125,40.046875,92,76561198002613044,frees.tyler
True,False,False,False,False,False,66.125,40.046875,92,76561198274174345,zig
True,False,False,False,False,False,66.125,40.046875,92,76561199433997570,Simple Dimple skins.army
True,False,False,False,False,False,66.125,40.046875,92,76561199557907229,shawty#)$@
True,False,False,False,False,False,66.125,40.046875,92,76561198049602148,Moon
True,False,False,False,False,False,66.125,40.046875,92,76561199068251294,prosto bo$$
True,False,False,False,False,False,66.125,40.046875,92,76561198171814417,Faat
True,False,False,False,False,False,66.125,40.046875,92,76561199052717313,Worfy
True,False,False,False,False,False,66.125,40.0625,93,76561199256543526,Wybaczam.oficjalnie skins.army
True,False,False,False,False,False,66.125,40.0625,93,76561199826895670,RME | Пацан
True,False,False,False,False,False,66.125,40.0625,93,76561198002613044,frees.tyler
True,False,False,False,False,False,66.125,40.0625,93,76561198274174345,zig
True,False,False,False,False,False,66.125,40.0625,93,76561199433997570,Simple Dimple skins.army
True,False,False,False,False,False,66.125,40.0625,93,76561199557907229,shawty#)$@
True,False,False,False,False,False,66.125,40.0625,93,76561198049602148,Moon
True,False,False,False,False,False,66.125,40.0625,93,76561199068251294,prosto bo$$
True,False,False,False,False,False,66.125,40.0625,93,76561198171814417,Faat
True,False,False,False,False,False,66.125,40.0625,93,76561199052717313,Worfy
True,False,False,False,False,False,66.125,40.078125,94,76561199256543526,Wybaczam.oficjalnie skins.army
True,False,False,False,False,False,66.125,40.078125,94,76561199826895670,RME | Пацан
True,False,False,False,False,False,66.125,40.078125,94,76561198002613044,frees.tyler
True,False,False,False,False,False,66.125,40.078125,94,76561198274174345,zig
True,False,False,False,False,False,66.125,40.078125,94,76561199433997570,Simple Dimple skins.army
True,False,False,False,False,False,66.125,40.078125,94,76561199557907229,shawty#)$@
True,False,False,False,False,False,66.125,40.078125,94,76561198049602148,Moon
True,False,False,False,False,False,66.125,40.078125,94,76561199068251294,prosto bo$$
True,False,False,False,False,False,66.125,40.078125,94,76561198171814417,Faat
True,False,False,False,False,False,66.125,40.078125,94,76561199052717313,Worfy
True,False,False,False,False,False,66.125,40.09375,95,76561199256543526,Wybaczam.oficjalnie skins.army
True,False,False,False,False,False,66.125,40.09375,95,76561199826895670,RME | Пацан
True,False,False,False,False,False,66.125,40.09375,95,76561198002613044,frees.tyler
True,False,False,False,False,False,66.125,40.09375,95,76561198274174345,zig
True,False,False,False,False,False,66.125,40.09375,95,76561199433997570,Simple Dimple skins.army
True,False,False,False,False,False,66.125,40.09375,95,76561199557907229,shawty#)$@
True,False,False,False,False,False,66.125,40.09375,95,76561198049602148,Moon
True,False,False,False,False,False,66.125,40.09375,95,76561199068251294,prosto bo$$
True,False,False,False,False,False,66.125,40.09375,95,76561198171814417,Faat
True,False,False,False,False,False,66.125,40.09375,95,76561199052717313,Worfy
True,False,False,False,False,False,66.125,40.109375,96,76561199256543526,Wybaczam.oficjalnie skins.army
True,False,False,False,False,False,66.125,40.109375,96,76561199826895670,RME | Пацан
True,False,False,False,False,False,66.125,40.109375,96,76561198002613044,frees.tyler
True,False,False,False,False,False,66.125,40.109375,96,76561198274174345,zig
True,False,False,False,False,False,66.125,40.109375,96,76561199433997570,Simple Dimple skins.army
True,False,False,False,False,False,66.125,40.109375,96,76561199557907229,shawty#)$@
True,False,False,False,False,False,66.125,40.109375,96,76561198049602148,Moon
True,False,False,False,False,False,66.125,40.109375,96,76561199068251294,prosto bo$$
True,False,False,False,False,False,66.125,40.109375,96,76561198171814417,Faat
True,False,False,False,False,False,66.125,40.109375,96,76561199052717313,Worfy
True,False,False,False,False,False,66.125,40.125,97,76561199256543526,Wybaczam.oficjalnie skins.army
True,False,False,False,False,False,66.125,40.125,97,76561199826895670,RME | Пацан
True,False,False,False,False,False,66.125,40.125,97,76561198002613044,frees.tyler
True,False,False,False,False,False,66.125,40.125,97,76561198274174345,zig
True,False,False,False,False,False,66.125,40.125,97,76561199433997570,Simple Dimple skins.army
True,False,False,False,False,False,66.125,40.125,97,76561199557907229,shawty#)$@
True,False,False,False,False,False,66.125,40.125,97,76561198049602148,Moon
True,False,False,False,False,False,66.125,40.125,97,76561199068251294,prosto bo$$
True,False,False,False,False,False,66.125,40.125,97,76561198171814417,Faat
True,False,False,False,False,False,66.125,40.125,97,76561199052717313,Worfy
True,False,False,False,False,False,66.125,40.140625,98,76561199256543526,Wybaczam.oficjalnie skins.army
True,False,False,False,False,False,66.125,40.140625,98,76561199826895670,RME | Пацан
True,False,False,False,False,False,66.125,40.140625,98,76561198002613044,frees.tyler
True,False,False,False,False,False,66.125,40.140625,98,76561198274174345,zig
True,False,False,False,False,False,66.125,40.140625,98,76561199433997570,Simple Dimple skins.army
True,False,False,False,False,False,66.125,40.140625,98,76561199557907229,shawty#)$@
True,False,False,False,False,False,66.125,40.140625,98,76561198049602148,Moon
True,False,False,False,False,False,66.125,40.140625,98,76561199068251294,prosto bo$$
True,False,False,False,False,False,66.125,40.140625,98,76561198171814417,Faat
True,False,False,False,False,False,66.125,40.140625,98,76561199052717313,Worfy
True,False,False,False,False,False,66.125,40.15625,99,76561199256543526,Wybaczam.oficjalnie skins.army
True,False,False,False,False,False,66.125,40.15625,99,76561199826895670,RME | Пацан
True,False,False,False,False,False,66.125,40.15625,99,76561198002613044,frees.tyler
True,False,False,False,False,False,66.125,40.15625,99,76561198274174345,zig
True,False,False,False,False,False,66.125,40.15625,99,76561199433997570,Simple Dimple skins.army
True,False,False,False,False,False,66.125,40.15625,99,76561199557907229,shawty#)$@
True,False,False,False,False,False,66.125,40.15625,99,76561198049602148,Moon
True,False,False,False,False,False,66.125,40.15625,99,76561199068251294,prosto bo$$
True,False,False,False,False,False,66.125,40.15625,99,76561198171814417,Faat
True,False,False,False,False,False,66.125,40.15625,99,76561199052717313,Worfy
True,False,False,False,False,False,66.125,40.171875,100,76561199256543526,Wybaczam.oficjalnie skins.army
True,False,False,False,False,False,66.125,40.171875,100,76561199826895670,RME | Пацан
True,False,False,False,False,False,66.125,40.171875,100,76561198002613044,frees.tyler
True,False,False,False,False,False,66.125,40.171875,100,76561198274174345,zig
True,False,False,False,False,False,66.125,40.171875,100,76561199433997570,Simple Dimple skins.army
True,False,False,False,False,False,66.125,40.171875,100,76561199557907229,shawty#)$@
True,False,False,False,False,False,66.125,40.171875,100,76561198049602148,Moon
True,False,False,False,False,False,66.125,40.171875,100,76561199068251294,prosto bo$$
True,False,False,False,False,False,66.125,40.171875,100,76561198171814417,Faat
True,False,False,False,False,False,66.125,40.171875,100,76561199052717313,Worfy
True,False,False,False,False,False,66.125,40.1875,101,76561199256543526,Wybaczam.oficjalnie skins.army
True,False,False,False,False,False,66.125,40.1875,101,76561199826895670,RME | Пацан
True,False,False,False,False,False,66.125,40.1875,101,76561198002613044,frees.tyler
True,False,False,False,False,False,66.125,40.1875,101,76561198274174345,zig
True,False,False,False,False,False,66.125,40.1875,101,76561199433997570,Simple Dimple skins.army
True,False,False,False,False,False,66.125,40.1875,101,76561199557907229,shawty#)$@
True,False,False,False,False,False,66.125,40.1875,101,76561198049602148,Moon
True,False,False,False,False,False,66.125,40.1875,101,76561199068251294,prosto bo$$
True,False,False,False,False,False,66.125,40.1875,101,76561198171814417,Faat
True,False,False,False,False,False,66.125,40.1875,101,76561199052717313,Worfy
