round_number,tick,user_steamid,user_name,attacker_steamid,attacker_name,weapon,hitgroup,dmg_health,dmg_armor,health,armor,is_self_damage,is_team_damage,is_enemy_damage,is_grenade_or_fire_damage,is_live_phase_damage
1,2494,76561198049602148,Moon,76561199068251294,prosto bo$$,inferno,generic,2,0,98,0,False,False,False,True,True
1,2587,76561198171814417,Faat,76561199433997570,Simple Dimple skins.army,hkp2000,chest,29,0,71,0,False,False,False,False,True
1,2623,76561199433997570,Simple Dimple skins.army,76561198171814417,Faat,glock,chest,22,0,78,0,False,False,False,False,True
1,2639,76561198171814417,Faat,76561199433997570,Simple Dimple skins.army,hkp2000,head,118,0,0,0,False,False,False,False,True
1,2733,76561199052717313,Worfy,76561199433997570,Simple Dimple skins.army,hkp2000,chest,31,0,69,0,False,False,False,False,True
1,2765,76561199052717313,Worfy,76561199068251294,prosto bo$$,hkp2000,chest,28,0,41,0,False,False,False,False,True
1,2771,76561199052717313,Worfy,76561199433997570,Simple Dimple skins.army,hkp2000,right_arm,31,0,10,0,False,False,False,False,True
1,2847,76561198049602148,Moon,76561199433997570,Simple Dimple skins.army,hkp2000,chest,28,0,70,0,False,False,False,False,True
1,2874,76561199068251294,prosto bo$$,76561198274174345,zig,glock,right_leg,13,0,87,0,False,False,False,False,True
1,2878,76561198274174345,zig,76561199068251294,prosto bo$$,hkp2000,stomach,16,8,84,92,False,False,False,False,True
1,2892,76561199068251294,prosto bo$$,76561199052717313,Worfy,glock,chest,20,0,66,0,False,False,False,False,True
1,2904,76561199068251294,prosto bo$$,76561198274174345,zig,glock,chest,18,0,48,0,False,False,False,False,True
1,2937,76561199068251294,prosto bo$$,76561198274174345,zig,glock,left_leg,14,0,34,0,False,False,False,False,True
1,2952,76561199068251294,prosto bo$$,76561198274174345,zig,glock,head,75,0,0,0,False,False,False,False,True
1,3265,76561199256543526,Wybaczam.oficjalnie skins.army,76561198002613044,frees.tyler,hegrenade,generic,37,24,63,76,False,False,False,True,True
1,3307,76561199557907229,shawty#)$@,76561198049602148,Moon,glock,head,56,0,44,0,False,False,False,False,True
1,3585,76561199557907229,shawty#)$@,76561198274174345,zig,glock,chest,15,0,29,0,False,False,False,False,True
1,3648,76561199433997570,Simple Dimple skins.army,76561198002613044,frees.tyler,glock,head,78,0,0,0,False,False,False,False,True
1,5717,76561199557907229,shawty#)$@,76561198002613044,frees.tyler,glock,chest,23,0,5,0,False,False,False,False,True
1,5728,76561198002613044,frees.tyler,76561199557907229,shawty#)$@,p250,stomach,40,0,60,0,False,False,False,False,True
1,5758,76561199557907229,shawty#)$@,76561198002613044,frees.tyler,glock,chest,23,0,0,0,False,False,False,False,True
1,5861,76561199826895670,RME | Пацан,76561198002613044,frees.tyler,glock,chest,25,0,75,0,False,False,False,False,True
1,5872,76561198002613044,frees.tyler,76561199826895670,RME | Пацан,hkp2000,chest,32,0,28,0,False,False,False,False,True
1,5883,76561198002613044,frees.tyler,76561199826895670,RME | Пацан,hkp2000,chest,32,0,0,0,False,False,False,False,True
1,6325,76561199826895670,RME | Пацан,76561198049602148,Moon,glock,chest,28,0,46,0,False,False,False,False,True
1,6329,76561198049602148,Moon,76561199826895670,RME | Пацан,hkp2000,head,136,0,0,0,False,False,False,False,True
1,6463,76561199052717313,Worfy,76561199826895670,RME | Пацан,hkp2000,right_arm,31,0,0,0,False,False,False,False,True
1,6929,76561198274174345,zig,76561199256543526,Wybaczam.oficjalnie skins.army,hkp2000,stomach,21,10,62,82,False,False,False,False,True
1,6936,76561199256543526,Wybaczam.oficjalnie skins.army,76561198274174345,zig,glock,stomach,17,9,46,67,False,False,False,False,True
1,6940,76561198274174345,zig,76561199256543526,Wybaczam.oficjalnie skins.army,hkp2000,chest,17,8,45,74,False,False,False,False,True
1,6947,76561199256543526,Wybaczam.oficjalnie skins.army,76561198274174345,zig,glock,chest,13,7,32,60,False,False,False,False,True
1,6962,76561198274174345,zig,76561199256543526,Wybaczam.oficjalnie skins.army,hkp2000,chest,17,8,28,66,False,False,False,False,True
1,6970,76561199256543526,Wybaczam.oficjalnie skins.army,76561198274174345,zig,glock,head,116,0,0,60,False,False,False,False,True
1,6997,76561198274174345,zig,76561199826895670,RME | Пацан,hkp2000,chest,14,7,13,59,False,False,False,False,True
1,7031,76561198274174345,zig,76561199826895670,RME | Пацан,hkp2000,chest,14,7,0,52,False,False,False,False,True
2,10136,76561199068251294,prosto bo$$,76561199052717313,Worfy,deagle,left_arm,22,0,78,100,False,False,False,False,True
2,10188,76561199256543526,Wybaczam.oficjalnie skins.army,76561198171814417,Faat,ssg08,head,267,23,0,77,False,False,False,False,True
2,11102,76561198049602148,Moon,76561199826895670,RME | Пацан,deagle,chest,43,1,57,99,False,False,False,False,True
2,11108,76561199826895670,RME | Пацан,76561198049602148,Moon,mp7,chest,16,5,84,95,False,False,False,False,True
2,11113,76561199826895670,RME | Пацан,76561198049602148,Moon,mp7,chest,16,5,67,90,False,False,False,False,True
2,11118,76561199826895670,RME | Пацан,76561198049602148,Moon,mp7,chest,16,5,50,85,False,False,False,False,True
2,11128,76561199826895670,RME | Пацан,76561198049602148,Moon,mp7,chest,16,5,34,80,False,False,False,False,True
2,11133,76561199826895670,RME | Пацан,76561198049602148,Moon,mp7,stomach,20,6,13,74,False,False,False,False,True
2,11139,76561199826895670,RME | Пацан,76561198049602148,Moon,mp7,chest,16,5,0,69,False,False,False,False,True
2,11268,76561198274174345,zig,76561198002613044,frees.tyler,hegrenade,generic,0,0,100,100,False,False,False,True,True
2,11429,76561198274174345,zig,76561199433997570,Simple Dimple skins.army,m4a1,chest,24,5,76,95,False,False,False,False,True
2,11442,76561198274174345,zig,76561199433997570,Simple Dimple skins.army,m4a1,chest,24,5,52,90,False,False,False,False,True
2,11449,76561198274174345,zig,76561199433997570,Simple Dimple skins.army,m4a1,stomach,30,6,22,84,False,False,False,False,True
2,11468,76561198274174345,zig,76561199433997570,Simple Dimple skins.army,m4a1,head,119,0,0,84,False,False,False,False,True
2,11578,76561199052717313,Worfy,76561199433997570,Simple Dimple skins.army,m4a1,head,120,0,0,0,False,False,False,False,True
2,12665,76561198171814417,Faat,76561199433997570,Simple Dimple skins.army,m4a1,head,76,16,24,84,False,False,False,False,True
2,12670,76561199433997570,Simple Dimple skins.army,76561198171814417,Faat,ssg08,chest,70,6,30,94,False,False,False,False,True
2,14264,76561199433997570,Simple Dimple skins.army,76561198049602148,Moon,mp7,chest,16,5,13,89,False,False,False,False,True
2,14279,76561199433997570,Simple Dimple skins.army,76561198049602148,Moon,mp7,stomach,20,6,0,83,False,False,False,False,True
2,14423,76561198049602148,Moon,76561199068251294,prosto bo$$,m4a1,head,87,18,0,81,False,False,False,False,True
2,14700,76561199557907229,shawty#)$@,76561198002613044,frees.tyler,mac10,head,62,23,38,77,False,False,False,False,True
2,14718,76561198002613044,frees.tyler,76561199557907229,shawty#)$@,mp9,right_arm,15,5,85,95,False,False,False,False,True
2,14719,76561199557907229,shawty#)$@,76561198002613044,frees.tyler,mac10,right_leg,20,0,17,77,False,False,False,False,True
2,14724,76561199557907229,shawty#)$@,76561198002613044,frees.tyler,mac10,chest,15,5,1,72,False,False,False,False,True
2,14727,76561198002613044,frees.tyler,76561199557907229,shawty#)$@,mp9,left_arm,15,5,70,90,False,False,False,False,True
2,14739,76561199557907229,shawty#)$@,76561198002613044,frees.tyler,mac10,left_leg,20,0,0,72,False,False,False,False,True
2,14935,76561199068251294,prosto bo$$,76561198002613044,frees.tyler,mp9,right_arm,13,4,65,96,False,False,False,False,True
2,14944,76561199068251294,prosto bo$$,76561198002613044,frees.tyler,mp9,chest,13,4,52,92,False,False,False,False,True
2,14953,76561199068251294,prosto bo$$,76561198171814417,Faat,ssg08,chest,73,6,0,86,False,False,False,False,True
3,16682,76561199557907229,shawty#)$@,76561199826895670,RME | Пацан,knife,generic,13,1,87,99,False,False,False,False,True
3,17339,76561198274174345,zig,76561199826895670,RME | Пацан,m4a1,stomach,29,6,71,94,False,False,False,False,True
3,17343,76561199826895670,RME | Пацан,76561198274174345,zig,galilar,right_leg,21,0,79,100,False,False,False,False,True
3,17345,76561198274174345,zig,76561199826895670,RME | Пацан,m4a1,chest,23,5,47,89,False,False,False,False,True
3,17352,76561198274174345,zig,76561199826895670,RME | Пацан,m4a1,chest,23,5,24,84,False,False,False,False,True
3,17358,76561198274174345,zig,76561199826895670,RME | Пацан,m4a1,chest,23,5,0,79,False,False,False,False,True
3,17544,76561199256543526,Wybaczam.oficjalnie skins.army,76561198002613044,frees.tyler,mp9,chest,14,4,86,96,False,False,False,False,True
3,17549,76561199256543526,Wybaczam.oficjalnie skins.army,76561198002613044,frees.tyler,mp9,left_arm,14,4,71,92,False,False,False,False,True
3,17553,76561199256543526,Wybaczam.oficjalnie skins.army,76561198002613044,frees.tyler,mp9,chest,14,4,57,88,False,False,False,False,True
3,17558,76561199256543526,Wybaczam.oficjalnie skins.army,76561198002613044,frees.tyler,mp9,chest,14,4,42,84,False,False,False,False,True
3,17625,76561199256543526,Wybaczam.oficjalnie skins.army,76561198002613044,frees.tyler,mp9,stomach,18,6,23,78,False,False,False,False,True
3,17629,76561199256543526,Wybaczam.oficjalnie skins.army,76561198002613044,frees.tyler,mp9,stomach,18,6,5,72,False,False,False,False,True
3,17634,76561199256543526,Wybaczam.oficjalnie skins.army,76561198002613044,frees.tyler,mp9,stomach,18,6,0,66,False,False,False,False,True
3,18057,76561199557907229,shawty#)$@,76561199052717313,Worfy,ak47,chest,27,3,60,96,False,False,False,False,True
3,18064,76561199557907229,shawty#)$@,76561199052717313,Worfy,ak47,chest,27,3,32,93,False,False,False,False,True
3,18068,76561199433997570,Simple Dimple skins.army,76561198049602148,Moon,m4a1,right_arm,26,5,74,95,False,False,False,False,True
3,18070,76561199557907229,shawty#)$@,76561199052717313,Worfy,ak47,stomach,34,4,0,89,False,False,False,False,True
3,18074,76561199433997570,Simple Dimple skins.army,76561198049602148,Moon,m4a1,chest,26,5,48,90,False,False,False,False,True
3,18081,76561199433997570,Simple Dimple skins.army,76561198049602148,Moon,m4a1,chest,26,5,22,85,False,False,False,False,True
3,18100,76561199433997570,Simple Dimple skins.army,76561198049602148,Moon,m4a1,chest,26,5,0,80,False,False,False,False,True
3,20280,76561199068251294,prosto bo$$,76561198002613044,frees.tyler,mp9,chest,11,3,89,97,False,False,False,False,True
3,20296,76561198002613044,frees.tyler,76561199068251294,prosto bo$$,deagle,head,131,4,0,86,False,False,False,False,True
3,20731,76561198171814417,Faat,76561199068251294,prosto bo$$,deagle,chest,7,0,93,84,False,False,False,False,True
3,21073,76561199826895670,RME | Пацан,76561199052717313,Worfy,ak47,right_arm,26,3,52,97,False,False,False,False,True
3,21520,76561198171814417,Faat,76561199068251294,prosto bo$$,deagle,chest,17,0,75,84,False,False,False,False,True
3,21622,76561199068251294,prosto bo$$,76561198171814417,Faat,ssg08,chest,71,6,18,91,False,False,False,False,True
3,22135,76561198049602148,Moon,76561199826895670,RME | Пацан,m4a1,stomach,30,6,70,94,False,False,False,False,True
3,22141,76561198049602148,Moon,76561199826895670,RME | Пацан,m4a1,stomach,30,6,40,88,False,False,False,False,True
3,22148,76561199826895670,RME | Пацан,76561198049602148,Moon,m4a1,head,119,0,0,97,False,False,False,False,True
3,22425,76561199068251294,prosto bo$$,76561198049602148,Moon,m4a1,chest,20,4,0,87,False,False,False,False,True
4,24739,76561198002613044,frees.tyler,76561199068251294,prosto bo$$,mp7,stomach,18,5,82,95,False,False,False,False,True
4,24759,76561198002613044,frees.tyler,76561199068251294,prosto bo$$,mp7,stomach,18,5,63,90,False,False,False,False,True
4,24764,76561199068251294,prosto bo$$,76561198002613044,frees.tyler,galilar,left_leg,21,0,79,100,False,False,False,False,True
4,24764,76561198049602148,Moon,76561199068251294,prosto bo$$,mp7,stomach,19,5,81,83,False,False,False,False,True
4,24769,76561199068251294,prosto bo$$,76561198002613044,frees.tyler,galilar,stomach,28,4,51,96,False,False,False,False,True
4,24769,76561198049602148,Moon,76561199068251294,prosto bo$$,mp7,chest,15,4,66,79,False,False,False,False,True
4,24775,76561199068251294,prosto bo$$,76561198002613044,frees.tyler,galilar,stomach,28,4,22,92,False,False,False,False,True
4,24775,76561198002613044,frees.tyler,76561199068251294,prosto bo$$,mp7,chest,15,4,48,86,False,False,False,False,True
4,24780,76561198002613044,frees.tyler,76561199068251294,prosto bo$$,mp7,stomach,18,5,29,81,False,False,False,False,True
4,24785,76561198002613044,frees.tyler,76561199068251294,prosto bo$$,mp7,chest,15,4,14,77,False,False,False,False,True
4,24787,76561198049602148,Moon,76561199826895670,RME | Пацан,m4a1,stomach,27,5,39,74,False,False,False,False,True
4,24793,76561198049602148,Moon,76561199826895670,RME | Пацан,m4a1,left_leg,23,0,15,74,False,False,False,False,True
4,24800,76561198049602148,Moon,76561199068251294,prosto bo$$,mp7,stomach,19,5,0,69,False,False,False,False,True
4,24850,76561199068251294,prosto bo$$,76561198002613044,frees.tyler,galilar,stomach,28,4,0,88,False,False,False,False,True
4,24874,76561198002613044,frees.tyler,76561199826895670,RME | Пацан,m4a1,chest,21,4,0,73,False,False,False,False,True
4,25465,76561198171814417,Faat,76561199433997570,Simple Dimple skins.army,deagle,head,63,2,37,82,False,False,False,False,True
4,25480,76561199433997570,Simple Dimple skins.army,76561198171814417,Faat,ssg08,chest,86,0,14,0,False,False,False,False,True
4,25800,76561198274174345,zig,76561199826895670,RME | Пацан,smokegrenade,generic,1,0,99,100,False,False,False,True,True
4,25851,76561198274174345,zig,76561199826895670,RME | Пацан,m4a1,chest,22,4,77,96,False,False,False,False,True
4,25866,76561199826895670,RME | Пацан,76561198274174345,zig,ak47,chest,27,3,73,97,False,False,False,False,True
4,25872,76561199826895670,RME | Пацан,76561198274174345,zig,ak47,chest,27,3,46,94,False,False,False,False,True
4,25878,76561199826895670,RME | Пацан,76561198274174345,zig,ak47,head,141,0,0,94,False,False,False,False,True
4,26170,76561199557907229,shawty#)$@,76561198171814417,Faat,ssg08,chest,69,6,31,94,False,False,False,False,True
4,26806,76561199256543526,Wybaczam.oficjalnie skins.army,76561198171814417,Faat,ssg08,head,289,25,0,75,False,False,False,False,True
4,27614,76561199557907229,shawty#)$@,76561198171814417,Faat,ssg08,chest,68,6,0,88,False,False,False,False,True
4,28854,76561199433997570,Simple Dimple skins.army,76561198171814417,Faat,ssg08,chest,83,0,0,0,False,False,False,False,True
5,31325,76561199068251294,prosto bo$$,76561198171814417,Faat,ssg08,right_arm,48,4,52,96,False,False,False,False,True
5,31336,76561198171814417,Faat,76561199068251294,prosto bo$$,ssg08,chest,43,3,57,79,False,False,False,False,True
5,31451,76561198002613044,frees.tyler,76561199256543526,Wybaczam.oficjalnie skins.army,mp9,chest,12,4,88,96,False,False,False,False,True
5,31460,76561198002613044,frees.tyler,76561199256543526,Wybaczam.oficjalnie skins.army,mp9,chest,12,4,75,92,False,False,False,False,True
5,31464,76561198002613044,frees.tyler,76561199256543526,Wybaczam.oficjalnie skins.army,mp9,chest,12,4,62,88,False,False,False,False,True
5,31567,76561198274174345,zig,76561199433997570,Simple Dimple skins.army,m4a1,head,87,18,13,78,False,False,False,False,True
5,31592,76561198274174345,zig,76561199433997570,Simple Dimple skins.army,m4a1,chest,21,4,0,74,False,False,False,False,True
5,31642,76561198171814417,Faat,76561199068251294,prosto bo$$,ssg08,chest,66,5,0,74,False,False,False,False,True
5,31694,76561199433997570,Simple Dimple skins.army,76561198002613044,frees.tyler,ak47,chest,27,3,73,97,False,False,False,False,True
5,31701,76561199433997570,Simple Dimple skins.army,76561198002613044,frees.tyler,ak47,chest,27,3,46,94,False,False,False,False,True
5,31720,76561199433997570,Simple Dimple skins.army,76561198002613044,frees.tyler,ak47,chest,27,3,19,91,False,False,False,False,True
5,31808,76561198002613044,frees.tyler,76561199433997570,Simple Dimple skins.army,m4a1,stomach,27,5,35,83,False,False,False,False,True
5,31813,76561198002613044,frees.tyler,76561199433997570,Simple Dimple skins.army,m4a1,right_leg,23,0,11,83,False,False,False,False,True
5,31819,76561198002613044,frees.tyler,76561199433997570,Simple Dimple skins.army,m4a1,chest,22,4,0,79,False,False,False,False,True
5,32260,76561198049602148,Moon,76561199433997570,Simple Dimple skins.army,hegrenade,generic,0,0,100,100,False,False,False,True,True
5,32340,76561199557907229,shawty#)$@,76561198049602148,Moon,hegrenade,generic,3,0,97,0,False,False,False,True,True
5,32357,76561198049602148,Moon,76561199433997570,Simple Dimple skins.army,m4a1,head,86,18,13,82,False,False,False,False,True
5,32365,76561199433997570,Simple Dimple skins.army,76561198049602148,Moon,ak47,head,107,15,0,76,False,False,False,False,True
5,32475,76561198049602148,Moon,76561199557907229,shawty#)$@,hkp2000,chest,15,7,0,75,False,False,False,False,True
5,32576,76561199052717313,Worfy,76561199557907229,shawty#)$@,hkp2000,chest,15,7,85,93,False,False,False,False,True
5,32589,76561199557907229,shawty#)$@,76561199052717313,Worfy,ak47,stomach,43,0,54,0,False,False,False,False,True
5,32595,76561199557907229,shawty#)$@,76561199052717313,Worfy,ak47,stomach,43,0,10,0,False,False,False,False,True
5,32635,76561199052717313,Worfy,76561199557907229,shawty#)$@,hkp2000,chest,15,7,69,86,False,False,False,False,True
5,32646,76561199052717313,Worfy,76561199557907229,shawty#)$@,hkp2000,stomach,13,6,56,80,False,False,False,False,True
5,33527,76561199052717313,Worfy,76561199068251294,prosto bo$$,ssg08,chest,72,6,0,74,False,False,False,False,True
6,36108,76561198274174345,zig,76561199256543526,Wybaczam.oficjalnie skins.army,m4a1,stomach,31,6,69,94,False,False,False,False,True
6,36114,76561199256543526,Wybaczam.oficjalnie skins.army,76561198274174345,zig,ak47,chest,27,3,73,97,False,False,False,False,True
6,36115,76561198274174345,zig,76561199256543526,Wybaczam.oficjalnie skins.army,m4a1,chest,25,5,43,89,False,False,False,False,True
6,36121,76561198274174345,zig,76561199256543526,Wybaczam.oficjalnie skins.army,m4a1,chest,25,5,17,84,False,False,False,False,True
6,36127,76561198274174345,zig,76561199256543526,Wybaczam.oficjalnie skins.army,m4a1,chest,25,5,0,79,False,False,False,False,True
6,36245,76561199433997570,Simple Dimple skins.army,76561198049602148,Moon,ak47,right_arm,26,3,74,97,False,False,False,False,True
6,37293,76561199052717313,Worfy,76561199433997570,Simple Dimple skins.army,ak47,chest,27,3,73,97,False,False,False,False,True
6,37300,76561199052717313,Worfy,76561199433997570,Simple Dimple skins.army,ak47,stomach,34,4,39,93,False,False,False,False,True
6,37306,76561199052717313,Worfy,76561199433997570,Simple Dimple skins.army,ak47,chest,27,3,11,90,False,False,False,False,True
6,37312,76561199052717313,Worfy,76561199433997570,Simple Dimple skins.army,ak47,chest,27,3,0,87,False,False,False,False,True
6,37343,76561198002613044,frees.tyler,76561199256543526,Wybaczam.oficjalnie skins.army,hegrenade,generic,3,2,97,98,False,False,False,True,True
6,37483,76561198002613044,frees.tyler,76561199433997570,Simple Dimple skins.army,ak47,chest,27,4,70,94,False,False,False,False,True
6,37501,76561198002613044,frees.tyler,76561199433997570,Simple Dimple skins.army,ak47,stomach,34,5,35,89,False,False,False,False,True
6,37503,76561199433997570,Simple Dimple skins.army,76561198002613044,frees.tyler,ak47,stomach,34,5,39,92,False,False,False,False,True
6,37508,76561198002613044,frees.tyler,76561199433997570,Simple Dimple skins.army,ak47,right_arm,27,4,7,85,False,False,False,False,True
6,37509,76561199433997570,Simple Dimple skins.army,76561198002613044,frees.tyler,ak47,stomach,34,5,5,87,False,False,False,False,True
6,37514,76561198002613044,frees.tyler,76561199433997570,Simple Dimple skins.army,ak47,chest,27,4,0,81,False,False,False,False,True
6,38262,76561199256543526,Wybaczam.oficjalnie skins.army,76561198049602148,Moon,ak47,head,109,15,0,82,False,False,False,False,True
6,38381,76561198049602148,Moon,76561199826895670,RME | Пацан,ak47,right_leg,26,0,74,100,False,False,False,False,True
6,38387,76561198049602148,Moon,76561199826895670,RME | Пацан,ak47,left_leg,26,0,48,100,False,False,False,False,True
6,38393,76561198049602148,Moon,76561199826895670,RME | Пацан,ak47,chest,26,3,22,97,False,False,False,False,True
6,38413,76561198049602148,Moon,76561199826895670,RME | Пацан,ak47,head,107,15,0,82,False,False,False,False,True
6,39285,76561199826895670,RME | Пацан,76561198171814417,Faat,awp,chest,69,0,31,100,False,False,False,False,True
6,39487,76561198171814417,Faat,76561199826895670,RME | Пацан,ak47,stomach,33,4,67,96,False,False,False,False,True
6,39628,76561198171814417,Faat,76561199826895670,RME | Пацан,ak47,chest,26,3,40,93,False,False,False,False,True
6,39634,76561198171814417,Faat,76561199826895670,RME | Пацан,ak47,stomach,33,4,7,89,False,False,False,False,True
6,39665,76561198171814417,Faat,76561199826895670,RME | Пацан,ak47,chest,26,3,0,86,False,False,False,False,True
7,42077,76561198049602148,Moon,76561199826895670,RME | Пацан,awp,chest,112,0,0,0,False,False,False,False,True
7,42077,76561199557907229,shawty#)$@,76561198049602148,Moon,flashbang,generic,1,0,99,100,False,False,False,True,True
7,42232,76561198002613044,frees.tyler,76561199433997570,Simple Dimple skins.army,ak47,head,109,15,0,85,False,False,False,False,True
7,42445,76561199256543526,Wybaczam.oficjalnie skins.army,76561198171814417,Faat,mp7,right_arm,16,5,84,95,False,False,False,False,True
7,42446,76561198171814417,Faat,76561199256543526,Wybaczam.oficjalnie skins.army,m4a1,stomach,28,6,72,94,False,False,False,False,True
7,42450,76561199256543526,Wybaczam.oficjalnie skins.army,76561198171814417,Faat,mp7,chest,16,5,67,90,False,False,False,False,True
7,42452,76561198171814417,Faat,76561199256543526,Wybaczam.oficjalnie skins.army,m4a1,stomach,28,6,44,88,False,False,False,False,True
7,42461,76561199256543526,Wybaczam.oficjalnie skins.army,76561198171814417,Faat,mp7,chest,16,5,50,85,False,False,False,False,True
7,42463,76561198171814417,Faat,76561199256543526,Wybaczam.oficjalnie skins.army,m4a1,chest,22,4,22,84,False,False,False,False,True
7,42466,76561199256543526,Wybaczam.oficjalnie skins.army,76561198171814417,Faat,mp7,chest,16,5,33,80,False,False,False,False,True
7,42469,76561198171814417,Faat,76561199256543526,Wybaczam.oficjalnie skins.army,m4a1,chest,22,4,0,80,False,False,False,False,True
7,42541,76561199256543526,Wybaczam.oficjalnie skins.army,76561199052717313,Worfy,mac10,chest,14,5,19,75,False,False,False,False,True
7,42551,76561199256543526,Wybaczam.oficjalnie skins.army,76561199052717313,Worfy,mac10,right_arm,14,5,4,70,False,False,False,False,True
7,42565,76561199256543526,Wybaczam.oficjalnie skins.army,76561199052717313,Worfy,mac10,right_arm,14,5,0,65,False,False,False,False,True
7,42730,76561199433997570,Simple Dimple skins.army,76561198274174345,zig,mac10,left_leg,17,0,83,87,False,False,False,False,True
7,42733,76561198274174345,zig,76561199433997570,Simple Dimple skins.army,ak47,stomach,34,4,66,96,False,False,False,False,True
7,42739,76561199433997570,Simple Dimple skins.army,76561198274174345,zig,mac10,stomach,16,6,66,81,False,False,False,False,True
7,42744,76561199433997570,Simple Dimple skins.army,76561198274174345,zig,mac10,stomach,16,6,49,75,False,False,False,False,True
7,42749,76561199433997570,Simple Dimple skins.army,76561198274174345,zig,mac10,chest,13,5,36,70,False,False,False,False,True
7,42752,76561198274174345,zig,76561199433997570,Simple Dimple skins.army,ak47,chest,27,3,39,93,False,False,False,False,True
7,42754,76561199433997570,Simple Dimple skins.army,76561198274174345,zig,mac10,chest,13,5,22,65,False,False,False,False,True
7,42758,76561199433997570,Simple Dimple skins.army,76561198274174345,zig,mac10,chest,13,5,8,60,False,False,False,False,True
7,42768,76561199433997570,Simple Dimple skins.army,76561198274174345,zig,mac10,right_arm,13,5,0,55,False,False,False,False,True
7,43405,76561199557907229,shawty#)$@,76561199052717313,Worfy,mac10,head,45,16,54,84,False,False,False,False,True
7,43546,76561199068251294,prosto bo$$,76561198274174345,zig,m4a1,left_leg,23,0,77,100,False,False,False,False,True
7,43552,76561199068251294,prosto bo$$,76561198274174345,zig,m4a1,left_leg,23,0,53,100,False,False,False,False,True
7,43558,76561199068251294,prosto bo$$,76561198274174345,zig,m4a1,stomach,27,5,25,95,False,False,False,False,True
7,43575,76561199068251294,prosto bo$$,76561198274174345,zig,m4a1,stomach,27,5,0,90,False,False,False,False,True
7,43712,76561199557907229,shawty#)$@,76561199052717313,Worfy,hegrenade,generic,2,1,51,83,False,False,False,True,True
7,44380,76561199052717313,Worfy,,,,generic,12,0,88,0,False,False,False,False,True
7,46759,76561199557907229,shawty#)$@,76561199557907229,shawty#)$@,inferno,generic,8,0,43,83,True,False,False,True,True
7,46772,76561199557907229,shawty#)$@,76561199557907229,shawty#)$@,inferno,generic,8,0,35,83,True,False,False,True,True
7,46784,76561199557907229,shawty#)$@,76561199557907229,shawty#)$@,inferno,generic,8,0,27,83,True,False,False,True,True
7,46797,76561199557907229,shawty#)$@,76561199557907229,shawty#)$@,inferno,generic,8,0,19,83,True,False,False,True,True
7,46810,76561199557907229,shawty#)$@,76561199557907229,shawty#)$@,inferno,generic,8,0,11,83,True,False,False,True,True
7,47299,76561199557907229,shawty#)$@,76561198274174345,zig,m4a1,chest,5,1,6,82,False,False,False,False,True
7,47301,76561199826895670,RME | Пацан,76561199052717313,Worfy,mac10,chest,14,5,86,95,False,False,False,False,True
7,47342,76561199557907229,shawty#)$@,76561198274174345,zig,m4a1,right_arm,15,3,0,79,False,False,False,False,True
7,47576,76561199826895670,RME | Пацан,,,,generic,572,95,0,0,False,False,False,False,True
7,47576,76561199052717313,Worfy,,,,generic,310,0,0,0,False,False,False,False,True
7,47576,76561198274174345,zig,,,,generic,8,8,31,85,False,False,False,False,True
8,49840,76561198002613044,frees.tyler,76561199256543526,Wybaczam.oficjalnie skins.army,deagle,chest,35,1,65,99,False,False,False,False,True
8,49914,76561199068251294,prosto bo$$,76561198171814417,Faat,ssg08,chest,66,5,34,95,False,False,False,False,True
8,49932,76561199256543526,Wybaczam.oficjalnie skins.army,76561198002613044,frees.tyler,hegrenade,generic,13,9,87,91,False,False,False,True,True
8,50134,76561198002613044,frees.tyler,76561199256543526,Wybaczam.oficjalnie skins.army,hegrenade,generic,0,0,64,99,False,False,False,True,True
8,50319,76561199256543526,Wybaczam.oficjalnie skins.army,76561198002613044,frees.tyler,mac10,head,47,17,40,74,False,False,False,False,True
8,50324,76561199256543526,Wybaczam.oficjalnie skins.army,76561198002613044,frees.tyler,mac10,right_arm,11,4,28,70,False,False,False,False,True
8,50343,76561199256543526,Wybaczam.oficjalnie skins.army,76561198002613044,frees.tyler,mac10,stomach,14,5,13,65,False,False,False,False,True
8,50348,76561199256543526,Wybaczam.oficjalnie skins.army,76561198002613044,frees.tyler,mac10,chest,11,4,2,61,False,False,False,False,True
8,50726,76561199256543526,Wybaczam.oficjalnie skins.army,76561198002613044,frees.tyler,mac10,head,45,16,0,45,False,False,False,False,True
8,51478,76561199433997570,Simple Dimple skins.army,76561198002613044,frees.tyler,inferno,generic,1,0,99,0,False,False,False,True,True
8,51491,76561199433997570,Simple Dimple skins.army,76561198002613044,frees.tyler,inferno,generic,2,0,96,0,False,False,False,True,True
8,51499,76561199433997570,Simple Dimple skins.army,76561198274174345,zig,hegrenade,generic,9,0,87,0,False,False,False,True,True
8,51504,76561199433997570,Simple Dimple skins.army,76561198002613044,frees.tyler,inferno,generic,3,0,84,0,False,False,False,True,True
8,51681,76561198049602148,Moon,76561199826895670,RME | Пацан,molotov,generic,1,0,99,100,False,False,False,True,True
8,51694,76561198049602148,Moon,76561199826895670,RME | Пацан,deagle,chest,36,1,62,99,False,False,False,False,True
8,51720,76561199826895670,RME | Пацан,76561198049602148,Moon,ak47,head,75,0,25,100,False,False,False,False,True
8,51754,76561198049602148,Moon,76561199826895670,RME | Пацан,inferno,generic,1,0,61,99,False,False,False,True,True
8,51767,76561198049602148,Moon,76561199826895670,RME | Пацан,inferno,generic,2,0,58,99,False,False,False,True,True
8,51780,76561198049602148,Moon,76561199826895670,RME | Пацан,inferno,generic,3,0,55,99,False,False,False,True,True
8,51838,76561198049602148,Moon,76561199826895670,RME | Пацан,deagle,stomach,39,1,15,98,False,False,False,False,True
8,51892,76561198049602148,Moon,76561199068251294,prosto bo$$,awp,stomach,137,1,0,97,False,False,False,False,True
8,52379,76561198002613044,frees.tyler,76561199433997570,Simple Dimple skins.army,awp,chest,110,1,0,98,False,False,False,False,True
8,52700,76561199433997570,Simple Dimple skins.army,76561198274174345,zig,m4a1,chest,31,0,52,0,False,False,False,False,True
8,52727,76561199433997570,Simple Dimple skins.army,76561198171814417,Faat,ssg08,chest,83,0,0,0,False,False,False,False,True
8,53555,76561199052717313,Worfy,76561199557907229,shawty#)$@,mp9,stomach,17,5,83,95,False,False,False,False,True
8,53560,76561199052717313,Worfy,76561199557907229,shawty#)$@,mp9,head,94,0,0,95,False,False,False,False,True
8,54173,76561198274174345,zig,76561199557907229,shawty#)$@,mp9,chest,14,4,86,96,False,False,False,False,True
8,54182,76561198274174345,zig,76561199557907229,shawty#)$@,mp9,chest,14,4,72,92,False,False,False,False,True
8,54186,76561198274174345,zig,76561199557907229,shawty#)$@,mp9,stomach,17,5,55,87,False,False,False,False,True
8,54191,76561198274174345,zig,76561199557907229,shawty#)$@,mp9,head,56,18,0,69,False,False,False,False,True
8,54577,76561199557907229,shawty#)$@,76561198171814417,Faat,ssg08,head,277,24,0,76,False,False,False,False,True
8,55764,76561198171814417,Faat,76561199068251294,prosto bo$$,awp,chest,107,1,0,99,False,False,False,False,True
9,57734,76561198171814417,Faat,76561199068251294,prosto bo$$,awp,right_arm,105,1,0,99,False,False,False,False,True
9,58439,76561198274174345,zig,76561199826895670,RME | Пацан,awp,head,428,5,0,95,False,False,False,False,True
9,58467,76561198049602148,Moon,76561199068251294,prosto bo$$,awp,chest,109,1,0,99,False,False,False,False,True
9,58664,76561199068251294,prosto bo$$,76561198002613044,frees.tyler,hegrenade,generic,53,35,47,65,False,False,False,True,True
9,58690,76561198002613044,frees.tyler,76561199068251294,prosto bo$$,awp,chest,109,1,0,99,False,False,False,False,True
9,59297,76561199433997570,Simple Dimple skins.army,76561199052717313,Worfy,deagle,head,171,6,0,94,False,False,False,False,True
9,61363,76561199557907229,shawty#)$@,76561199052717313,Worfy,m4a1,right_arm,25,5,75,95,False,False,False,False,True
9,61370,76561199557907229,shawty#)$@,76561199052717313,Worfy,m4a1,chest,25,5,50,90,False,False,False,False,True
9,61429,76561199052717313,Worfy,76561199557907229,shawty#)$@,ak47,left_arm,10,0,90,0,False,False,False,False,True
9,61448,76561199052717313,Worfy,76561199557907229,shawty#)$@,ak47,right_leg,10,0,79,0,False,False,False,False,True
9,61461,76561199052717313,Worfy,76561199557907229,shawty#)$@,ak47,head,58,0,20,0,False,False,False,False,True
9,61486,76561199052717313,Worfy,76561199557907229,shawty#)$@,ak47,right_leg,10,0,9,0,False,False,False,False,True
9,61493,76561199052717313,Worfy,76561199557907229,shawty#)$@,ak47,stomach,18,0,0,0,False,False,False,False,True
9,61875,76561199557907229,shawty#)$@,76561199826895670,RME | Пацан,awp,stomach,46,0,4,90,False,False,False,False,True
10,64750,76561198002613044,frees.tyler,76561199433997570,Simple Dimple skins.army,hegrenade,generic,46,31,54,69,False,False,False,True,True
10,64921,76561199557907229,shawty#)$@,76561198171814417,Faat,mp7,left_arm,17,5,83,85,False,False,False,False,True
10,64927,76561199557907229,shawty#)$@,76561198171814417,Faat,mp7,chest,17,5,66,80,False,False,False,False,True
10,64932,76561199557907229,shawty#)$@,76561198171814417,Faat,mp7,chest,17,5,49,75,False,False,False,False,True
10,64947,76561199557907229,shawty#)$@,76561198171814417,Faat,mp7,head,68,20,0,55,False,False,False,False,True
10,65849,76561199052717313,Worfy,76561199433997570,Simple Dimple skins.army,deagle,head,187,0,0,100,False,False,False,False,True
10,65895,76561199433997570,Simple Dimple skins.army,76561198049602148,Moon,ak47,chest,27,4,73,96,False,False,False,False,True
10,65902,76561199433997570,Simple Dimple skins.army,76561198049602148,Moon,ak47,chest,27,4,45,92,False,False,False,False,True
10,65908,76561199433997570,Simple Dimple skins.army,76561198049602148,Moon,ak47,head,110,16,0,76,False,False,False,False,True
10,66254,76561198171814417,Faat,76561199256543526,Wybaczam.oficjalnie skins.army,ak47,chest,27,4,73,96,False,False,False,False,True
10,66261,76561198171814417,Faat,76561199256543526,Wybaczam.oficjalnie skins.army,ak47,stomach,34,5,38,91,False,False,False,False,True
10,66267,76561198171814417,Faat,76561199256543526,Wybaczam.oficjalnie skins.army,ak47,stomach,34,5,4,86,False,False,False,False,True
10,66293,76561198171814417,Faat,76561199256543526,Wybaczam.oficjalnie skins.army,ak47,head,110,16,0,70,False,False,False,False,True
10,66605,76561199256543526,Wybaczam.oficjalnie skins.army,76561198002613044,frees.tyler,mac10,stomach,16,6,84,94,False,False,False,False,True
10,66605,76561198049602148,Moon,76561199826895670,RME | Пацан,hegrenade,generic,27,18,73,82,False,False,False,True,True
10,66610,76561199256543526,Wybaczam.oficjalnie skins.army,76561198002613044,frees.tyler,mac10,stomach,16,6,67,88,False,False,False,False,True
10,66614,76561199256543526,Wybaczam.oficjalnie skins.army,76561198002613044,frees.tyler,mac10,stomach,16,6,50,82,False,False,False,False,True
10,66619,76561199256543526,Wybaczam.oficjalnie skins.army,76561198002613044,frees.tyler,mac10,chest,13,4,37,78,False,False,False,False,True
10,66624,76561199256543526,Wybaczam.oficjalnie skins.army,76561198002613044,frees.tyler,mac10,chest,13,4,23,74,False,False,False,False,True
10,66634,76561199256543526,Wybaczam.oficjalnie skins.army,76561198002613044,frees.tyler,mac10,chest,13,4,10,70,False,False,False,False,True
10,66636,76561198002613044,frees.tyler,76561199256543526,Wybaczam.oficjalnie skins.army,ak47,head,109,15,0,54,False,False,False,False,True
10,66647,76561199256543526,Wybaczam.oficjalnie skins.army,76561198274174345,zig,hegrenade,generic,55,36,0,34,False,False,False,True,True
10,66871,76561198049602148,Moon,76561199826895670,RME | Пацан,awp,chest,110,1,0,81,False,False,False,False,True
10,67752,76561198274174345,zig,76561199826895670,RME | Пацан,awp,chest,109,1,0,99,False,False,False,False,True
11,69856,76561199557907229,shawty#)$@,76561199433997570,Simple Dimple skins.army,knife,generic,61,5,39,95,False,False,False,False,True
11,70001,76561199433997570,Simple Dimple skins.army,76561199557907229,shawty#)$@,knife,generic,22,1,78,99,False,False,False,False,True
11,70071,76561199433997570,Simple Dimple skins.army,76561199557907229,shawty#)$@,knife,generic,61,5,17,94,False,False,False,False,True
11,70309,76561199557907229,shawty#)$@,76561199433997570,Simple Dimple skins.army,m4a1,right_leg,7,0,31,95,False,False,False,False,True
11,70359,76561199557907229,shawty#)$@,,,,generic,4,0,27,95,False,False,False,False,True
11,70655,76561199557907229,shawty#)$@,76561199433997570,Simple Dimple skins.army,m4a1,chest,7,1,20,94,False,False,False,False,True
11,70661,76561199557907229,shawty#)$@,76561199433997570,Simple Dimple skins.army,m4a1,chest,7,1,13,93,False,False,False,False,True
11,70667,76561199557907229,shawty#)$@,76561199433997570,Simple Dimple skins.army,m4a1,chest,7,1,5,92,False,False,False,False,True
11,70673,76561199557907229,shawty#)$@,76561199433997570,Simple Dimple skins.army,m4a1,right_leg,7,0,0,92,False,False,False,False,True
11,70781,76561199433997570,Simple Dimple skins.army,76561199068251294,prosto bo$$,hkp2000,chest,5,2,12,92,False,False,False,False,True
11,70899,76561199433997570,Simple Dimple skins.army,76561199068251294,prosto bo$$,hkp2000,stomach,6,3,5,89,False,False,False,False,True
11,70950,76561199433997570,Simple Dimple skins.army,76561199068251294,prosto bo$$,hkp2000,stomach,6,3,0,86,False,False,False,False,True
11,72114,76561199256543526,Wybaczam.oficjalnie skins.army,76561198049602148,Moon,tec9,neck,21,1,79,99,False,False,False,False,True
11,72125,76561199256543526,Wybaczam.oficjalnie skins.army,76561198049602148,Moon,tec9,chest,21,1,57,98,False,False,False,False,True
11,72188,76561199256543526,Wybaczam.oficjalnie skins.army,76561198049602148,Moon,tec9,left_leg,18,0,39,98,False,False,False,False,True
11,72225,76561199256543526,Wybaczam.oficjalnie skins.army,76561198049602148,Moon,tec9,right_leg,18,0,20,98,False,False,False,False,True
11,72233,76561199256543526,Wybaczam.oficjalnie skins.army,76561199052717313,Worfy,deagle,stomach,49,1,0,97,False,False,False,False,True
11,72329,76561198049602148,Moon,76561199068251294,prosto bo$$,smokegrenade,generic,2,0,98,0,False,False,False,True,True
11,72454,76561199052717313,Worfy,76561199068251294,prosto bo$$,hegrenade,generic,41,0,59,0,False,False,False,True,True
11,72454,76561198049602148,Moon,76561199068251294,prosto bo$$,hegrenade,generic,35,0,63,0,False,False,False,True,True
11,72728,76561198049602148,Moon,76561199068251294,prosto bo$$,awp,right_arm,113,0,0,0,False,False,False,False,True
11,73051,76561199826895670,RME | Пацан,76561198171814417,Faat,ssg08,right_leg,60,0,40,100,False,False,False,False,True
11,73240,76561199826895670,RME | Пацан,76561198171814417,Faat,ssg08,chest,6,0,33,100,False,False,False,False,True
11,74032,76561199068251294,prosto bo$$,76561198171814417,Faat,ssg08,chest,34,3,66,97,False,False,False,False,True
11,74244,76561198274174345,zig,76561199826895670,RME | Пацан,awp,chest,112,0,0,0,False,False,False,False,True
11,75189,76561199826895670,RME | Пацан,76561198171814417,Faat,ssg08,chest,67,5,0,95,False,False,False,False,True
11,75281,76561199068251294,prosto bo$$,76561199052717313,Worfy,deagle,chest,34,1,31,96,False,False,False,False,True
11,75381,76561199068251294,prosto bo$$,76561198002613044,frees.tyler,glock,head,47,26,0,70,False,False,False,False,True
12,78281,76561199557907229,shawty#)$@,76561199433997570,Simple Dimple skins.army,hkp2000,stomach,7,3,93,97,False,False,False,False,True
12,78319,76561199557907229,shawty#)$@,76561199433997570,Simple Dimple skins.army,hkp2000,chest,5,2,88,95,False,False,False,False,True
12,78447,76561198002613044,frees.tyler,76561199256543526,Wybaczam.oficjalnie skins.army,fiveseven,chest,26,1,74,99,False,False,False,False,True
12,78457,76561199256543526,Wybaczam.oficjalnie skins.army,76561198002613044,frees.tyler,ak47,head,110,16,0,84,False,False,False,False,True
12,79041,76561198049602148,Moon,76561199557907229,shawty#)$@,hegrenade,generic,50,33,50,67,False,False,False,True,True
12,79961,76561198171814417,Faat,76561199557907229,shawty#)$@,awp,head,427,5,0,95,False,False,False,False,True
12,80228,76561199052717313,Worfy,76561199433997570,Simple Dimple skins.army,m4a1,head,89,19,11,81,False,False,False,False,True
12,80234,76561199052717313,Worfy,76561199433997570,Simple Dimple skins.army,m4a1,chest,25,5,0,76,False,False,False,False,True
12,80270,76561198049602148,Moon,76561199433997570,Simple Dimple skins.army,m4a1,chest,25,5,24,62,False,False,False,False,True
12,80277,76561198049602148,Moon,76561199433997570,Simple Dimple skins.army,m4a1,chest,25,5,0,57,False,False,False,False,True
12,81734,76561199826895670,RME | Пацан,76561198274174345,zig,ak47,left_arm,26,3,74,97,False,False,False,False,True
12,81756,76561199826895670,RME | Пацан,76561198274174345,zig,ak47,stomach,25,3,48,94,False,False,False,False,True
12,82530,76561199826895670,RME | Пацан,76561199557907229,shawty#)$@,inferno,generic,0,0,47,94,False,False,False,True,True
12,82543,76561199826895670,RME | Пацан,76561199557907229,shawty#)$@,inferno,generic,1,0,46,94,False,False,False,True,True
12,82556,76561199826895670,RME | Пацан,76561199557907229,shawty#)$@,inferno,generic,1,0,45,94,False,False,False,True,True
12,82568,76561199826895670,RME | Пацан,76561199557907229,shawty#)$@,inferno,generic,1,0,43,94,False,False,False,True,True
12,82581,76561199826895670,RME | Пацан,76561199557907229,shawty#)$@,inferno,generic,1,0,42,94,False,False,False,True,True
12,82594,76561199826895670,RME | Пацан,76561199557907229,shawty#)$@,inferno,generic,2,0,39,94,False,False,False,True,True
12,82607,76561199826895670,RME | Пацан,76561199557907229,shawty#)$@,inferno,generic,2,0,37,94,False,False,False,True,True
12,83205,76561199557907229,shawty#)$@,76561198002613044,frees.tyler,hegrenade,generic,47,31,41,64,False,False,False,True,True
12,83205,76561199433997570,Simple Dimple skins.army,76561198002613044,frees.tyler,hegrenade,generic,36,24,64,76,False,False,False,True,True
12,83879,76561198002613044,frees.tyler,76561199433997570,Simple Dimple skins.army,inferno,generic,4,0,70,99,False,False,False,True,True
12,83892,76561198002613044,frees.tyler,76561199433997570,Simple Dimple skins.army,inferno,generic,4,0,65,99,False,False,False,True,True
12,83905,76561198002613044,frees.tyler,76561199433997570,Simple Dimple skins.army,inferno,generic,5,0,60,99,False,False,False,True,True
12,83918,76561198002613044,frees.tyler,76561199433997570,Simple Dimple skins.army,inferno,generic,6,0,53,99,False,False,False,True,True
12,83931,76561198002613044,frees.tyler,76561199433997570,Simple Dimple skins.army,inferno,generic,7,0,46,99,False,False,False,True,True
12,83943,76561198002613044,frees.tyler,76561199433997570,Simple Dimple skins.army,inferno,generic,8,0,38,99,False,False,False,True,True
12,83956,76561198002613044,frees.tyler,76561199433997570,Simple Dimple skins.army,inferno,generic,8,0,30,99,False,False,False,True,True
12,83969,76561198002613044,frees.tyler,76561199433997570,Simple Dimple skins.army,inferno,generic,8,0,22,99,False,False,False,True,True
12,83982,76561198002613044,frees.tyler,76561199433997570,Simple Dimple skins.army,inferno,generic,8,0,14,99,False,False,False,True,True
12,83995,76561198002613044,frees.tyler,76561199433997570,Simple Dimple skins.army,inferno,generic,8,0,6,99,False,False,False,True,True
12,84422,76561199557907229,shawty#)$@,76561199826895670,RME | Пацан,awp,chest,36,0,4,64,False,False,False,False,True
13,87261,76561199433997570,Simple Dimple skins.army,76561198049602148,Moon,hegrenade,generic,2,0,98,0,False,False,False,True,True
13,87309,76561199433997570,Simple Dimple skins.army,76561198049602148,Moon,hegrenade,generic,14,0,84,0,False,False,False,True,True
13,87986,76561198049602148,Moon,76561199068251294,prosto bo$$,glock,head,76,0,24,0,False,False,False,False,True
13,88011,76561199557907229,shawty#)$@,76561198274174345,zig,hkp2000,chest,26,0,74,0,False,False,False,False,True
13,88034,76561199557907229,shawty#)$@,76561198274174345,zig,hkp2000,head,104,0,0,0,False,False,False,False,True
13,88218,76561198049602148,Moon,76561199256543526,Wybaczam.oficjalnie skins.army,glock,left_leg,16,0,8,0,False,False,False,False,True
13,88255,76561198049602148,Moon,76561199433997570,Simple Dimple skins.army,glock,chest,21,0,0,0,False,False,False,False,True
13,88375,76561199256543526,Wybaczam.oficjalnie skins.army,76561199052717313,Worfy,hkp2000,chest,28,0,72,0,False,False,False,False,True
13,88394,76561199068251294,prosto bo$$,76561198274174345,zig,hkp2000,stomach,32,0,68,0,False,False,False,False,True
13,88395,76561199256543526,Wybaczam.oficjalnie skins.army,76561199052717313,Worfy,hkp2000,head,112,0,0,0,False,False,False,False,True
13,88406,76561198274174345,zig,76561199433997570,Simple Dimple skins.army,glock,head,81,0,19,100,False,False,False,False,True
13,88428,76561198274174345,zig,76561199433997570,Simple Dimple skins.army,glock,head,81,0,0,100,False,False,False,False,True
13,88489,76561198171814417,Faat,76561199068251294,prosto bo$$,glock,chest,14,0,86,0,False,False,False,False,True
13,88524,76561199068251294,prosto bo$$,76561199052717313,Worfy,hkp2000,chest,27,0,41,0,False,False,False,False,True
13,88567,76561199068251294,prosto bo$$,76561199052717313,Worfy,hkp2000,right_arm,26,0,14,0,False,False,False,False,True
13,88584,76561199052717313,Worfy,76561199068251294,prosto bo$$,glock,head,76,0,24,0,False,False,False,False,True
13,88631,76561199068251294,prosto bo$$,76561199052717313,Worfy,hkp2000,chest,27,0,0,0,False,False,False,False,True
13,88643,76561199433997570,Simple Dimple skins.army,76561198171814417,Faat,hkp2000,right_arm,25,0,59,0,False,False,False,False,True
13,88643,76561198171814417,Faat,76561199433997570,Simple Dimple skins.army,glock,chest,16,0,70,0,False,False,False,False,True
13,88657,76561198171814417,Faat,76561199433997570,Simple Dimple skins.army,glock,chest,16,0,53,0,False,False,False,False,True
13,88696,76561199433997570,Simple Dimple skins.army,76561198171814417,Faat,hkp2000,chest,25,0,34,0,False,False,False,False,True
13,88716,76561198171814417,Faat,76561199433997570,Simple Dimple skins.army,glock,chest,16,0,36,0,False,False,False,False,True
13,88730,76561198171814417,Faat,76561199433997570,Simple Dimple skins.army,glock,stomach,21,0,15,0,False,False,False,False,True
13,89362,76561198002613044,frees.tyler,76561199826895670,RME | Пацан,glock,chest,22,0,78,0,False,False,False,False,True
13,89376,76561198002613044,frees.tyler,76561199433997570,Simple Dimple skins.army,glock,chest,20,0,58,0,False,False,False,False,True
13,89420,76561198002613044,frees.tyler,76561199826895670,RME | Пацан,glock,chest,22,0,36,0,False,False,False,False,True
13,89427,76561199826895670,RME | Пацан,76561198002613044,frees.tyler,hkp2000,chest,29,0,71,0,False,False,False,False,True
13,89450,76561198002613044,frees.tyler,76561199826895670,RME | Пацан,glock,chest,22,0,14,0,False,False,False,False,True
13,89470,76561198002613044,frees.tyler,76561199826895670,RME | Пацан,glock,chest,22,0,0,0,False,False,False,False,True
13,90150,76561198171814417,Faat,76561199826895670,RME | Пацан,glock,head,70,0,0,0,False,False,False,False,True
13,90340,76561199826895670,RME | Пацан,76561199052717313,Worfy,hkp2000,head,121,0,0,0,False,False,False,False,True
13,90348,76561199052717313,Worfy,76561199433997570,Simple Dimple skins.army,glock,head,96,0,0,0,False,False,False,False,True
14,92291,76561199052717313,Worfy,76561199433997570,Simple Dimple skins.army,awp,left_arm,108,0,0,0,False,False,False,False,True
14,92914,76561198171814417,Faat,76561199557907229,shawty#)$@,xm1014,head,37,0,63,0,False,False,False,False,True
14,92914,76561198171814417,Faat,76561199557907229,shawty#)$@,xm1014,stomach,11,0,52,0,False,False,False,False,True
14,92936,76561198171814417,Faat,76561199557907229,shawty#)$@,xm1014,stomach,11,0,40,0,False,False,False,False,True
14,93135,76561199068251294,prosto bo$$,76561198171814417,Faat,deagle,left_arm,13,0,87,100,False,False,False,False,True
14,93147,76561198171814417,Faat,76561199068251294,prosto bo$$,galilar,head,15,0,24,0,False,False,False,False,True
14,93170,76561198171814417,Faat,76561199068251294,prosto bo$$,galilar,head,33,0,0,0,False,False,False,False,True
14,93185,76561199433997570,Simple Dimple skins.army,,,,generic,2,0,98,0,False,False,False,False,True
14,94148,76561198274174345,zig,76561199068251294,prosto bo$$,galilar,stomach,16,0,84,0,False,False,False,False,True
14,94180,76561199557907229,shawty#)$@,76561198002613044,frees.tyler,hkp2000,right_arm,12,6,88,94,False,False,False,False,True
14,94206,76561199557907229,shawty#)$@,76561198002613044,frees.tyler,hkp2000,stomach,15,7,72,87,False,False,False,False,True
14,94420,76561199068251294,prosto bo$$,76561198274174345,zig,p250,head,83,23,3,77,False,False,False,False,True
14,94448,76561199068251294,prosto bo$$,76561198002613044,frees.tyler,hegrenade,generic,1,0,2,77,False,False,False,True,True
14,94659,76561198049602148,Moon,76561199433997570,Simple Dimple skins.army,awp,chest,113,0,0,0,False,False,False,False,True
14,94715,76561198274174345,zig,76561199826895670,RME | Пацан,deagle,chest,38,0,45,0,False,False,False,False,True
14,94747,76561199826895670,RME | Пацан,76561198274174345,zig,p250,head,123,0,0,0,False,False,False,False,True
14,95075,76561198274174345,zig,76561199433997570,Simple Dimple skins.army,awp,chest,114,0,0,0,False,False,False,False,True
14,95627,76561199433997570,Simple Dimple skins.army,76561199256543526,Wybaczam.oficjalnie skins.army,galilar,stomach,12,0,86,0,False,False,False,False,True
14,97535,76561199433997570,Simple Dimple skins.army,76561198002613044,frees.tyler,hkp2000,chest,30,0,56,0,False,False,False,False,True
14,97553,76561199433997570,Simple Dimple skins.army,76561198002613044,frees.tyler,hkp2000,chest,30,0,25,0,False,False,False,False,True
14,97569,76561199433997570,Simple Dimple skins.army,76561198002613044,frees.tyler,hkp2000,chest,30,0,0,0,False,False,False,False,True
14,97763,76561199068251294,prosto bo$$,76561198002613044,frees.tyler,hkp2000,chest,16,7,0,70,False,False,False,False,True
14,97940,76561198002613044,frees.tyler,,,,generic,158,0,0,0,False,False,False,False,True
14,97940,76561199557907229,shawty#)$@,,,,generic,31,31,41,56,False,False,False,False,True
15,100253,76561199557907229,shawty#)$@,76561198002613044,frees.tyler,hegrenade,generic,3,2,97,54,False,False,False,True,True
15,100253,76561199826895670,RME | Пацан,76561198002613044,frees.tyler,hegrenade,generic,2,1,98,99,False,False,False,True,True
15,100253,76561199068251294,prosto bo$$,76561198002613044,frees.tyler,hegrenade,generic,1,1,99,99,False,False,False,True,True
15,101000,76561199256543526,Wybaczam.oficjalnie skins.army,76561198002613044,frees.tyler,famas,chest,20,4,80,96,False,False,False,False,True
15,101006,76561199256543526,Wybaczam.oficjalnie skins.army,76561198002613044,frees.tyler,famas,chest,20,4,60,92,False,False,False,False,True
15,101018,76561199256543526,Wybaczam.oficjalnie skins.army,76561198002613044,frees.tyler,famas,chest,20,4,39,88,False,False,False,False,True
15,101023,76561199256543526,Wybaczam.oficjalnie skins.army,76561198002613044,frees.tyler,famas,left_arm,20,4,19,84,False,False,False,False,True
15,101029,76561199256543526,Wybaczam.oficjalnie skins.army,76561198002613044,frees.tyler,famas,chest,20,4,0,80,False,False,False,False,True
15,101603,76561199068251294,prosto bo$$,76561198274174345,zig,m4a1,chest,23,5,75,94,False,False,False,False,True
15,101610,76561198274174345,zig,76561199068251294,prosto bo$$,ak47,chest,26,3,74,97,False,False,False,False,True
15,101617,76561198274174345,zig,76561199068251294,prosto bo$$,ak47,chest,26,3,47,94,False,False,False,False,True
15,101622,76561199068251294,prosto bo$$,76561198274174345,zig,m4a1,stomach,29,6,45,88,False,False,False,False,True
15,101630,76561198274174345,zig,76561199068251294,prosto bo$$,ak47,chest,26,3,20,91,False,False,False,False,True
15,101636,76561198274174345,zig,76561199068251294,prosto bo$$,ak47,chest,26,3,0,88,False,False,False,False,True
15,102271,76561199068251294,prosto bo$$,76561199052717313,Worfy,mp9,right_arm,12,4,33,84,False,False,False,False,True
15,102311,76561199068251294,prosto bo$$,76561199052717313,Worfy,mp9,stomach,15,5,17,79,False,False,False,False,True
15,102315,76561199068251294,prosto bo$$,76561199052717313,Worfy,mp9,stomach,15,5,1,74,False,False,False,False,True
15,102317,76561199052717313,Worfy,76561199068251294,prosto bo$$,ak47,chest,34,0,66,0,False,False,False,False,True
15,102324,76561199068251294,prosto bo$$,76561199052717313,Worfy,mp9,head,50,16,0,58,False,False,False,False,True
15,102386,76561199052717313,Worfy,76561199557907229,shawty#)$@,m4a1,head,123,0,0,0,False,False,False,False,True
15,102688,76561199557907229,shawty#)$@,76561198171814417,Faat,mp7,head,71,0,26,54,False,False,False,False,True
15,102753,76561198171814417,Faat,76561199557907229,shawty#)$@,m4a1,chest,8,1,92,99,False,False,False,False,True
15,102811,76561198049602148,Moon,76561199557907229,shawty#)$@,m4a1,neck,23,4,77,96,False,False,False,False,True
15,102848,76561198049602148,Moon,76561199433997570,Simple Dimple skins.army,ak47,stomach,33,4,43,92,False,False,False,False,True
15,102854,76561198049602148,Moon,76561199433997570,Simple Dimple skins.army,ak47,stomach,33,4,9,88,False,False,False,False,True
15,102861,76561198049602148,Moon,76561199433997570,Simple Dimple skins.army,ak47,chest,27,3,0,85,False,False,False,False,True
15,102964,76561199557907229,shawty#)$@,76561198002613044,frees.tyler,famas,stomach,17,3,9,51,False,False,False,False,True
15,102975,76561198002613044,frees.tyler,76561199433997570,Simple Dimple skins.army,ak47,chest,26,3,74,97,False,False,False,False,True
15,102995,76561198002613044,frees.tyler,76561199433997570,Simple Dimple skins.army,ak47,chest,26,3,47,94,False,False,False,False,True
15,103000,76561199433997570,Simple Dimple skins.army,76561198002613044,frees.tyler,famas,right_arm,19,4,81,96,False,False,False,False,True
15,103032,76561199433997570,Simple Dimple skins.army,76561198002613044,frees.tyler,famas,chest,3,0,77,96,False,False,False,False,True
15,103033,76561198002613044,frees.tyler,76561199433997570,Simple Dimple skins.army,ak47,chest,26,3,20,91,False,False,False,False,True
15,103300,76561199433997570,Simple Dimple skins.army,76561198171814417,Faat,mp7,right_arm,11,3,66,93,False,False,False,False,True
15,103318,76561199433997570,Simple Dimple skins.army,76561198171814417,Faat,mp7,right_arm,11,3,55,90,False,False,False,False,True
15,103323,76561199433997570,Simple Dimple skins.army,76561198171814417,Faat,mp7,chest,11,3,44,87,False,False,False,False,True
15,103674,76561199433997570,Simple Dimple skins.army,76561198171814417,Faat,mp7,chest,11,3,33,84,False,False,False,False,True
15,103763,76561199826895670,RME | Пацан,76561198171814417,Faat,mp7,head,44,13,53,86,False,False,False,False,True
15,103768,76561198171814417,Faat,76561199826895670,RME | Пацан,awp,stomach,135,1,0,98,False,False,False,False,True
15,103927,76561199433997570,Simple Dimple skins.army,76561198002613044,frees.tyler,famas,chest,19,4,14,80,False,False,False,False,True
15,103936,76561199433997570,Simple Dimple skins.army,76561198002613044,frees.tyler,famas,chest,19,4,0,76,False,False,False,False,True
15,104429,76561198002613044,frees.tyler,76561199826895670,RME | Пацан,awp,chest,110,1,0,90,False,False,False,False,True
16,106882,76561199826895670,RME | Пацан,76561198002613044,frees.tyler,inferno,generic,3,0,97,100,False,False,False,True,True
16,106894,76561199826895670,RME | Пацан,76561198002613044,frees.tyler,inferno,generic,4,0,93,100,False,False,False,True,True
16,106907,76561199826895670,RME | Пацан,76561198002613044,frees.tyler,inferno,generic,4,0,88,100,False,False,False,True,True
16,106920,76561199826895670,RME | Пацан,76561198002613044,frees.tyler,inferno,generic,5,0,82,100,False,False,False,True,True
16,106933,76561199826895670,RME | Пацан,76561198002613044,frees.tyler,inferno,generic,6,0,76,100,False,False,False,True,True
16,107256,76561199557907229,shawty#)$@,76561198002613044,frees.tyler,m4a1,left_arm,25,5,75,95,False,False,False,False,True
16,107263,76561199557907229,shawty#)$@,76561198002613044,frees.tyler,m4a1,chest,25,5,50,90,False,False,False,False,True
16,107264,76561198002613044,frees.tyler,76561199557907229,shawty#)$@,ak47,head,109,15,0,85,False,False,False,False,True
16,107357,76561199433997570,Simple Dimple skins.army,76561198049602148,Moon,hegrenade,generic,14,9,86,91,False,False,False,True,True
16,107852,76561199052717313,Worfy,,,,generic,3,0,97,0,False,False,False,False,True
16,108005,76561198049602148,Moon,76561199433997570,Simple Dimple skins.army,ak47,chest,27,4,73,96,False,False,False,False,True
16,108011,76561198049602148,Moon,76561199433997570,Simple Dimple skins.army,ak47,chest,27,4,45,92,False,False,False,False,True
16,108031,76561198049602148,Moon,76561199433997570,Simple Dimple skins.army,ak47,chest,27,4,17,88,False,False,False,False,True
16,108037,76561198049602148,Moon,76561199433997570,Simple Dimple skins.army,ak47,chest,27,4,0,84,False,False,False,False,True
16,108319,76561199557907229,shawty#)$@,76561199052717313,Worfy,mp9,chest,13,4,36,86,False,False,False,False,True
16,108324,76561199557907229,shawty#)$@,76561199052717313,Worfy,mp9,right_arm,13,4,23,82,False,False,False,False,True
16,108334,76561199052717313,Worfy,76561199557907229,shawty#)$@,ak47,head,141,0,0,0,False,False,False,False,True
16,109707,76561199256543526,Wybaczam.oficjalnie skins.army,76561199433997570,Simple Dimple skins.army,ak47,right_arm,8,1,92,99,False,False,False,False,True
16,109737,76561199256543526,Wybaczam.oficjalnie skins.army,76561199433997570,Simple Dimple skins.army,ak47,chest,8,1,83,98,False,False,False,False,True
16,109929,76561199256543526,Wybaczam.oficjalnie skins.army,76561199433997570,Simple Dimple skins.army,ak47,head,34,5,48,93,False,False,False,False,True
16,110581,76561198274174345,zig,,,,generic,5,0,95,100,False,False,False,False,True
16,110607,76561199256543526,Wybaczam.oficjalnie skins.army,76561198274174345,zig,mp7,chest,16,4,32,89,False,False,False,False,True
16,110617,76561199256543526,Wybaczam.oficjalnie skins.army,76561198274174345,zig,mp7,chest,16,4,15,85,False,False,False,False,True
16,110622,76561199256543526,Wybaczam.oficjalnie skins.army,76561198274174345,zig,mp7,chest,16,4,0,81,False,False,False,False,True
16,110802,76561199557907229,shawty#)$@,76561198171814417,Faat,m4a1,chest,25,5,0,77,False,False,False,False,True
16,110888,76561199068251294,prosto bo$$,76561198171814417,Faat,m4a1,chest,25,5,75,95,False,False,False,False,True
16,110894,76561199068251294,prosto bo$$,76561198171814417,Faat,m4a1,stomach,31,6,44,89,False,False,False,False,True
16,110901,76561199068251294,prosto bo$$,76561198171814417,Faat,m4a1,stomach,31,6,12,83,False,False,False,False,True
16,110907,76561199068251294,prosto bo$$,76561198171814417,Faat,m4a1,stomach,31,6,0,77,False,False,False,False,True
16,110942,76561198171814417,Faat,76561199826895670,RME | Пацан,glock,stomach,15,8,85,92,False,False,False,False,True
16,110962,76561198171814417,Faat,76561199826895670,RME | Пацан,glock,stomach,15,8,69,84,False,False,False,False,True
16,110974,76561198171814417,Faat,76561199433997570,Simple Dimple skins.army,ak47,right_arm,27,3,42,81,False,False,False,False,True
16,110980,76561198171814417,Faat,76561199433997570,Simple Dimple skins.army,ak47,chest,27,3,14,78,False,False,False,False,True
16,110981,76561198171814417,Faat,76561199826895670,RME | Пацан,glock,stomach,15,8,0,70,False,False,False,False,True
16,111203,76561198274174345,zig,,,,generic,12,12,82,88,False,False,False,False,True
16,111216,76561199433997570,Simple Dimple skins.army,76561199826895670,RME | Пацан,glock,stomach,5,2,81,89,False,False,False,False,True
16,111636,76561199826895670,RME | Пацан,76561199433997570,Simple Dimple skins.army,glock,stomach,5,2,71,98,False,False,False,False,True
17,113937,76561199068251294,prosto bo$$,76561198002613044,frees.tyler,mp9,chest,13,4,87,96,False,False,False,False,True
17,113946,76561199068251294,prosto bo$$,76561198002613044,frees.tyler,mp9,chest,13,4,73,92,False,False,False,False,True
17,113950,76561199068251294,prosto bo$$,76561198002613044,frees.tyler,mp9,head,55,18,17,74,False,False,False,False,True
17,113953,76561198002613044,frees.tyler,76561199068251294,prosto bo$$,ak47,right_arm,27,3,73,97,False,False,False,False,True
17,113972,76561198002613044,frees.tyler,76561199068251294,prosto bo$$,ak47,chest,13,2,59,95,False,False,False,False,True
17,113977,76561199068251294,prosto bo$$,76561198002613044,frees.tyler,mp9,head,55,18,0,56,False,False,False,False,True
17,114145,76561199557907229,shawty#)$@,76561198274174345,zig,ak47,head,107,15,0,85,False,False,False,False,True
17,114184,76561198274174345,zig,76561199433997570,Simple Dimple skins.army,hegrenade,generic,17,11,83,89,False,False,False,True,True
17,114208,76561199256543526,Wybaczam.oficjalnie skins.army,76561198002613044,frees.tyler,hegrenade,generic,87,0,13,0,False,False,False,True,True
17,114275,76561198171814417,Faat,76561199826895670,RME | Пацан,awp,chest,109,1,0,99,False,False,False,False,True
17,114771,76561198002613044,frees.tyler,76561199256543526,Wybaczam.oficjalnie skins.army,awp,stomach,136,1,0,94,False,False,False,False,True
17,114896,76561198049602148,Moon,76561199433997570,Simple Dimple skins.army,ak47,chest,27,3,73,97,False,False,False,False,True
17,114900,76561199433997570,Simple Dimple skins.army,76561198049602148,Moon,famas,right_arm,20,4,80,85,False,False,False,False,True
17,114903,76561198049602148,Moon,76561199433997570,Simple Dimple skins.army,ak47,chest,27,3,46,94,False,False,False,False,True
17,114909,76561198049602148,Moon,76561199433997570,Simple Dimple skins.army,ak47,chest,27,3,18,91,False,False,False,False,True
17,114925,76561198049602148,Moon,76561199433997570,Simple Dimple skins.army,ak47,right_arm,27,3,0,88,False,False,False,False,True
17,115609,76561199826895670,RME | Пацан,76561198274174345,zig,ak47,chest,27,4,73,94,False,False,False,False,True
17,115622,76561199433997570,Simple Dimple skins.army,76561198274174345,zig,ak47,stomach,34,5,46,80,False,False,False,False,True
17,115628,76561199433997570,Simple Dimple skins.army,76561198274174345,zig,ak47,chest,27,4,18,76,False,False,False,False,True
17,115635,76561199826895670,RME | Пацан,76561198274174345,zig,ak47,chest,27,4,45,90,False,False,False,False,True
17,115641,76561199826895670,RME | Пацан,76561198274174345,zig,ak47,chest,27,4,17,86,False,False,False,False,True
17,115648,76561199826895670,RME | Пацан,76561198274174345,zig,ak47,chest,27,4,0,82,False,False,False,False,True
17,115648,76561199433997570,Simple Dimple skins.army,76561198274174345,zig,ak47,left_arm,7,1,10,75,False,False,False,False,True
17,115648,76561198274174345,zig,76561199433997570,Simple Dimple skins.army,ak47,chest,27,4,55,85,False,False,False,False,True
17,115655,76561198274174345,zig,76561199433997570,Simple Dimple skins.army,ak47,right_arm,27,4,27,81,False,False,False,False,True
17,115660,76561199433997570,Simple Dimple skins.army,76561198274174345,zig,ak47,right_arm,27,4,0,71,False,False,False,False,True
17,116070,76561199256543526,Wybaczam.oficjalnie skins.army,76561199052717313,Worfy,m4a1,chest,35,0,0,0,False,False,False,False,True
18,118166,76561199433997570,Simple Dimple skins.army,,,,generic,2,0,98,100,False,False,False,False,True
18,118427,76561199826895670,RME | Пацан,76561198002613044,frees.tyler,inferno,generic,1,0,99,100,False,False,False,True,True
18,118427,76561199433997570,Simple Dimple skins.army,76561198002613044,frees.tyler,inferno,generic,1,0,97,100,False,False,False,True,True
18,118440,76561199826895670,RME | Пацан,76561198002613044,frees.tyler,inferno,generic,2,0,96,100,False,False,False,True,True
18,118440,76561199433997570,Simple Dimple skins.army,76561198002613044,frees.tyler,inferno,generic,2,0,94,100,False,False,False,True,True
18,118453,76561199826895670,RME | Пацан,76561198002613044,frees.tyler,inferno,generic,3,0,93,100,False,False,False,True,True
18,118465,76561199826895670,RME | Пацан,76561198002613044,frees.tyler,inferno,generic,4,0,89,100,False,False,False,True,True
18,118468,76561199557907229,shawty#)$@,76561199052717313,Worfy,inferno,generic,2,0,98,100,False,False,False,True,True
18,118478,76561199826895670,RME | Пацан,76561198002613044,frees.tyler,inferno,generic,4,0,84,100,False,False,False,True,True
18,118487,76561199557907229,shawty#)$@,76561198049602148,Moon,mp7,chest,16,4,82,96,False,False,False,False,True
18,118492,76561199068251294,prosto bo$$,76561198049602148,Moon,mp7,chest,15,4,85,96,False,False,False,False,True
18,118497,76561199068251294,prosto bo$$,76561198049602148,Moon,mp7,left_arm,15,4,70,92,False,False,False,False,True
18,118508,76561199068251294,prosto bo$$,76561198049602148,Moon,mp7,left_arm,15,4,54,88,False,False,False,False,True
18,118817,76561199068251294,prosto bo$$,76561198049602148,Moon,hegrenade,generic,20,13,34,75,False,False,False,True,True
18,118817,76561199557907229,shawty#)$@,76561198049602148,Moon,hegrenade,generic,1,1,80,95,False,False,False,True,True
18,119203,76561199433997570,Simple Dimple skins.army,76561198274174345,zig,ak47,left_arm,26,3,68,97,False,False,False,False,True
18,119260,76561198274174345,zig,76561199433997570,Simple Dimple skins.army,ak47,head,106,15,0,85,False,False,False,False,True
18,119260,76561199557907229,shawty#)$@,76561198002613044,frees.tyler,hegrenade,generic,31,20,49,75,False,False,False,True,True
18,119260,76561199433997570,Simple Dimple skins.army,76561198002613044,frees.tyler,hegrenade,generic,1,1,66,96,False,False,False,True,True
18,119324,76561198002613044,frees.tyler,76561199433997570,Simple Dimple skins.army,ak47,head,108,15,0,85,False,False,False,False,True
18,119824,76561199557907229,shawty#)$@,76561199052717313,Worfy,m4a1,head,81,17,0,58,False,False,False,False,True
18,119891,76561199068251294,prosto bo$$,76561199052717313,Worfy,m4a1,head,76,16,0,59,False,False,False,False,True
18,120091,76561199433997570,Simple Dimple skins.army,76561198171814417,Faat,inferno,generic,8,0,58,96,False,False,False,True,True
18,120599,76561198171814417,Faat,76561199433997570,Simple Dimple skins.army,ak47,stomach,33,4,67,96,False,False,False,False,True
18,120626,76561198171814417,Faat,76561199433997570,Simple Dimple skins.army,ak47,stomach,33,4,33,92,False,False,False,False,True
18,120633,76561198171814417,Faat,76561199433997570,Simple Dimple skins.army,ak47,stomach,33,4,0,88,False,False,False,False,True
18,122140,76561199826895670,RME | Пацан,76561198049602148,Moon,mp7,chest,16,5,67,95,False,False,False,False,True
18,122155,76561199826895670,RME | Пацан,76561198049602148,Moon,mp7,right_arm,16,4,51,91,False,False,False,False,True
18,122161,76561199826895670,RME | Пацан,76561198049602148,Moon,mp7,right_arm,16,4,34,87,False,False,False,False,True
18,122201,76561199826895670,RME | Пацан,76561198049602148,Moon,mp7,chest,16,4,18,83,False,False,False,False,True
18,122217,76561199826895670,RME | Пацан,76561198049602148,Moon,mp7,stomach,20,6,0,77,False,False,False,False,True
18,122723,76561199433997570,Simple Dimple skins.army,76561199052717313,Worfy,m4a1,stomach,29,6,28,90,False,False,False,False,True
18,122738,76561199433997570,Simple Dimple skins.army,76561199052717313,Worfy,m4a1,right_leg,25,0,3,90,False,False,False,False,True
18,122741,76561199052717313,Worfy,76561199433997570,Simple Dimple skins.army,ak47,head,138,0,0,100,False,False,False,False,True
18,122791,76561199433997570,Simple Dimple skins.army,76561198049602148,Moon,ak47,chest,26,3,0,87,False,False,False,False,True
18,123427,76561198049602148,Moon,76561199256543526,Wybaczam.oficjalnie skins.army,ak47,stomach,33,4,67,96,False,False,False,False,True
18,123434,76561199256543526,Wybaczam.oficjalnie skins.army,76561198049602148,Moon,ak47,chest,26,3,74,97,False,False,False,False,True
18,123434,76561198049602148,Moon,76561199256543526,Wybaczam.oficjalnie skins.army,ak47,chest,26,3,40,93,False,False,False,False,True
18,123440,76561198049602148,Moon,76561199256543526,Wybaczam.oficjalnie skins.army,ak47,right_arm,26,3,14,90,False,False,False,False,True
18,123446,76561198049602148,Moon,76561199256543526,Wybaczam.oficjalnie skins.army,ak47,stomach,33,4,0,86,False,False,False,False,True
19,125395,76561199433997570,Simple Dimple skins.army,76561199826895670,RME | Пацан,deagle,head,63,0,37,0,False,False,False,False,True
19,125462,76561199433997570,Simple Dimple skins.army,76561199557907229,shawty#)$@,nova,head,30,0,7,0,False,False,False,False,True
19,125462,76561199433997570,Simple Dimple skins.army,76561199557907229,shawty#)$@,nova,head,30,0,0,0,False,False,False,False,True
19,126574,76561199068251294,prosto bo$$,76561198049602148,Moon,m4a1,head,47,10,53,90,False,False,False,False,True
19,126574,76561198049602148,Moon,76561199068251294,prosto bo$$,awp,chest,111,1,0,99,False,False,False,False,True
19,126986,76561199256543526,Wybaczam.oficjalnie skins.army,76561198002613044,frees.tyler,mp9,chest,13,4,87,96,False,False,False,False,True
19,126990,76561199256543526,Wybaczam.oficjalnie skins.army,76561198002613044,frees.tyler,mp9,chest,13,4,73,92,False,False,False,False,True
19,126995,76561199256543526,Wybaczam.oficjalnie skins.army,76561198002613044,frees.tyler,mp9,head,55,18,18,74,False,False,False,False,True
19,126999,76561199256543526,Wybaczam.oficjalnie skins.army,76561198002613044,frees.tyler,mp9,chest,13,4,4,70,False,False,False,False,True
19,127004,76561199256543526,Wybaczam.oficjalnie skins.army,76561198002613044,frees.tyler,mp9,chest,13,4,0,66,False,False,False,False,True
19,127780,76561199826895670,RME | Пацан,76561199052717313,Worfy,m4a1,right_arm,22,4,78,96,False,False,False,False,True
19,127804,76561199826895670,RME | Пацан,76561199052717313,Worfy,m4a1,chest,22,4,56,92,False,False,False,False,True
19,127829,76561199826895670,RME | Пацан,76561199052717313,Worfy,m4a1,chest,22,4,34,88,False,False,False,False,True
19,127835,76561199826895670,RME | Пацан,76561199052717313,Worfy,m4a1,stomach,27,5,6,83,False,False,False,False,True
19,127871,76561199826895670,RME | Пацан,76561199052717313,Worfy,m4a1,stomach,27,5,0,78,False,False,False,False,True
19,128524,76561199068251294,prosto bo$$,76561198274174345,zig,m4a1,left_arm,23,5,29,85,False,False,False,False,True
19,128539,76561199068251294,prosto bo$$,76561198274174345,zig,m4a1,chest,23,5,5,80,False,False,False,False,True
19,128558,76561199068251294,prosto bo$$,76561198274174345,zig,m4a1,chest,12,2,0,78,False,False,False,False,True
20,131071,76561199256543526,Wybaczam.oficjalnie skins.army,76561198002613044,frees.tyler,inferno,generic,8,0,92,100,False,False,False,True,True
20,131083,76561199256543526,Wybaczam.oficjalnie skins.army,76561198002613044,frees.tyler,inferno,generic,8,0,84,100,False,False,False,True,True
20,131384,76561199256543526,Wybaczam.oficjalnie skins.army,76561198171814417,Faat,hegrenade,generic,25,17,59,83,False,False,False,True,True
20,131384,76561199068251294,prosto bo$$,76561198171814417,Faat,hegrenade,generic,16,11,84,89,False,False,False,True,True
20,131384,76561199826895670,RME | Пацан,76561198171814417,Faat,hegrenade,generic,15,10,85,90,False,False,False,True,True
20,131421,76561198171814417,Faat,76561199826895670,RME | Пацан,elite,chest,13,4,87,96,False,False,False,False,True
20,131434,76561199826895670,RME | Пацан,76561198171814417,Faat,awp,stomach,137,1,0,89,False,False,False,False,True
20,131739,76561198171814417,Faat,76561199256543526,Wybaczam.oficjalnie skins.army,galilar,stomach,28,4,59,92,False,False,False,False,True
20,131745,76561198171814417,Faat,76561199256543526,Wybaczam.oficjalnie skins.army,galilar,right_arm,22,3,36,89,False,False,False,False,True
20,131749,76561198171814417,Faat,76561199433997570,Simple Dimple skins.army,ak47,chest,27,3,9,86,False,False,False,False,True
20,131755,76561198171814417,Faat,76561199433997570,Simple Dimple skins.army,ak47,chest,27,3,0,83,False,False,False,False,True
20,131787,76561199068251294,prosto bo$$,76561199052717313,Worfy,m4a1,chest,24,5,59,84,False,False,False,False,True
20,131792,76561199052717313,Worfy,76561199068251294,prosto bo$$,p90,chest,14,3,86,97,False,False,False,False,True
20,131933,76561199052717313,Worfy,76561199068251294,prosto bo$$,p90,head,84,0,2,97,False,False,False,False,True
20,131938,76561199052717313,Worfy,76561199068251294,prosto bo$$,p90,right_arm,14,3,0,94,False,False,False,False,True
20,132026,76561199256543526,Wybaczam.oficjalnie skins.army,76561198274174345,zig,hegrenade,generic,7,4,51,79,False,False,False,True,True
20,132026,76561199068251294,prosto bo$$,76561198274174345,zig,hegrenade,generic,4,2,55,82,False,False,False,True,True
20,132026,76561199433997570,Simple Dimple skins.army,76561198274174345,zig,hegrenade,generic,4,2,96,98,False,False,False,True,True
20,132286,76561199256543526,Wybaczam.oficjalnie skins.army,76561198002613044,frees.tyler,m4a1,stomach,31,6,20,73,False,False,False,False,True
20,132292,76561199256543526,Wybaczam.oficjalnie skins.army,76561198002613044,frees.tyler,m4a1,stomach,31,6,0,67,False,False,False,False,True
20,132513,76561199433997570,Simple Dimple skins.army,76561198002613044,frees.tyler,hegrenade,generic,48,32,48,66,False,False,False,True,True
20,132522,76561198002613044,frees.tyler,76561199433997570,Simple Dimple skins.army,ak47,right_arm,27,4,73,96,False,False,False,False,True
20,132528,76561199433997570,Simple Dimple skins.army,76561198002613044,frees.tyler,m4a1,head,89,19,0,47,False,False,False,False,True
20,132689,76561198274174345,zig,76561199068251294,prosto bo$$,p90,chest,14,3,86,97,False,False,False,False,True
20,132693,76561198274174345,zig,76561199068251294,prosto bo$$,p90,head,58,13,28,84,False,False,False,False,True
20,132711,76561198274174345,zig,76561199068251294,prosto bo$$,p90,chest,14,3,13,81,False,False,False,False,True
20,132716,76561198274174345,zig,76561199068251294,prosto bo$$,p90,stomach,18,4,0,77,False,False,False,False,True
20,132730,76561199068251294,prosto bo$$,76561198002613044,frees.tyler,m4a1,chest,12,2,43,80,False,False,False,False,True
20,132737,76561199068251294,prosto bo$$,76561198002613044,frees.tyler,m4a1,head,85,18,0,62,False,False,False,False,True
21,135726,76561199433997570,Simple Dimple skins.army,76561198002613044,frees.tyler,hegrenade,generic,14,9,86,91,False,False,False,True,True
21,135833,76561199068251294,prosto bo$$,76561198002613044,frees.tyler,m4a1,right_arm,25,5,75,95,False,False,False,False,True
21,135839,76561199068251294,prosto bo$$,76561198002613044,frees.tyler,m4a1,chest,25,5,50,90,False,False,False,False,True
21,135846,76561199068251294,prosto bo$$,76561198002613044,frees.tyler,m4a1,stomach,31,6,19,84,False,False,False,False,True
21,135851,76561199068251294,prosto bo$$,76561198171814417,Faat,m4a1,stomach,27,5,0,79,False,False,False,False,True
21,135994,76561199433997570,Simple Dimple skins.army,76561198171814417,Faat,m4a1,right_arm,22,4,63,87,False,False,False,False,True
21,136010,76561198171814417,Faat,76561199433997570,Simple Dimple skins.army,ak47,chest,27,3,73,97,False,False,False,False,True
21,136011,76561199826895670,RME | Пацан,76561198171814417,Faat,m4a1,head,125,0,0,100,False,False,False,False,True
21,136017,76561199433997570,Simple Dimple skins.army,76561198171814417,Faat,m4a1,stomach,27,5,35,82,False,False,False,False,True
21,136017,76561198171814417,Faat,76561199433997570,Simple Dimple skins.army,ak47,chest,27,3,46,94,False,False,False,False,True
21,136023,76561199433997570,Simple Dimple skins.army,76561198171814417,Faat,m4a1,chest,22,4,13,78,False,False,False,False,True
21,136029,76561199433997570,Simple Dimple skins.army,76561198171814417,Faat,m4a1,chest,22,4,0,74,False,False,False,False,True
21,136129,76561198274174345,zig,76561199256543526,Wybaczam.oficjalnie skins.army,galilar,chest,22,3,78,97,False,False,False,False,True
21,136132,76561199256543526,Wybaczam.oficjalnie skins.army,76561198274174345,zig,ak47,head,141,0,0,100,False,False,False,False,True
22,138502,76561199256543526,Wybaczam.oficjalnie skins.army,76561198002613044,frees.tyler,inferno,generic,1,0,99,100,False,False,False,True,True
22,138515,76561199256543526,Wybaczam.oficjalnie skins.army,76561198002613044,frees.tyler,inferno,generic,2,0,96,100,False,False,False,True,True
22,138528,76561199256543526,Wybaczam.oficjalnie skins.army,76561198002613044,frees.tyler,inferno,generic,3,0,93,100,False,False,False,True,True
22,138540,76561199256543526,Wybaczam.oficjalnie skins.army,76561198002613044,frees.tyler,inferno,generic,4,0,89,100,False,False,False,True,True
22,138553,76561199256543526,Wybaczam.oficjalnie skins.army,76561198002613044,frees.tyler,inferno,generic,4,0,84,100,False,False,False,True,True
22,138566,76561199256543526,Wybaczam.oficjalnie skins.army,76561198002613044,frees.tyler,inferno,generic,5,0,78,100,False,False,False,True,True
22,138579,76561199256543526,Wybaczam.oficjalnie skins.army,76561198002613044,frees.tyler,inferno,generic,6,0,72,100,False,False,False,True,True
22,138592,76561199256543526,Wybaczam.oficjalnie skins.army,76561198002613044,frees.tyler,inferno,generic,7,0,65,100,False,False,False,True,True
22,138604,76561199256543526,Wybaczam.oficjalnie skins.army,76561198002613044,frees.tyler,inferno,generic,8,0,57,100,False,False,False,True,True
22,138617,76561199256543526,Wybaczam.oficjalnie skins.army,76561198002613044,frees.tyler,inferno,generic,8,0,49,100,False,False,False,True,True
22,139348,76561198049602148,Moon,76561199256543526,Wybaczam.oficjalnie skins.army,ak47,chest,26,3,74,97,False,False,False,False,True
22,139367,76561198049602148,Moon,76561199256543526,Wybaczam.oficjalnie skins.army,ak47,head,107,15,0,82,False,False,False,False,True
22,139439,76561199256543526,Wybaczam.oficjalnie skins.army,76561198049602148,Moon,hegrenade,generic,4,2,44,98,False,False,False,True,True
22,139476,76561198274174345,zig,76561199433997570,Simple Dimple skins.army,hegrenade,generic,40,26,60,71,False,False,False,True,True
22,139502,76561198002613044,frees.tyler,76561199433997570,Simple Dimple skins.army,mp7,chest,16,4,84,92,False,False,False,False,True
22,139507,76561198002613044,frees.tyler,76561199433997570,Simple Dimple skins.army,mp7,left_arm,16,4,68,88,False,False,False,False,True
22,139527,76561198002613044,frees.tyler,76561199433997570,Simple Dimple skins.army,mp7,stomach,20,6,48,82,False,False,False,False,True
22,139532,76561198002613044,frees.tyler,76561199433997570,Simple Dimple skins.army,mp7,stomach,20,6,28,76,False,False,False,False,True
22,139537,76561198002613044,frees.tyler,76561199433997570,Simple Dimple skins.army,mp7,stomach,20,6,7,70,False,False,False,False,True
22,139543,76561198002613044,frees.tyler,76561199433997570,Simple Dimple skins.army,mp7,chest,16,4,0,66,False,False,False,False,True
22,139848,76561199433997570,Simple Dimple skins.army,76561198274174345,zig,hegrenade,generic,9,6,91,94,False,False,False,True,True
22,139848,76561199256543526,Wybaczam.oficjalnie skins.army,76561198274174345,zig,hegrenade,generic,5,3,39,95,False,False,False,True,True
22,140003,76561199256543526,Wybaczam.oficjalnie skins.army,76561198274174345,zig,inferno,generic,1,0,37,95,False,False,False,True,True
22,140016,76561199256543526,Wybaczam.oficjalnie skins.army,76561198274174345,zig,inferno,generic,2,0,34,95,False,False,False,True,True
22,140029,76561199256543526,Wybaczam.oficjalnie skins.army,76561198274174345,zig,inferno,generic,3,0,31,95,False,False,False,True,True
22,140041,76561199256543526,Wybaczam.oficjalnie skins.army,76561198274174345,zig,inferno,generic,4,0,27,95,False,False,False,True,True
22,140054,76561199256543526,Wybaczam.oficjalnie skins.army,76561198274174345,zig,inferno,generic,4,0,22,95,False,False,False,True,True
22,140212,76561198274174345,zig,76561199433997570,Simple Dimple skins.army,mp7,stomach,21,6,38,65,False,False,False,False,True
22,140217,76561198274174345,zig,76561199433997570,Simple Dimple skins.army,mp7,chest,17,5,21,60,False,False,False,False,True
22,140222,76561198274174345,zig,76561199433997570,Simple Dimple skins.army,mp7,chest,17,5,4,55,False,False,False,False,True
22,140225,76561199433997570,Simple Dimple skins.army,76561198274174345,zig,ak47,head,110,16,0,78,False,False,False,False,True
22,140820,76561199256543526,Wybaczam.oficjalnie skins.army,76561198274174345,zig,ak47,right_arm,26,3,0,92,False,False,False,False,True
22,141022,76561198274174345,zig,76561199826895670,RME | Пацан,ssg08,head,285,25,0,30,False,False,False,False,True
22,141085,76561199068251294,prosto bo$$,76561199052717313,Worfy,hegrenade,generic,1,0,99,100,False,False,False,True,True
22,141598,76561199068251294,prosto bo$$,76561199052717313,Worfy,m4a1,stomach,30,6,69,94,False,False,False,False,True
22,141625,76561199068251294,prosto bo$$,76561199052717313,Worfy,m4a1,right_arm,24,5,45,89,False,False,False,False,True
22,141647,76561199068251294,prosto bo$$,76561199052717313,Worfy,m4a1,stomach,30,6,15,83,False,False,False,False,True
22,141672,76561199052717313,Worfy,76561199068251294,prosto bo$$,ssg08,stomach,90,7,10,93,False,False,False,False,True
22,142138,76561199052717313,Worfy,76561199826895670,RME | Пацан,glock,stomach,9,5,1,88,False,False,False,False,True
22,142148,76561199052717313,Worfy,76561199826895670,RME | Пацан,glock,stomach,9,5,0,83,False,False,False,False,True
22,143578,76561198171814417,Faat,76561199826895670,RME | Пацан,m4a1,chest,24,5,76,89,False,False,False,False,True
22,143590,76561199068251294,prosto bo$$,76561198171814417,Faat,m4a1,chest,21,4,0,79,False,False,False,False,True
22,143598,76561198171814417,Faat,76561199826895670,RME | Пацан,m4a1,chest,24,5,51,84,False,False,False,False,True
22,143604,76561198171814417,Faat,76561199826895670,RME | Пацан,m4a1,stomach,30,6,20,78,False,False,False,False,True
22,143623,76561198171814417,Faat,76561199826895670,RME | Пацан,m4a1,head,85,18,0,60,False,False,False,False,True
